Unnamed: 0,name,company,year,Price,kms_driven,fuel_type
0,Swift Dzire VDI,Maruti,2014,450000,145500,Diesel
1,Rapid 1.5 TDI Ambition,Skoda,2014,370000,120000,Diesel
2,City 2017-2020 EXi,Honda,2006,158000,140000,Petrol
3,i20 Sportz Diesel,Hyundai,2010,225000,127000,Diesel
4,Swift VXI BSIII,Maruti,2007,130000,120000,Petrol
5,Xcent 1.2 VTVT E Plus,Hyundai,2017,440000,45000,Petrol
6,Wagon R LXI DUO BSIII,Maruti,2007,96000,175000,LPG
7,800 DX BSII,Maruti,2001,45000,5000,Petrol
8,Etios VXD,Toyota,2011,350000,90000,Diesel
9,Figo Diesel Celebration Edition,Ford,2013,200000,169000,Diesel
10,Duster 110PS Diesel RxL,Renault,2014,500000,68000,Diesel
11,Zen LX,Maruti,2005,92000,100000,Petrol
12,Swift Dzire VDi,Maruti,2009,280000,140000,Diesel
13,Swift 1.3 VXi,Maruti,2007,200000,80000,Petrol
14,Wagon R LXI Minor,Maruti,2009,180000,90000,Petrol
15,KUV 100 mFALCON G80 K8 5str,Mahindra,2016,400000,40000,Petrol
16,Ertiga SHVS VDI,Maruti,2016,778000,70000,Diesel
17,i20 1.4 CRDi Asta,Hyundai,2012,500000,53000,Diesel
18,Alto LX,Maruti,2002,150000,80000,Petrol
19,i20 2015-2017 Asta 1.4 CRDi,Hyundai,2016,680000,100000,Diesel
20,Verito 1.5 D4 BSIII,Mahindra,2011,174000,100000,Diesel
21,WR-V i-DTEC VX,Honda,2017,950000,50000,Diesel
22,Swift Dzire ZDI,Maruti,2015,525000,40000,Diesel
23,SX4 ZDI,Maruti,2012,600000,72000,Diesel
24,Tigor 2017-2020 XZ,Tata,2018,500000,35000,Petrol
25,Baleno Delta 1.2,Maruti,2016,575000,45000,Petrol
26,Alto 800 LXI,Maruti,2017,275000,28000,Petrol
27,Enjoy TCDi LTZ 7 Seater,Chevrolet,2013,300000,70000,Diesel
28,Wagon R LXI Minor,Maruti,2009,220000,120000,Petrol
29,Omni E MPI STD BS IV,Maruti,2018,254999,25000,Petrol
30,Vitara Brezza LDi Option,Maruti,2017,670000,70000,Diesel
31,Palio 1.2 ELX,Fiat,2003,70000,50000,Petrol
32,Omni 8 Seater BSIV,Maruti,2012,150000,35000,Petrol
33,i20 1.2 Asta Dual Tone,Hyundai,2018,730000,2388,Petrol
34,Vitara Brezza LDi,Maruti,2017,650000,16200,Diesel
35,Alto 800 CNG LXI Optional,Maruti,2019,330000,10000,CNG
36,Alto K10 VXI Airbag,Maruti,2019,366000,15000,Petrol
37,Verna VTVT 1.6 SX Option,Hyundai,2019,1149000,5000,Petrol
38,GO D,Datsun,2016,150000,42000,Petrol
39,Safari DICOR 2.2 LX 4x2,Tata,2011,425000,60000,Diesel
40,800 Std,Maruti,2012,150000,76000,Petrol
41,Compass 1.4 Limited Plus BSIV,Jeep,2019,2100000,5000,Petrol
42,City i VTEC VX,Honda,2018,925000,28900,Petrol
43,City V MT,Honda,2013,425000,86300,Petrol
44,Swift Dzire VXi AT,Maruti,2018,675000,23300,Petrol
45,Vitara Brezza VDi,Maruti,2018,819999,32600,Diesel
46,Alto K10 VXI,Maruti,2018,390000,10300,Petrol
47,Fortuner 4x4 MT,Toyota,2014,1500000,77000,Diesel
48,Innova 2.5 G (Diesel) 7 Seater BS IV,Toyota,2013,700000,99000,Diesel
49,B Class B180,Mercedes-Benz,2014,1450000,27800,Diesel
50,Amaze S Diesel,Honda,2015,425000,49800,Diesel
51,Pajero Sport 4X4,Mitsubishi,2013,1090000,151000,Diesel
52,City i DTEC S,Honda,2015,600000,54700,Diesel
53,Ciaz Zeta,Maruti,2018,850000,64000,Petrol
54,Jazz VX Diesel,Honda,2015,525000,63000,Diesel
55,Innova Crysta 2.8 ZX AT BSIV,Toyota,2016,1650000,127700,Diesel
56,Innova 2.5 G (Diesel) 7 Seater,Toyota,2016,950000,99000,Diesel
57,A6 2.0 TDI Technology,Audi,2013,1750000,33900,Diesel
58,Corolla Altis 1.8 VL CVT,Toyota,2018,1590000,25000,Petrol
59,A6 2.0 TDI  Design Edition,Audi,2013,1689999,50000,Diesel
60,New C-Class 220 CDI AT,Mercedes-Benz,2013,1425000,59000,Diesel
61,Manza ELAN Quadrajet BS IV,Tata,2011,265000,120000,Diesel
62,i10 Magna,Hyundai,2011,190000,110000,Petrol
63,i20 Asta 1.4 CRDi,Hyundai,2013,425000,60000,Diesel
64,Swift Dzire ZDI,Maruti,2015,630000,147000,Diesel
65,Figo 1.2P Titanium MT,Ford,2017,600000,25000,Petrol
66,Baleno Delta 1.2,Maruti,2019,650000,30000,Petrol
67,Ameo 1.5 TDI Highline 16 Alloy,Volkswagen,2016,540000,40000,Diesel
68,City i DTEC VX,Honda,2015,630000,135000,Diesel
69,Wagon R AMT VXI,Maruti,2018,448000,30000,Petrol
70,Ameo 1.5 TDI Comfortline,Volkswagen,2017,500000,80000,Diesel
71,Vitara Brezza VDi,Maruti,2016,745000,70000,Diesel
72,Vitara Brezza ZDi Plus AMT,Maruti,2019,1025000,9850,Diesel
73,i10 Magna,Hyundai,2011,235000,60000,Petrol
74,Swift VDI Deca,Maruti,2016,630000,70000,Diesel
75,Fortuner 4x4 MT,Toyota,2015,1700000,78000,Diesel
76,Swift Star VDI,Maruti,2013,450000,120000,Diesel
77,Ertiga ZXI,Maruti,2012,450000,120000,Petrol
78,Indica DLS,Tata,2003,50000,70000,Diesel
79,Vento Diesel Highline,Volkswagen,2013,450000,170000,Diesel
80,Innova 2.5 VX (Diesel) 8 Seater,Toyota,2016,1200000,140000,Diesel
81,EcoSport 1.5 TDCi Titanium Plus BSIV,Ford,2015,610000,90000,Diesel
82,X1 sDrive20i xLine,BMW,2016,2500000,30000,Petrol
83,Celerio ZXI MT BSIV,Maruti,2017,484999,10000,Petrol
84,GO A Petrol,Datsun,2016,275000,49000,Petrol
85,Alto 800 VXI BSIV,Maruti,2016,315000,32000,Petrol
86,Alto 800 LXI BSIV,Maruti,2016,275000,38000,Petrol
87,Swift VDI BSIV W ABS,Maruti,2015,475000,78000,Diesel
88,i10 Era 1.1,Hyundai,2012,290000,28000,Petrol
89,Omni 8 Seater BSIV,Maruti,2017,280000,32000,Petrol
90,Wagon R LXI LPG BSIV,Maruti,2010,225000,44000,LPG
91,Polo 1.2 MPI Comfortline,Volkswagen,2015,455000,42000,Petrol
92,i10 Magna 1.1L,Hyundai,2015,351000,45000,Petrol
93,Vento Petrol Highline,Volkswagen,2012,535000,12000,Petrol
94,Zen Estilo LXI BSIII,Maruti,2009,175000,55500,Petrol
95,i20 Asta Optional with Sunroof 1.2,Hyundai,2013,525000,61500,Petrol
96,Swift Dzire LDI,Maruti,2016,600000,150000,Diesel
97,Xcent 1.2 Kappa SX Option AT,Hyundai,2016,565000,72000,Petrol
98,Alto LX BSIII,Maruti,2008,120000,68000,Petrol
99,i20 1.4 Asta Option,Hyundai,2017,725000,110000,Diesel
100,Wagon R VXI,Maruti,2009,185000,77000,Petrol
101,Manza Aura (ABS) Quadrajet,Tata,2010,200000,100000,Diesel
102,Swift VXI,Maruti,2019,615000,10000,Petrol
103,Eeco 7 Seater Standard BSIV,Maruti,2016,270000,100000,Petrol
104,Baleno Zeta 1.2,Maruti,2018,610000,35000,Petrol
105,Scorpio VLX AT AIRBAG BSIV,Mahindra,2014,625000,70000,Diesel
106,Freestyle Titanium Petrol BSIV,Ford,2020,400000,5000,Petrol
107,Verna VTVT 1.6 SX,Hyundai,2017,866000,37800,Petrol
108,Passat 1.8 TSI MT,Volkswagen,2010,700000,114000,Petrol
109,Indica Vista Aura 1.2 Safire (ABS) BS IV,Tata,2010,300000,48000,Petrol
110,XUV500 W11 Option AWD,Mahindra,2019,1700000,32000,Diesel
111,Indigo CS LS (TDI) BS-III,Tata,2016,375000,100000,Diesel
112,Verna 1.6 SX,Hyundai,2013,522000,150000,Diesel
113,i20 Magna 1.4 CRDi (Diesel),Hyundai,2013,451999,69000,Diesel
114,Corolla Altis G,Toyota,2009,300000,100000,Petrol
115,Celerio VXI,Maruti,2020,475000,13000,Petrol
116,Vitara Brezza ZDi Plus Dual Tone,Maruti,2016,780000,60000,Diesel
117,Swift Dzire VXI,Maruti,2017,595000,40000,Petrol
118,Wagon R VXI BS IV,Maruti,2017,440000,35000,Petrol
119,Swift VDI BSIV,Maruti,2010,300000,120000,Diesel
120,Terrano XL 85 PS,Nissan,2014,400000,70000,Diesel
121,Creta 1.6 CRDi SX,Hyundai,2016,1140000,50000,Diesel
122,EcoSport 1.5 Diesel Titanium Plus BSIV,Ford,2017,850000,76139,Diesel
123,Swift Dzire VDi,Maruti,2012,370000,175000,Diesel
124,KWID 1.0,Renault,2018,350000,25000,Petrol
125,Celerio VXI,Maruti,2015,360000,40000,Petrol
126,Alto LXi,Maruti,2008,105000,65000,Petrol
127,Ertiga VDI,Maruti,2013,625000,90000,Diesel
128,Santro Xing GLS,Hyundai,2009,135000,80000,Petrol
129,Ertiga VDI,Maruti,2015,700000,110000,Diesel
130,Amaze S i-VTEC,Honda,2019,690000,1303,Petrol
131,Q5 35TDI Premium Plus,Audi,2018,3975000,31800,Diesel
132,ES 300h,Lexus,2019,5150000,20000,Petrol
133,XF 2.0 Diesel Portfolio,Jaguar,2017,3200000,45000,Diesel
134,Wrangler 2016-2019 3.6 4X4,Jeep,2017,4100000,17000,Petrol
135,Rover Discovery Sport TD4 SE,Land,2019,4500000,21000,Diesel
136,S-Class S 350 CDI,Mercedes-Benz,2017,6000000,37000,Diesel
137,5 Series 520d Sport Line,BMW,2018,3790000,29500,Diesel
138,X1 sDrive 20D xLine,BMW,2017,2150000,27000,Diesel
139,X4 M Sport X xDrive20d,BMW,2019,5800000,7500,Diesel
140,Superb LK 1.8 TSI AT,Skoda,2018,1864999,50000,Petrol
141,E-Class E250 Edition E,Mercedes-Benz,2016,2700000,35000,Diesel
142,Hector Sharp AT BSIV,MG,2019,1750000,19000,Petrol
143,City i-VTEC CVT VX,Honda,2017,795000,41000,Petrol
144,Corolla Altis 1.8 G CVT,Toyota,2013,625000,39000,Petrol
145,XC40 D4 R-Design,Volvo,2018,3400000,22000,Diesel
146,Q7 35 TDI Quattro Premium,Audi,2015,2650000,53000,Diesel
147,Ciaz ZDi,Maruti,2015,535000,40000,Diesel
148,S-Class S 350 CDI,Mercedes-Benz,2017,5850000,47000,Diesel
149,5 Series 523i,BMW,2010,975000,72200,Petrol
150,Elantra S,Hyundai,2016,805000,49900,Petrol
151,XE 2016-2019 2.0L Diesel Prestige,Jaguar,2017,2625000,9000,Diesel
152,Nexon 1.2 Revotron XZ Plus Dual Tone,Tata,2018,811000,11000,Petrol
153,Vento Petrol Highline,Volkswagen,2011,375000,49000,Petrol
154,Elantra SX,Hyundai,2012,550000,95000,Petrol
155,Rapid 1.6 MPI AT Elegance,Skoda,2016,645000,11000,Petrol
156,CLA 200 CGI Sport,Mercedes-Benz,2018,2550000,18000,Petrol
157,Ertiga ZXI,Maruti,2014,599000,46100,Petrol
158,New C-Class C 200 AVANTGARDE,Mercedes-Benz,2017,2700000,16000,Petrol
159,City V AT,Honda,2017,875000,18000,Petrol
160,Glanza V CVT,Toyota,2019,894999,9654,Petrol
161,Alto K10 VXI,Maruti,2011,175000,11000,Petrol
162,Swift VXI,Maruti,2012,340000,24300,Petrol
163,Innova Crysta 2.8 ZX AT BSIV,Toyota,2016,1525000,42163,Diesel
164,Nexon 1.5 Revotorq XZA Plus DualTone,Tata,2018,1025000,8000,Diesel
165,3 Series 320d Luxury Line,BMW,2016,2150000,30000,Diesel
166,Camry 2.5 Hybrid,Toyota,2016,1900000,41000,Petrol
167,5 Series 520d Luxury Line,BMW,2016,2900000,12000,Diesel
168,Camry W4 (AT),Toyota,2009,450000,71000,Petrol
169,Ertiga BSIV ZXI Plus,Maruti,2016,850000,20000,Petrol
170,XC90 T8 Excellence BSIV,Volvo,2017,10000000,30000,Petrol
171,Vento Diesel Highline,Volkswagen,2011,300000,100000,Diesel
172,Figo Aspire 1.2 Ti-VCT Trend,Ford,2018,575000,9500,Petrol
173,Figo Diesel LXI,Ford,2011,160000,120000,Diesel
174,Swift VXI Optional,Maruti,2015,515000,36600,Petrol
175,Wagon R AMT VXI,Maruti,2015,390000,50000,Petrol
176,i20 Magna 1.2,Hyundai,2016,550000,14000,Petrol
177,800 Std,Maruti,1999,40000,40000,Petrol
178,Ritz VDi,Maruti,2010,220000,120000,Diesel
179,Grand i10 Magna,Hyundai,2015,425000,70000,Petrol
180,Ameo 1.0 MPI Trendline,Volkswagen,2019,480000,13000,Petrol
181,Grand i10 Sportz,Hyundai,2014,400000,60000,Petrol
182,Swift Dzire VXI,Maruti,2014,487000,35000,Petrol
183,Xcent 1.2 Kappa S,Hyundai,2016,386000,44000,Petrol
184,City 1.5 EXI,Honda,2005,100000,120000,Petrol
185,Corolla Altis Diesel D4DG,Toyota,2010,300000,60000,Diesel
186,Matiz SD,Daewoo,2000,100000,60000,Petrol
187,Fortuner 4x2 Manual,Toyota,2014,1750000,30000,Diesel
188,KUV 100 mFALCON G80 K8,Mahindra,2016,450000,15000,Petrol
189,Zest Quadrajet 1.3 75PS XM,Tata,2017,490000,90000,Diesel
190,City 1.5 S MT,Honda,2009,345000,47000,Petrol
191,Zen LXI,Maruti,2005,85000,90000,Petrol
192,Wagon R VXI BS IV with ABS,Maruti,2010,215000,120600,Petrol
193,Verna Transform SX VTVT,Hyundai,2010,320000,100000,Petrol
194,Swift Dzire VXI,Maruti,2016,459999,60000,Petrol
195,Getz GLS,Hyundai,2005,65000,86000,Petrol
196,Elite i20 Sportz Plus BSIV,Hyundai,2020,720000,5000,Petrol
197,Ciaz 1.3 Alpha,Maruti,2017,800000,37000,Diesel
198,Tigor 1.2 Revotron XZ,Tata,2019,520000,14000,Petrol
199,Ertiga VDI,Maruti,2015,580000,70000,Diesel
200,Etios GD,Toyota,2012,235000,120000,Diesel
201,City i VTEC S,Honda,2015,600000,50000,Petrol
202,Brio S MT,Honda,2014,290000,60000,Petrol
203,Wagon R LXI CNG,Maruti,2016,360000,50000,CNG
204,Swift Dzire VXI,Maruti,2017,550000,50000,Petrol
205,i20 Sportz 1.2,Hyundai,2013,375000,70000,Petrol
206,Omni E 8 Str STD,Maruti,2003,40000,90000,Petrol
207,Wagon R AMT VXI,Maruti,2018,420000,35000,Petrol
208,Swift Dzire VXI 1.2,Maruti,2017,550000,20000,Petrol
209,Alto 800 LXI,Maruti,2018,270000,20000,Petrol
210,Swift Dzire AMT VXI BS IV,Maruti,2018,700000,7800,Petrol
211,Swift VXI Optional,Maruti,2017,500000,20000,Petrol
212,Hexa XE,Tata,2019,1250000,15000,Diesel
213,i20 Magna,Hyundai,2013,320000,31377,Petrol
214,Swift Dzire VDI,Maruti,2018,700000,50000,Diesel
215,Wagon R VXI BS IV,Maruti,2015,290000,60000,Petrol
216,Corolla Altis 1.8 VL AT,Toyota,2012,550000,100000,Petrol
217,Brio S MT,Honda,2012,265000,60000,Petrol
218,Baleno Alpha Automatic,Maruti,2018,830000,5000,Petrol
219,Safari Storme EX,Tata,2017,800000,60000,Diesel
220,Alto LXi,Maruti,2011,160000,25000,Petrol
221,KWID RXT,Renault,2018,335000,30000,Petrol
222,GO T BSIV,Datsun,2017,329000,80000,Petrol
223,Vitara Brezza VDi Option,Maruti,2017,775000,75000,Diesel
224,Xcent 1.2 VTVT SX,Hyundai,2020,524000,32000,Petrol
225,Alto 800 LXI,Maruti,2015,245000,40000,Petrol
226,i20 1.2 Sportz,Hyundai,2012,275000,93000,Petrol
227,Zest Revotron 1.2 XT,Tata,2018,520000,60000,Petrol
228,Swift 1.3 VXi,Maruti,2008,130000,120000,Petrol
229,Sunny XL,Nissan,2014,550000,37000,Petrol
230,EcoSport 1.5 Petrol Titanium Plus BSIV,Ford,2018,910000,15000,Petrol
231,Micra Active XV S,Nissan,2015,300000,80000,Petrol
232,Wagon R LXI Optional,Maruti,2016,350000,140000,Petrol
233,Ssangyong Rexton RX5,Mahindra,2013,900000,70000,Diesel
234,Quanto C8,Mahindra,2013,300000,120000,Diesel
235,Ritz LDi,Maruti,2010,250000,110000,Diesel
236,Creta 1.6 CRDi SX Plus Dual Tone,Hyundai,2017,1100000,37000,Diesel
237,KWID RXT,Renault,2016,270000,44000,Petrol
238,Ertiga VDI,Maruti,2015,640000,80000,Diesel
239,XUV500 W4,Mahindra,2015,650000,125000,Diesel
240,Eeco 5 Seater AC BSIV,Maruti,2017,409999,13500,Petrol
241,Santro Xing GLS,Hyundai,2011,165000,75000,Petrol
242,Accent GLE,Hyundai,2007,80000,120000,Petrol
243,XUV500 W8 2WD,Mahindra,2012,535000,120000,Diesel
244,Innova 2.5 EV (Diesel) PS 7 Seater BS IV,Toyota,2013,700000,70000,Diesel
245,Swift Dzire VDI,Maruti,2013,550000,70000,Diesel
246,Amaze S CVT Petrol BSIV,Honda,2019,680000,15000,Petrol
247,i10 Sportz 1.2,Hyundai,2009,200000,53000,Petrol
248,Swift Dzire VDI,Maruti,2014,500000,120000,Diesel
249,Ertiga SHVS ZDI Plus,Maruti,2016,1000000,70000,Diesel
250,Getz 1.3 GVS,Hyundai,2008,110000,120000,Petrol
251,i20 1.2 Magna,Hyundai,2012,320000,100000,Petrol
252,Indica DLS,Tata,2005,75000,110000,Diesel
253,Swift LXI Optional-O,Maruti,2015,350000,100000,Petrol
254,Indica Vista TDI LS,Tata,2013,170000,162500,Diesel
255,i20 2015-2017 Asta 1.4 CRDi,Hyundai,2017,800000,39000,Diesel
256,Ignis 1.3 Alpha,Maruti,2017,500000,75000,Diesel
257,Hexa XTA,Tata,2017,1380000,50000,Diesel
258,Marazzo M6 8Str,Mahindra,2019,1300000,40000,Diesel
259,Verna 1.6 CRDI,Hyundai,2013,530000,92500,Diesel
260,Swift Dzire VDI,Maruti,2012,360000,158000,Diesel
261,Swift Dzire LDi,Maruti,2012,310000,120000,Diesel
262,City i DTEC V,Honda,2015,725000,50000,Diesel
263,Swift Dzire ZDi,Maruti,2012,340000,110000,Diesel
264,Xcent 1.2 CRDi E,Hyundai,2017,550000,2000,Diesel
265,Fortuner 3.0 Diesel,Toyota,2011,1150000,181000,Diesel
266,Tiago 1.05 Revotorq XZ,Tata,2016,380000,70000,Diesel
267,Sunny XL AT Special Edition,Nissan,2013,350000,90000,Petrol
268,Elite i20 Magna Plus BSIV,Hyundai,2019,610000,2000,Petrol
269,Swift Dzire VXI,Maruti,2015,525000,20000,Petrol
270,Innova 2.5 GX 7 STR,Toyota,2011,480000,120000,Diesel
271,Thar CRDe,Mahindra,2017,780000,35000,Diesel
272,Swift Dzire ZDi,Maruti,2012,320000,193000,Diesel
273,Swift 1.2 DLX (Only Delhi),Maruti,2014,375000,80000,Petrol
274,GO D Petrol,Datsun,2019,300000,40000,Petrol
275,i20 Asta 1.4 CRDi,Hyundai,2015,500000,70000,Diesel
276,Scorpio LX,Mahindra,2011,404000,122358,Diesel
277,Sumo Gold EX BSIII,Tata,2015,500000,75000,Diesel
278,Tiago Wizz 1.05 Revotorq,Tata,2017,350000,120000,Diesel
279,Zest Revotron 1.2 XT,Tata,2015,380000,40000,Petrol
280,Accent GLE,Hyundai,2008,114999,95200,Petrol
281,Brio Exclusive Edition,Honda,2014,335000,33033,Petrol
282,Grand i10 AT Asta,Hyundai,2015,465000,63063,Petrol
283,Manza Club Class Quadrajet90 LX,Tata,2012,290000,60000,Diesel
284,Alto LX,Maruti,2005,110000,45000,Petrol
285,New Safari DICOR 2.2 EX 4x2,Tata,2011,450000,80000,Diesel
286,Bolero SLE,Mahindra,2009,400000,170000,Diesel
287,Bolero DI DX 7 Seater,Mahindra,2007,210000,207890,Diesel
288,GL-Class 220d 4MATIC Sport,Mercedes-Benz,2018,4600000,7976,Diesel
289,Omni E MPI STD BS IV,Maruti,2016,220000,35000,Petrol
290,Grand i10 Sportz,Hyundai,2017,450000,35000,Petrol
291,Grand i10 Sportz,Hyundai,2017,450000,35000,Petrol
292,i10 Sportz AT,Hyundai,2013,290000,50000,Petrol
293,Swift VXI Deca,Maruti,2016,520000,20000,Petrol
294,i10 Sportz AT,Hyundai,2011,265000,20000,Petrol
295,Swift VXI,Maruti,2012,330000,50000,Petrol
296,Swift VXI,Maruti,2012,330000,50000,Petrol
297,Bolero 2011-2019 ZLX,Mahindra,2014,509999,120000,Diesel
298,Verna 1.6 SX VTVT (O),Hyundai,2014,500000,70000,Petrol
299,i20 Active 1.2,Hyundai,2015,525000,50000,Petrol
300,Baleno Zeta,Maruti,2019,675000,16500,Petrol
301,i20 1.2 Asta,Hyundai,2010,300000,70000,Petrol
302,Alto LXI,Maruti,2005,90000,99361,Petrol
303,Swift Dzire VDI,Maruti,2017,650000,25000,Diesel
304,Swift Dzire VXI,Maruti,2014,409000,70000,Petrol
305,Grand i10 CRDi Sportz,Hyundai,2015,395000,80000,Diesel
306,Swift 1.3 VXi,Maruti,2010,215000,70000,Petrol
307,Swift Dzire VXI,Maruti,2014,400000,70000,Petrol
308,Beat LS,Chevrolet,2012,120000,60000,Petrol
309,Tigor 1.2 Revotron XZA,Tata,2018,645000,10000,Petrol
310,800 Std,Maruti,2006,81000,80000,Petrol
311,City i-DTEC VX,Honda,2017,1300000,30000,Diesel
312,City i-DTEC VX,Honda,2017,1250000,33000,Diesel
313,Ertiga VXI,Maruti,2013,535000,90000,Petrol
314,Terrano XV Premium 110 PS,Nissan,2014,555000,80100,Diesel
315,City i VTEC VX,Honda,2014,725000,120000,Petrol
316,Willys CJ 3B 4X4,Mahindra,1983,300000,10000,Diesel
317,KWID RXL,Renault,2016,229999,40000,Petrol
318,Innova 2.5 GX (Diesel) 8 Seater,Toyota,2013,800000,160000,Diesel
319,Wagon R VXI BS IV,Maruti,2017,409999,47000,Petrol
320,Creta 1.4 CRDi S Plus,Hyundai,2018,1210000,25000,Diesel
321,Tiago 1.2 Revotron XZ,Tata,2017,400000,26000,Petrol
322,Grand i10 1.2 CRDi Sportz,Hyundai,2018,520000,29000,Diesel
323,Baleno Zeta Automatic,Maruti,2016,650000,50000,Petrol
324,Swift ZXI ABS,Maruti,2011,325000,58000,Petrol
325,Swift Dzire VXi AT,Maruti,2012,420000,120000,Petrol
326,Swift LXI Option,Maruti,2014,400000,50000,Petrol
327,i20 1.2 Asta,Hyundai,2010,254999,80000,Petrol
328,Zen LXI,Maruti,2003,65000,60000,Petrol
329,Celerio LXI,Maruti,2017,351000,36000,Petrol
330,Innova 2.5 V Diesel 8-seater,Toyota,2007,404000,120000,Diesel
331,Ritz LDi,Maruti,2011,185000,185000,Diesel
332,Micra Diesel XV,Nissan,2011,250000,50000,Diesel
333,Zen LXI,Maruti,2002,60000,100000,Petrol
334,Verna 1.6 SX VTVT (O),Hyundai,2013,500000,50000,Petrol
335,Zen Estilo LXI BSIII,Maruti,2007,85000,80000,Petrol
336,Santro Xing XL,Hyundai,2005,85000,60000,Petrol
337,Alto LX,Maruti,2005,85000,80000,Petrol
338,Swift Dzire ZDi,Maruti,2011,265000,90000,Diesel
339,A-Star Vxi,Maruti,2010,130000,162000,Petrol
340,Ertiga VDI,Maruti,2013,480000,110000,Diesel
341,Swift Ldi BSIII,Maruti,2008,170000,120000,Diesel
342,Micra Diesel XV,Nissan,2011,275000,45000,Diesel
343,Wagon R LXI,Maruti,2005,89000,90000,Petrol
344,Figo Diesel Titanium,Ford,2010,170000,90000,Diesel
345,XUV300 W8 Option BSIV,Mahindra,2019,1090000,16500,Petrol
346,Creta 1.6 CRDi AT SX Plus,Hyundai,2017,1100000,67000,Diesel
347,Swift VXI BSIV,Maruti,2018,610000,52000,Petrol
348,GO T Option BSIV,Datsun,2016,335000,40000,Petrol
349,Grand i10 Asta,Hyundai,2015,434999,40000,Petrol
350,Fortuner 2.8 2WD MT BSIV,Toyota,2018,3000000,35000,Diesel
351,KWID RXL,Renault,2018,390000,13000,Petrol
352,Brio 1.2 VX MT,Honda,2012,325000,40000,Petrol
353,Ameo 1.2 MPI Comfortline Plus,Volkswagen,2019,640000,10000,Petrol
354,Sunny XV Special Edition,Nissan,2012,450000,9000,Petrol
355,Etios Liva GD SP,Toyota,2013,400000,70000,Diesel
356,i10 Sportz,Hyundai,2009,215000,60000,Petrol
357,Duster 85PS Diesel RxL,Renault,2014,570000,40000,Diesel
358,XUV500 W8 2WD,Mahindra,2012,680000,93000,Diesel
359,Innova 2.5 V Diesel 7-seater,Toyota,2008,325000,80000,Diesel
360,Indigo CS eGLX BS IV,Tata,2011,150000,50000,Petrol
361,Elantra SX AT,Hyundai,2013,690000,68000,Petrol
362,New C-Class 220 CDI AT,Mercedes-Benz,2013,1550000,25000,Diesel
363,Nano STD,Tata,2012,64000,18000,Petrol
364,Micra Diesel XL,Nissan,2013,250000,120000,Diesel
365,Wagon R LXI,Maruti,2005,65000,35000,Petrol
366,Swift Dzire VDI,Maruti,2016,550000,60000,Diesel
367,i10 Magna,Hyundai,2010,140000,70000,Petrol
368,KWID RXT,Renault,2016,300000,30000,Petrol
369,GTI 1.8 TSI,Volkswagen,2016,800000,70000,Petrol
370,XE 2016-2019 2.0L Diesel Prestige,Jaguar,2017,2625000,9000,Diesel
371,ES 300h,Lexus,2019,5150000,20000,Petrol
372,XF 2.0 Diesel Portfolio,Jaguar,2017,3200000,45000,Diesel
373,Safari Storme EX,Tata,2015,503000,110000,Diesel
374,XC40 D4 Inscription BSIV,Volvo,2019,3800000,20000,Diesel
375,Camry 2.5 Hybrid,Toyota,2016,2000000,68089,Petrol
376,Wagon R LXI,Maruti,2013,225000,58343,Petrol
377,Baleno Alpha 1.3,Maruti,2018,740000,38817,Diesel
378,Jazz VX,Honda,2016,550000,56494,Petrol
379,Innova 2.5 VX (Diesel) 7 Seater,Toyota,2013,750000,79328,Diesel
380,Swift AMT VVT VXI,Maruti,2019,650000,5621,Petrol
381,Etios VX,Toyota,2017,625000,25538,Petrol
382,Swift AMT ZXI,Maruti,2018,600000,69779,Petrol
383,Grand i10 1.2 CRDi Sportz,Hyundai,2017,450000,56290,Diesel
384,X4 M Sport X xDrive20d,BMW,2019,5400000,7500,Diesel
385,X4 M Sport X xDrive20d,BMW,2019,5500000,8500,Diesel
386,Amaze V CVT Petrol BSIV,Honda,2019,779000,7032,Petrol
387,Rapid 1.6 MPI AT Elegance,Skoda,2016,645000,11000,Petrol
388,V40 D3 R-Design,Volvo,2018,2475000,2000,Diesel
389,i10 Magna,Hyundai,2010,150000,106000,Petrol
390,Etios Liva Diesel TRD Sportivo,Toyota,2012,265000,162000,Diesel
391,CR-V 2.4L 4WD AT,Honda,2009,500000,120000,Petrol
392,Swift Dzire VDI,Maruti,2015,480000,90000,Diesel
393,Verna 1.6 SX CRDi (O),Hyundai,2014,535000,70000,Diesel
394,Innova 2.5 G1 Diesel 8-seater,Toyota,2005,250000,240000,Diesel
395,SX4 Celebration Diesel,Maruti,2012,300000,100000,Diesel
396,Verna XXi ABS (Petrol),Hyundai,2009,340000,214000,Petrol
397,Verna CRDi SX,Hyundai,2009,340000,214000,Diesel
398,Alto 800 VXI,Maruti,2016,240000,50000,Petrol
399,City i-VTEC CVT V,Honda,2018,1085000,1000,Petrol
400,Swift Dzire AMT VDI,Maruti,2017,750000,19000,Diesel
401,Indigo LS,Tata,2012,95000,265000,Diesel
402,Eeco CNG 5 Seater AC,Maruti,2020,409999,35000,CNG
403,Alto K10 VXI,Maruti,2014,215000,80000,Petrol
404,XUV500 AT W10 AWD,Mahindra,2016,1290000,50000,Diesel
405,Alto K10 LXI,Maruti,2010,150000,80000,Petrol
406,EON Sportz,Hyundai,2013,219000,50000,Petrol
407,Tiago 1.2 Revotron XE,Tata,2018,325000,100000,Petrol
408,Eeco Smiles 5 Seater AC,Maruti,2013,260000,120000,Petrol
409,XE 2016-2019 2.0L Diesel Prestige,Jaguar,2017,2625000,9000,Diesel
410,ES 300h,Lexus,2019,5150000,20000,Petrol
411,XF 2.0 Diesel Portfolio,Jaguar,2017,3200000,45000,Diesel
412,Safari Storme EX,Tata,2015,503000,110000,Diesel
413,XC40 D4 Inscription BSIV,Volvo,2019,3800000,20000,Diesel
414,Camry 2.5 Hybrid,Toyota,2016,2000000,68089,Petrol
415,Wagon R LXI,Maruti,2013,225000,58343,Petrol
416,Baleno Alpha 1.3,Maruti,2018,740000,38817,Diesel
417,Jazz VX,Honda,2016,550000,56494,Petrol
418,Innova 2.5 VX (Diesel) 7 Seater,Toyota,2013,750000,79328,Diesel
419,Swift AMT VVT VXI,Maruti,2019,650000,5621,Petrol
420,Etios VX,Toyota,2017,625000,25538,Petrol
421,Swift AMT ZXI,Maruti,2018,600000,69779,Petrol
422,Grand i10 1.2 CRDi Sportz,Hyundai,2017,450000,56290,Diesel
423,X4 M Sport X xDrive20d,BMW,2019,5400000,7500,Diesel
424,X4 M Sport X xDrive20d,BMW,2019,5500000,8500,Diesel
425,Amaze V CVT Petrol BSIV,Honda,2019,779000,7032,Petrol
426,Rapid 1.6 MPI AT Elegance,Skoda,2016,645000,11000,Petrol
427,V40 D3 R-Design,Volvo,2018,2475000,2000,Diesel
428,Amaze S CVT Diesel BSIV,Honda,2019,700000,40000,Diesel
429,Creta 1.4 CRDi Base,Hyundai,2017,950000,45000,Diesel
430,Alto LXi BSIII,Maruti,2010,160000,80000,Petrol
431,Xcent 1.1 CRDi S Option,Hyundai,2015,409999,135000,Diesel
432,Innova 2.5 G (Diesel) 7 Seater,Toyota,2015,840000,120000,Diesel
433,Etios Liva Diesel,Toyota,2013,450000,67000,Diesel
434,Swift Dzire ZDI Plus,Maruti,2017,900000,50000,Diesel
435,Innova 2.5 V Diesel 7-seater,Toyota,2008,570000,134000,Diesel
436,Micra Diesel XV,Nissan,2011,254999,110000,Diesel
437,800 AC BSIII,Maruti,2009,130000,40000,Petrol
438,Swift Dzire VDI,Maruti,2013,530000,120000,Diesel
439,Polo 1.5 TDI Highline,Volkswagen,2015,520000,110000,Diesel
440,Verito 1.5 D2 BSIII,Mahindra,2011,229999,170000,Diesel
441,800 AC BSIII,Maruti,2004,81000,80000,Petrol
442,Swift VDI Optional,Maruti,2016,600000,47000,Diesel
443,Xcent 1.2 Kappa S Option,Hyundai,2015,409999,93000,Petrol
444,800 Std,Maruti,2010,120000,70000,Petrol
445,Celerio VXI,Maruti,2014,320000,50000,Petrol
446,Figo Diesel EXI,Ford,2015,292000,70000,Diesel
447,Safari DICOR 2.2 LX 4x2,Tata,2012,390000,80000,Diesel
448,Figo 1.2P Titanium Plus MT,Ford,2016,550000,44000,Petrol
449,Celerio ZXI,Maruti,2014,385000,25000,Petrol
450,Creta 1.6 VTVT S,Hyundai,2016,800000,25000,Petrol
451,Swift Dzire VXI 1.2,Maruti,2019,675000,10000,Petrol
452,Hexa XT,Tata,2018,1525000,50000,Diesel
453,EcoSport 1.5 Diesel Titanium Plus BSIV,Ford,2018,950000,30000,Diesel
454,i20 Active 1.4 SX with AVN,Hyundai,2015,610000,50000,Diesel
455,i20 Asta 1.4 CRDi,Hyundai,2012,525000,120000,Diesel
456,Amaze S CVT Diesel BSIV,Honda,2019,700000,40000,Diesel
457,Bolero 2011-2019 SLE,Mahindra,2015,375000,80000,Diesel
458,Terrano XL Plus 85 PS,Nissan,2015,580000,90000,Diesel
459,Swift VXI Windsong Limited edition,Maruti,2015,434999,50000,Petrol
460,RediGO 1.0 S,Datsun,2020,350000,2136,Petrol
461,Innova 2.5 G (Diesel) 7 Seater,Toyota,2012,730000,250000,Diesel
462,i20 Magna 1.2,Hyundai,2015,600000,35000,Petrol
463,Innova 2.5 VX (Diesel) 7 Seater,Toyota,2015,1050000,120000,Diesel
464,Baleno Alpha 1.3,Maruti,2017,735000,70000,Diesel
465,Duster 110PS Diesel RxZ,Renault,2018,1050000,18000,Diesel
466,Enjoy 1.3 TCDi LS 7,Chevrolet,2016,420000,110000,Diesel
467,SX4 S Cross 2015-2017 DDiS 200 Zeta,Maruti,2017,800000,60000,Diesel
468,Fortuner 4x2 AT,Toyota,2015,2000000,60000,Diesel
469,Swift Dzire VDI,Maruti,2016,600000,147000,Diesel
470,Fortuner 4x2 AT,Toyota,2015,1900000,130000,Diesel
471,Captiva LT,Chevrolet,2011,500000,99500,Diesel
472,Indica Vista Aqua 1.4 TDI,Tata,2011,200000,110000,Diesel
473,Micra Active XL Petrol,Nissan,2016,370000,35000,Petrol
474,Verna Transform CRDi VGT SX ABS,Hyundai,2010,260000,110000,Diesel
475,KUV 100 mFALCON D75 K8,Mahindra,2016,280000,100000,Diesel
476,Ertiga VXI,Maruti,2014,610000,21000,Petrol
477,Fiesta Titanium 1.5 TDCi,Ford,2013,300000,60000,Diesel
478,Indigo CS LX DiCOR,Tata,2010,140000,40000,Diesel
479,i10 Magna 1.1L,Hyundai,2008,229999,50000,Petrol
480,A-Star Vxi,Maruti,2010,200000,65000,Petrol
481,Wagon R VXI BSIII,Maruti,2011,200000,80000,Petrol
482,Verna 1.6 CRDi S,Hyundai,2015,560000,119000,Diesel
483,Ertiga SHVS VDI,Maruti,2016,750000,80000,Diesel
484,Swift VDI BSIV,Maruti,2017,585000,90000,Diesel
485,Verna 1.6 VTVT S Option,Hyundai,2016,760000,20000,Petrol
486,Swift VDI BSIV,Maruti,2014,430000,80000,Diesel
487,KUV 100 D75 K6 Plus,Mahindra,2020,480000,44665,Diesel
488,Seltos HTE D,Kia,2019,643000,10000,Diesel
489,Xcent 1.2 VTVT S,Hyundai,2018,500000,60000,Petrol
490,Brio 1.2 S MT,Honda,2016,425000,22000,Petrol
491,Alto 800 LXI,Maruti,2014,250000,25000,Petrol
492,Celerio LDi,Maruti,2016,285000,70000,Diesel
493,Swift Dzire VXi,Maruti,2008,160000,123000,Petrol
494,Vento Diesel Trendline,Volkswagen,2011,250000,70000,Diesel
495,Beat LS,Chevrolet,2013,170000,70000,Petrol
496,Etios Liva GD,Toyota,2013,409999,45000,Diesel
497,Grand i10 AT Asta,Hyundai,2015,400000,40000,Petrol
498,Swift Dzire VDI,Maruti,2019,700000,30000,Diesel
499,Civic 1.8 V AT,Honda,2007,350000,90000,Petrol
500,Ertiga BSIV VXI,Maruti,2016,660000,34000,Petrol
501,Alto 800 VXI,Maruti,2017,268000,25000,Petrol
502,Alto 800 VXI,Maruti,2016,270000,50000,Petrol
503,Beat Diesel LT,Chevrolet,2013,300000,50000,Diesel
504,Tiago 1.2 Revotron XZ,Tata,2017,450000,90000,Petrol
505,Beat Diesel LT,Chevrolet,2012,220000,70000,Diesel
506,New Safari DICOR 2.2 VX 4x2,Tata,2009,250000,146000,Diesel
507,Figo Petrol EXI,Ford,2012,300000,85000,Petrol
508,Indica V2 2001-2011 DLS BSIII,Tata,2009,88000,201850,Diesel
509,Swift Dzire VDI,Maruti,2016,561000,30000,Diesel
510,Swift Dzire VDI,Maruti,2018,755000,15000,Diesel
511,RediGO S,Datsun,2017,235000,25000,Petrol
512,Alto K10 LXI,Maruti,2011,165000,90000,Petrol
513,Swift Dzire LDi,Maruti,2008,190000,80000,Diesel
514,Indica V2 DLX BSII,Tata,2011,110000,50000,Diesel
515,Bolero 2011-2019 DI 4WD NON AC,Mahindra,2012,320000,80000,Diesel
516,Swift VDI BSIV,Maruti,2010,330000,110000,Diesel
517,i20 Asta Option 1.2,Hyundai,2016,540000,38000,Petrol
518,EON Era Plus,Hyundai,2013,180000,60000,Petrol
519,Eeco 7 Seater Standard BSIV,Maruti,2016,270000,100000,Petrol
520,Swift Dzire 1.2 Vxi BSIV,Maruti,2012,450000,30000,Petrol
521,Swift Dzire VXI,Maruti,2014,450000,30000,Petrol
522,Beat LT,Chevrolet,2015,200000,50000,Petrol
523,Tiago 1.2 Revotron XZ,Tata,2017,425000,42000,Petrol
524,Sail 1.2 LS ABS,Chevrolet,2016,400000,30000,Petrol
525,Alto LXi BSIII,Maruti,2009,125000,60000,Petrol
526,Compass 2.0 Longitude Option BSIV,Jeep,2018,1600000,14000,Diesel
527,City i VTEC VX,Honda,2015,900000,22000,Petrol
528,Vento Diesel Highline,Volkswagen,2012,450000,90000,Diesel
529,Alto K10 2010-2014 VXI,Maruti,2011,210000,46000,Petrol
530,i20 1.2 Asta Option,Hyundai,2018,801000,20000,Petrol
531,Venture EX 7 Str Captain Seats,Tata,2014,317000,15000,Diesel
532,Ertiga VXI,Maruti,2015,600000,40000,Petrol
533,i20 Magna,Hyundai,2014,330000,30000,Petrol
534,EON Magna Plus,Hyundai,2017,320000,15000,Petrol
535,Estilo LXI,Maruti,2010,160000,50000,Petrol
536,Getz GLX,Hyundai,2007,120000,110000,Petrol
537,Alto LXi,Maruti,2009,130000,70000,Petrol
538,Sail 1.2 LS,Chevrolet,2015,220000,80000,Petrol
539,Swift VDI BSIV,Maruti,2008,229999,50000,Diesel
540,Zest Revotron 1.2T XM,Tata,2015,340000,110000,Petrol
541,Classic 1.4 Duratorq CLXI,Ford,2013,200000,70000,Diesel
542,Alto LXI,Maruti,2002,140000,50000,Petrol
543,Innova 2.5 G (Diesel) 8 Seater,Toyota,2013,1000000,190000,Diesel
544,Bolero SLX,Mahindra,2010,495000,100000,Diesel
545,Alto 800 LXI,Maruti,2015,236000,60000,Petrol
546,Wagon R VXI BS IV,Maruti,2015,390000,40000,Petrol
547,Swift Dzire VDi,Maruti,2009,275000,90000,Diesel
548,Safari Storme EX,Tata,2015,503000,110000,Diesel
549,Vitara Brezza ZDi Plus Dual Tone,Maruti,2017,775000,32000,Diesel
550,Innova Crysta 2.8 ZX AT BSIV,Toyota,2016,1800000,30000,Diesel
551,Creta 1.6 CRDi SX,Hyundai,2016,850000,58000,Diesel
552,Vitara Brezza VDi,Maruti,2018,750000,5000,Diesel
553,i20 1.2 Spotz,Hyundai,2018,570000,25000,Petrol
554,Grand i10 1.2 Kappa Sportz BSIV,Hyundai,2018,580000,32000,Petrol
555,Jazz 1.2 VX i VTEC,Honda,2016,484999,30000,Petrol
556,BR-V i-VTEC S MT,Honda,2017,700000,43000,Petrol
557,Verna S,Hyundai,2012,415000,60000,Petrol
558,Micra XV CVT,Nissan,2015,325000,50000,Petrol
559,Figo Aspire 1.2 Ti-VCT Trend,Ford,2018,550000,14200,Petrol
560,EON Sportz,Hyundai,2017,300000,10000,Petrol
561,RediGO T Option,Datsun,2018,217000,25000,Petrol
562,Freestyle Titanium Petrol BSIV,Ford,2018,700000,19100,Petrol
563,Santro Sportz AMT BSIV,Hyundai,2019,466000,25000,Petrol
564,EcoSport 1.5 Diesel Trend BSIV,Ford,2014,484999,54000,Diesel
565,Sunny XL D,Nissan,2018,670000,35000,Diesel
566,Grand i10 1.2 Kappa Sportz BSIV,Hyundai,2018,500000,20000,Petrol
567,SX4 S Cross 2015-2017 DDiS 200 Zeta,Maruti,2016,675000,52000,Diesel
568,i20 1.4 CRDi Asta,Hyundai,2011,220000,120000,Diesel
569,Compass 2.0 Limited,Jeep,2017,1650000,50000,Diesel
570,Ertiga ZDI,Maruti,2013,630000,120000,Diesel
571,Manza Aura Quadrajet,Tata,2010,250000,90000,Diesel
572,Wagon R LXI,Maruti,2004,120000,120000,Petrol
573,Rapid 1.5 TDI Elegance,Skoda,2015,300000,101500,Diesel
574,Verna 1.6 CRDi EX AT,Hyundai,2013,525000,75000,Diesel
575,Alto K10 LXI,Maruti,2011,204999,97500,Petrol
576,Alto K10 LXI,Maruti,2011,204999,97500,Petrol
577,Scorpio 1.99 S10,Mahindra,2016,1100000,100000,Diesel
578,Duster 110PS Diesel RxZ,Renault,2012,480000,55735,Diesel
579,XUV500 W4,Mahindra,2014,605000,80000,Diesel
580,Alto 800 LXI Optional,Maruti,2016,250000,50000,Petrol
581,Figo Diesel Celebration Edition,Ford,2013,245000,70000,Diesel
582,i10 Magna 1.2 iTech SE,Hyundai,2012,210000,76000,Petrol
583,Swift Dzire VXI 1.2,Maruti,2020,730000,1500,Petrol
584,Bolero 2011-2019 SLX,Mahindra,2012,500000,76000,Diesel
585,Wagon R VXI Optional,Maruti,2015,400000,40000,Petrol
586,EON Magna Plus,Hyundai,2015,280000,60000,Petrol
587,Innova 2.5 G (Diesel) 8 Seater BS IV,Toyota,2009,561000,170000,Diesel
588,Pajero Sport 4X4,Mitsubishi,2013,950000,181491,Diesel
589,Beat Diesel LS,Chevrolet,2016,375000,53319,Diesel
590,Ameo 1.5 TDI Comfortline,Volkswagen,2017,700000,40906,Diesel
591,Etios VX,Toyota,2012,375000,31711,Petrol
592,EON Era Plus,Hyundai,2012,270000,43755,Petrol
593,KWID RXT,Renault,2016,300000,66693,Petrol
594,Zen Estilo VXI BSIV,Maruti,2010,225000,59549,Petrol
595,Innova 2.5 G (Diesel) 8 Seater,Toyota,2015,1350000,94385,Diesel
596,Zen Estilo LXI BSIII,Maruti,2010,200000,73730,Petrol
597,Verna 1.6 SX,Hyundai,2011,400000,221889,Diesel
598,Amaze VX i-DTEC,Honda,2013,500000,116104,Diesel
599,Swift VXI BSIV,Maruti,2015,500000,150546,Petrol
600,Fortuner 2.8 2WD MT,Toyota,2013,1500000,148120,Diesel
601,Ecosport 1.5 Ti VCT MT Titanium,Ford,2015,555000,20000,Petrol
602,Grand i10 1.2 Kappa Magna AT,Hyundai,2018,580000,30000,Petrol
603,Aria Pride,Tata,2011,337000,142000,Diesel
604,Sumo CX 10 Str BSIV,Tata,2011,175000,20000,Diesel
605,Manza Aura Plus Quadrajet,Tata,2009,180000,120000,Diesel
606,i10 Sportz 1.1L,Hyundai,2011,200000,80000,Petrol
607,Indigo CS LX (TDI) BS-III,Tata,2016,260000,60000,Diesel
608,KWID 1.0 RXT Optional,Renault,2016,350000,25000,Petrol
609,Bolero SLX,Mahindra,2011,409999,50000,Diesel
610,TUV 300 T8,Mahindra,2017,655000,126000,Diesel
611,Swift Dzire LDI,Maruti,2015,370000,170000,Diesel
612,Alto 800 LXI,Maruti,2013,200000,24000,Petrol
613,Ertiga SHVS ZDI,Maruti,2017,800000,100000,Diesel
614,Tiago NRG Petrol,Tata,2019,550000,10000,Petrol
615,Figo Diesel ZXI,Ford,2012,300000,70000,Diesel
616,Omni E MPI STD BS IV,Maruti,2017,220000,40000,Petrol
617,Wagon R LXI BS IV,Maruti,2011,196000,110000,Petrol
618,i10 Era,Hyundai,2008,135000,80000,Petrol
619,Bolt Revotron XE,Tata,2015,299000,16500,Petrol
620,Alto K10 VXI,Maruti,2017,300000,30000,Petrol
621,Ertiga SHVS VDI,Maruti,2017,720000,80000,Diesel
622,Safari Storme EX,Tata,2016,650000,50000,Diesel
623,Alto K10 VXI,Maruti,2016,300000,25000,Petrol
624,Grand i10 1.2 CRDi Asta,Hyundai,2019,750000,20000,Diesel
625,KWID RXT,Renault,2016,260000,60000,Petrol
626,Swift VDI,Maruti,2011,300000,70000,Diesel
627,Bolero 2011-2019 SLX,Mahindra,2014,600000,50000,Diesel
628,Accord V6 AT,Honda,2004,275000,100000,Petrol
629,Alto K10 VXI,Maruti,2015,250000,52000,Petrol
630,Swift Dzire VDI,Maruti,2014,420000,80000,Diesel
631,EON Era Plus,Hyundai,2015,235000,50000,Petrol
632,Scorpio S10 7 Seater,Mahindra,2016,1100000,60000,Diesel
633,Alto K10 VXI,Maruti,2019,360000,25000,Petrol
634,Grand i10 CRDi Asta,Hyundai,2014,380000,50000,Diesel
635,EcoSport 1.5 TDCi Titanium BSIV,Ford,2016,650000,125000,Diesel
636,Wagon R VXI Optional,Maruti,2016,350000,80000,Petrol
637,Bolero 2011-2019 DI - AC BS III,Mahindra,2017,700000,70000,Diesel
638,i20 Asta (o) 1.4 CRDi (Diesel),Hyundai,2010,270000,90000,Diesel
639,Bolt Quadrajet XE,Tata,2017,450000,50000,Diesel
640,Thar CRDe,Mahindra,2016,630000,101000,Diesel
641,Xylo E4 BS IV,Mahindra,2010,229999,168000,Diesel
642,Xylo E4 BS IV,Mahindra,2010,229999,168000,Diesel
643,Wagon R VXI BS IV,Maruti,2011,270000,40000,Petrol
644,Indica Vista Aura Safire Anniversary Edition,Tata,2009,135000,28900,Petrol
645,Wagon R VXI BS IV,Maruti,2012,275000,20000,Petrol
646,XE 2016-2019 2.0L Diesel Prestige,Jaguar,2017,2625000,9000,Diesel
647,ES 300h,Lexus,2019,5150000,20000,Petrol
648,XF 2.0 Diesel Portfolio,Jaguar,2017,3200000,45000,Diesel
649,Safari Storme EX,Tata,2015,503000,110000,Diesel
650,XC40 D4 Inscription BSIV,Volvo,2019,3800000,20000,Diesel
651,Camry 2.5 Hybrid,Toyota,2016,2000000,68089,Petrol
652,Wagon R LXI,Maruti,2013,225000,58343,Petrol
653,Baleno Alpha 1.3,Maruti,2018,740000,38817,Diesel
654,Jazz VX,Honda,2016,550000,56494,Petrol
655,Innova 2.5 VX (Diesel) 7 Seater,Toyota,2013,750000,79328,Diesel
656,Swift AMT VVT VXI,Maruti,2019,650000,5621,Petrol
657,Etios VX,Toyota,2017,625000,25538,Petrol
658,Swift AMT ZXI,Maruti,2018,600000,69779,Petrol
659,Grand i10 1.2 CRDi Sportz,Hyundai,2017,450000,56290,Diesel
660,X4 M Sport X xDrive20d,BMW,2019,5400000,7500,Diesel
661,X4 M Sport X xDrive20d,BMW,2019,5500000,8500,Diesel
662,Amaze V CVT Petrol BSIV,Honda,2019,779000,7032,Petrol
663,Rapid 1.6 MPI AT Elegance,Skoda,2016,645000,11000,Petrol
664,V40 D3 R-Design,Volvo,2018,2475000,2000,Diesel
665,TUV 300 T8,Mahindra,2015,634000,165000,Diesel
666,A-Star Zxi,Maruti,2012,235000,98500,Petrol
667,i10 Asta,Hyundai,2008,275000,98000,Petrol
668,Thar CRDe AC,Mahindra,2014,700000,40000,Diesel
669,Grande Punto Sport 90BHP,Fiat,2013,400000,90000,Diesel
670,Alto LXi,Maruti,2012,215000,90000,Petrol
671,Getz 1.5 CRDi GVS,Hyundai,2009,150000,110000,Diesel
672,S-Cross 2017-2020 Zeta DDiS 200 SH,Maruti,2018,950000,77800,Diesel
673,TUV 300 T8,Mahindra,2015,730000,100000,Diesel
674,Indica V2 Turbomax DLS BS IV,Tata,2012,135000,120000,Diesel
675,Xcent 1.2 Kappa Base,Hyundai,2016,350000,80000,Petrol
676,KUV 100 G80 K6 Plus,Mahindra,2018,535000,21000,Petrol
677,Swift Dzire Tour S CNG,Maruti,2018,455000,100000,Petrol
678,Swift Dzire VXI 1.2,Maruti,2019,655000,25000,Petrol
679,EcoSport 1.5 Diesel Titanium BSIV,Ford,2019,800000,30000,Diesel
680,Yaris V CVT BSIV,Toyota,2018,1100000,25000,Petrol
681,E-Class E250 CDI Avantgarde,Mercedes-Benz,2016,3000000,40000,Diesel
682,Fortuner 4x2 4 Speed AT,Toyota,2012,1225000,160000,Diesel
683,KUV 100 G80 K2,Mahindra,2018,340000,51492,Petrol
684,Vento Diesel Highline,Volkswagen,2011,300000,72000,Diesel
685,Figo 1.2P Titanium Opt MT,Ford,2016,370000,60000,Petrol
686,Bolero 2011-2019 SLE,Mahindra,2013,330000,136000,Diesel
687,Santro Xing GLS,Hyundai,2014,238000,60000,Petrol
688,Santro Xing XG,Hyundai,2006,72000,110000,Petrol
689,Santro Xing GLS,Hyundai,2013,200000,90000,Petrol
690,Sunny Diesel XV,Nissan,2014,320000,91000,Diesel
691,Santro Xing GL Plus,Hyundai,2009,114999,90000,Petrol
692,Wagon R LXI BS IV,Maruti,2015,320000,50000,Petrol
693,i10 Era,Hyundai,2010,210000,20000,Petrol
694,Xylo D2 BS IV,Mahindra,2011,200000,120000,Diesel
695,Wagon R LXI Minor,Maruti,2009,135000,150000,Petrol
696,Indigo CS LS (TDI) BS-III,Tata,2015,350000,52000,Diesel
697,Bolero 2011-2019 DI BSIII,Mahindra,2014,350000,167000,Diesel
698,Swift Dzire VDI,Maruti,2017,680000,40000,Diesel
699,Swift Vdi BSIII,Maruti,2010,200000,190000,Diesel
700,KWID 1.0 RXT Optional,Renault,2016,300000,50000,Petrol
701,Xylo E6,Mahindra,2011,270000,70000,Diesel
702,Wagon R LXI BSIII,Maruti,2012,225000,80000,Petrol
703,Bolero DI DX 8 Seater,Mahindra,2008,250000,120000,Diesel
704,TUV 300 T8,Mahindra,2015,590000,40000,Diesel
705,EON Era Plus,Hyundai,2015,290000,17000,Petrol
706,Zen Estilo LXI BS IV,Maruti,2010,100000,180000,Petrol
707,Celerio VXI,Maruti,2016,395000,50000,Petrol
708,EON Era Plus,Hyundai,2014,195000,65000,Petrol
709,Nano Cx,Tata,2011,45000,10000,Petrol
710,Bolero DI DX 8 Seater,Mahindra,2009,270000,70000,Diesel
711,Tavera Neo 3 LT 9 Seats BSIII,Chevrolet,2014,600000,90000,Diesel
712,i20 Asta 1.4 CRDi,Hyundai,2015,715000,50000,Diesel
713,Elite i20 Magna Plus BSIV,Hyundai,2019,600000,10000,Petrol
714,TUV 300 T6 Plus,Mahindra,2019,875000,25000,Diesel
715,Scorpio M2DI,Mahindra,2011,420000,100000,Diesel
716,CR-V 2.4 4WD AT,Honda,2007,325000,70000,Petrol
717,GO Anniversary Edition,Datsun,2017,385000,30000,Petrol
718,KUV 100 mFALCON G80 K2,Mahindra,2016,300000,40000,Petrol
719,i20 Sportz 1.4 CRDi,Hyundai,2012,335000,135000,Diesel
720,Celerio LXI,Maruti,2014,300000,35000,Petrol
721,Accent GLE,Hyundai,2004,80000,120000,Petrol
722,Bolero 2011-2019 SLE,Mahindra,2012,400000,120000,Diesel
723,Indigo CS LS (TDI) BS III,Tata,2012,168000,190000,Diesel
724,Bolero 2011-2019 Plus AC,Mahindra,2016,550000,120000,Diesel
725,Etios GD,Toyota,2012,300000,120000,Diesel
726,Bolero PLUS AC BSIII,Mahindra,2011,320000,175000,Diesel
727,Bolero 2011-2019 Plus - AC BSIII,Mahindra,2011,320000,175000,Diesel
728,Sunny XE,Nissan,2011,350000,25000,Petrol
729,Manza Club Class Quadrajet90 VX,Tata,2013,280000,80000,Diesel
730,Xcent 1.1 CRDi SX Option,Hyundai,2017,550000,70000,Diesel
731,Xcent 1.2 VTVT E Plus,Hyundai,2018,500000,10000,Petrol
732,Freestyle Titanium Plus Petrol BSIV,Ford,2019,700000,6000,Petrol
733,Rapid Ultima 1.6 TDI Elegance,Skoda,2013,380000,90000,Diesel
734,Bolero 2011-2019 Plus - AC BSIII,Mahindra,2012,340000,110000,Diesel
735,Bolero 2011-2019 Plus-AC Plus PS BSIII,Mahindra,2007,160000,120000,Diesel
736,Innova 2.5 G (Diesel) 7 Seater,Toyota,2014,750000,50000,Diesel
737,Grand i10 1.2 Kappa Magna AT,Hyundai,2018,531000,20000,Petrol
738,KWID 1.0 RXT Optional,Renault,2017,300000,35000,Petrol
739,Polo 1.5 TDI Comfortline,Volkswagen,2014,350000,60000,Diesel
740,Beat LT,Chevrolet,2010,150000,68000,Petrol
741,Swift VXI Optional,Maruti,2015,450000,30000,Petrol
742,XUV500 W10 2WD,Mahindra,2017,1625000,54000,Diesel
743,Swift 1.3 VXi,Maruti,2006,140000,65000,Petrol
744,Bolero GLX,Mahindra,2004,250000,80000,Diesel
745,Indica V2 DLX TC,Tata,2006,85000,120000,Diesel
746,Grand i10 1.2 Kappa Magna BSIV,Hyundai,2018,450000,30000,Petrol
747,Zen Estilo VXI BSIV W ABS,Maruti,2011,170000,55113,Petrol
748,Tiago 1.05 Revotorq XM,Tata,2017,360000,50000,Diesel
749,Alto K10 VXI,Maruti,2020,390000,6000,Petrol
750,Eeco 7 Seater Standard BSIV,Maruti,2011,145000,50000,Petrol
751,Scorpio VLX 2WD AIRBAG SE BSIV,Mahindra,2012,540000,90000,Diesel
752,Innova 2.5 E Diesel MS 8-seater,Toyota,2008,290000,126000,Diesel
753,Indigo eCS VX BSIV,Tata,2013,300000,90000,Diesel
754,Figo Aspire 1.2 Ti-VCT Titanium,Ford,2017,565000,80000,Petrol
755,Scorpio 2.6 CRDe SLE,Mahindra,2011,441000,70000,Diesel
756,Santro Xing XP,Hyundai,2003,50000,80000,Petrol
757,EON Era Plus,Hyundai,2011,180000,80000,Petrol
758,EON D Lite,Hyundai,2013,200000,80000,Petrol
759,Alto LX,Maruti,2005,85000,150000,Petrol
760,Indica V2 DL BSIII,Tata,2006,67500,110000,Diesel
761,Vitara Brezza ZDi Plus Dual Tone,Maruti,2016,700000,110000,Diesel
762,Polo Diesel Highline 1.2L,Volkswagen,2010,275000,80000,Diesel
763,Grand i10 1.2 Kappa Sportz BSIV,Hyundai,2019,600000,20000,Petrol
764,Xylo D2,Mahindra,2011,250000,120000,Diesel
765,Bolero 2011-2019 DI - AC BS III,Mahindra,2016,600000,120000,Diesel
766,Linea 1.3 Active,Fiat,2010,200000,80000,Diesel
767,Grand i10 CRDi Sportz,Hyundai,2015,425000,91500,Diesel
768,Swift Dzire VDi,Maruti,2012,420000,120000,Diesel
769,i20 1.4 CRDi Era,Hyundai,2012,321000,100000,Diesel
770,Xylo D4 BSIV,Mahindra,2012,350000,120000,Diesel
771,Amaze i-VTEC Privilege Edition,Honda,2017,490000,80000,Petrol
772,Scorpio S2 7 Seater,Mahindra,2015,680000,90000,Diesel
773,Alto K10 VXI,Maruti,2016,298000,70000,Petrol
774,Santro GLS I - Euro I,Hyundai,1999,80000,110000,Petrol
775,Scorpio M2DI,Mahindra,2011,450000,150000,Diesel
776,Superb 1.8 TSI,Skoda,2010,400000,60000,Petrol
777,Indica Vista Quadrajet ZX,Tata,2012,250000,40000,Diesel
778,Endeavour Hurricane Limited Edition,Ford,2013,1075000,110000,Diesel
779,Grand i10 Sportz,Hyundai,2017,500000,20000,Petrol
780,Freestyle Trend Petrol BSIV,Ford,2019,681000,10000,Petrol
781,XUV500 W8 2WD,Mahindra,2014,650000,90000,Diesel
782,Aveo U-VA 1.2 LS,Chevrolet,2008,80000,70000,Petrol
783,Bolero SLX 2WD BSIII,Mahindra,2009,290000,120000,Diesel
784,Scorpio 2.6 SPORTZ CRDe,Mahindra,2006,220000,120000,Diesel
785,Santro Xing GL,Hyundai,2009,120000,90000,Petrol
786,RediGO Sport,Datsun,2017,229999,80000,Petrol
787,Bolero ZLX BSIII,Mahindra,2003,150000,132478,Diesel
788,Swift Dzire VXI,Maruti,2014,500000,45000,Petrol
789,Indigo CS LS (TDI) BS III,Tata,2013,175000,120000,Diesel
790,Freestyle Titanium Petrol BSIV,Ford,2019,720000,10000,Petrol
791,800 AC,Maruti,2012,100000,51000,Petrol
792,Civic 1.8 V AT,Honda,2009,250000,105000,Petrol
793,XUV500 W6 2WD,Mahindra,2014,810000,100000,Diesel
794,Alto LXi,Maruti,2010,165000,30000,Petrol
795,Tavera Neo 3 LS 10 Str,Chevrolet,2016,409999,60000,Diesel
796,Swift VDI,Maruti,2013,430000,86000,Diesel
797,GO Plus D1,Datsun,2015,300000,15000,Petrol
798,Swift Dzire VDi,Maruti,2011,350000,137500,Diesel
799,KWID 1.0 RXT Optional,Renault,2018,400000,60000,Petrol
800,Enjoy 1.3 TCDi LS 7,Chevrolet,2016,420000,70000,Diesel
801,Wagon R VXI BS IV,Maruti,2015,430000,5000,Petrol
802,Swift VXI Optional,Maruti,2017,573000,30000,Petrol
803,EON D Lite Plus,Hyundai,2015,210000,40000,Petrol
804,Duster 110PS Diesel RxZ,Renault,2015,600000,60000,Diesel
805,City 2017-2020 GXi,Honda,2008,150000,70000,Petrol
806,Tigor 1.2 Revotron XT,Tata,2019,550000,15000,Petrol
807,Swift Dzire ZDi,Maruti,2011,320000,110000,Diesel
808,800 AC,Maruti,2000,80000,70000,Petrol
809,Amaze VX Diesel BSIV,Honda,2019,800000,10000,Diesel
810,Ertiga ZXI,Maruti,2013,500000,60000,Petrol
811,Manza Aura Quadrajet,Tata,2011,229999,110000,Diesel
812,Ertiga ZXI,Maruti,2013,500000,60000,Petrol
813,i20 Asta 1.2,Hyundai,2015,630000,35000,Petrol
814,Omni E MPI STD BS IV,Maruti,2016,190000,70000,Petrol
815,Manza Aura Quadrajet,Tata,2011,229999,110000,Diesel
816,Bolero VLX CRDe,Mahindra,2011,450000,100000,Diesel
817,Alto Std,Maruti,2008,95000,120000,Petrol
818,Omni 8 Seater BSII,Maruti,2009,101000,90000,Petrol
819,Amaze E i-Dtech,Honda,2016,500000,70000,Diesel
820,Innova 2.5 VX (Diesel) 7 Seater,Toyota,2014,1019999,88000,Diesel
821,EON Era Plus,Hyundai,2012,244000,38000,Petrol
822,Wagon R LXI BS IV,Maruti,2013,250000,90000,Petrol
823,Baleno Alpha 1.2,Maruti,2016,660000,60000,Petrol
824,i20 Magna,Hyundai,2010,270000,60000,Petrol
825,Ritz VDi,Maruti,2012,280000,156060,Diesel
826,Creta 1.6 CRDi SX,Hyundai,2017,1050000,60000,Diesel
827,Swift Dzire VXI,Maruti,2017,525000,70000,Petrol
828,Verna 1.6 CRDi S,Hyundai,2017,850000,35000,Diesel
829,XUV500 W10 1.99 mHawk,Mahindra,2016,1165000,50000,Diesel
830,Swift ZXI,Maruti,2012,345000,50000,Petrol
831,Santro Xing XS,Hyundai,2007,95000,100000,Petrol
832,Alto 800 LXI,Maruti,2015,241000,15000,Petrol
833,Alto 800 LXI,Maruti,2015,235000,20000,Petrol
834,EcoSport 1.5 TDCi Titanium Plus BSIV,Ford,2015,615000,80000,Diesel
835,Verito Vibe 1.5 dCi D4,Mahindra,2014,350000,110000,Diesel
836,Wagon R Stingray VXI,Maruti,2014,350000,35000,Petrol
837,Wagon R Stingray VXI,Maruti,2014,380000,35000,Petrol
838,Sumo Gold EX BSIII,Tata,2017,400000,140000,Diesel
839,Zen Estilo LXI BS IV,Maruti,2010,220000,40000,Petrol
840,Sumo GX,Tata,2008,270000,110000,Diesel
841,Ritz ZXi,Maruti,2012,275000,70000,Petrol
842,Indica Vista Terra 1.4 TDI,Tata,2009,125000,100000,Diesel
843,i10 Sportz 1.1L,Hyundai,2015,360000,20000,Petrol
844,Grand i10 1.2 Kappa Sportz BSIV,Hyundai,2019,550000,15000,Petrol
845,Fiesta 1.4 ZXi Duratec,Ford,2011,200000,70000,Petrol
846,KUV 100 mFALCON G80 K2,Mahindra,2016,327000,20000,Petrol
847,i10 Sportz 1.1L,Hyundai,2016,425000,15000,Petrol
848,Swift Dzire VDI,Maruti,2017,620000,107000,Diesel
849,Indica Vista Aqua 1.3 Quadrajet BSIV,Tata,2011,130000,54000,Diesel
850,Alto LX,Maruti,2009,120000,58000,Petrol
851,Scorpio SLE BSIV,Mahindra,2011,400000,110000,Diesel
852,Verna CRDi SX,Hyundai,2007,185000,90000,Diesel
853,EON 1.0 Kappa Magna Plus,Hyundai,2015,204999,43000,Petrol
854,Swift Dzire VDI,Maruti,2017,625000,43000,Diesel
855,Ertiga ZDI,Maruti,2013,600000,60000,Diesel
856,Indigo GLX,Tata,2011,150000,150000,Petrol
857,KWID 1.0 RXT Optional,Renault,2017,300000,35000,Petrol
858,Sail Hatchback Petrol,Chevrolet,2013,229999,46000,Petrol
859,Omni E MPI STD BS IV,Maruti,2018,220000,10000,Petrol
860,i20 Asta Option 1.2,Hyundai,2016,576000,35000,Petrol
861,KWID RXT,Renault,2016,265000,50000,Petrol
862,Esteem Vxi - BSII,Maruti,2005,50000,60000,Petrol
863,Verna 1.6 VGT CRDi,Hyundai,2011,300000,80000,Diesel
864,Tigor 1.05 Revotorq XZ,Tata,2017,420000,110000,Diesel
865,Ertiga VDI,Maruti,2015,750000,14000,Diesel
866,Alto 800 CNG LXI,Maruti,2012,165000,60000,CNG
867,KWID RXT,Renault,2017,290000,28000,Petrol
868,EON Era,Hyundai,2011,160000,57000,Petrol
869,Swift Dzire ZDI,Maruti,2017,695000,50000,Diesel
870,Wagon R Duo Lxi,Maruti,2012,231000,70000,LPG
871,Corolla Altis D-4D J,Toyota,2015,1050000,60000,Diesel
872,i20 Sportz 1.2,Hyundai,2013,400000,70000,Petrol
873,i20 2015-2017 Sportz 1.2,Hyundai,2016,500000,40000,Petrol
874,Manza Aqua Quadrajet BS IV,Tata,2010,150000,120000,Diesel
875,Xylo H4,Mahindra,2016,400000,140000,Diesel
876,Indigo LS,Tata,2010,120000,100000,Diesel
877,Xylo H4,Mahindra,2014,480000,120000,Diesel
878,Indigo CS LX (TDI) BS-III,Tata,2013,200000,120000,Diesel
879,Fiesta Classic 1.4 Duratorq CLXI,Ford,2012,300000,64000,Diesel
880,Celerio VXI,Maruti,2015,350000,25000,Petrol
881,Triber RXT BSIV,Renault,2019,580000,12000,Petrol
882,Beat Diesel LT,Chevrolet,2012,200000,70000,Diesel
883,Scorpio Getaway,Mahindra,2016,750000,120000,Diesel
884,KWID RXT,Renault,2016,261000,90000,Petrol
885,Sail 1.2 LS ABS,Chevrolet,2015,371000,40000,Petrol
886,Bolero DI Non AC BSIII,Mahindra,2010,320000,300000,Diesel
887,Indigo CS LX (TDI) BS III,Tata,2012,204999,120000,Diesel
888,Accent GLX,Hyundai,2003,110000,90000,Petrol
889,Fusion 1.4 TDCi Diesel,Ford,2009,150000,100000,Diesel
890,Bolero 2011-2019 SLX,Mahindra,2016,625000,90000,Diesel
891,Scorpio 1.99 S10,Mahindra,2017,1300000,50000,Diesel
892,Octavia Ambition 2.0 TDI MT,Skoda,2015,900000,168000,Diesel
893,Figo Diesel Titanium,Ford,2010,180000,110000,Diesel
894,Bolero SLX,Mahindra,2010,421000,120000,Diesel
895,Indigo CS LX (TDI) BS III,Tata,2012,204999,120000,Diesel
896,WR-V i-DTEC VX,Honda,2017,900000,40000,Diesel
897,City 2017-2020 GXi,Honda,2006,165000,110000,Petrol
898,i20 Magna 1.4 CRDi,Hyundai,2010,270000,100000,Diesel
899,Vitara Brezza VDi,Maruti,2017,750000,40000,Diesel
900,Elite i20 Petrol Asta Option,Hyundai,2019,750000,30000,Petrol
901,800 Std,Maruti,2002,40000,80000,Petrol
902,Figo Diesel Titanium,Ford,2011,190000,90000,Diesel
903,Innova 2.5 G4 Diesel 7-seater,Toyota,2009,395000,200000,Diesel
904,Fortuner 3.0 Diesel,Toyota,2010,800000,125000,Diesel
905,i20 1.2 Sportz,Hyundai,2011,315000,80000,Petrol
906,A4 2.0 TDI,Audi,2014,1600000,44000,Diesel
907,Etios GD,Toyota,2013,409999,90000,Diesel
908,Grand i10 1.2 Kappa Sportz BSIV,Hyundai,2018,580000,32000,Petrol
909,i20 Sportz 1.2,Hyundai,2013,340000,70000,Petrol
910,EON Magna Plus,Hyundai,2015,270000,43000,Petrol
911,Zest Quadrajet 1.3 75PS XE,Tata,2017,280000,80000,Diesel
912,Indica Vista Quadrajet VX,Tata,2012,130000,60000,Diesel
913,EON Era Plus,Hyundai,2014,260000,18945,Petrol
914,Grand i10 1.2 CRDi Asta,Hyundai,2018,710000,70000,Diesel
915,Eeco Smiles 7 Seater Standard,Maruti,2013,204999,100000,Petrol
916,GO Plus Anniversary Edition,Datsun,2017,300000,60000,Petrol
917,Swift Dzire VDi,Maruti,2009,180000,144000,Diesel
918,TUV 300 T6 Plus,Mahindra,2016,700000,120000,Diesel
919,i20 1.4 CRDi Magna,Hyundai,2012,320000,107825,Diesel
920,Alto 800 VXI Plus,Maruti,2020,370000,15000,Petrol
921,KWID RXT Optional,Renault,2018,340000,10000,Petrol
922,XL6 Alpha,Maruti,2019,1040000,1620,Petrol
923,i20 Active SX Diesel,Hyundai,2018,750000,30000,Diesel
924,TUV 300 Plus P4 BSIV,Mahindra,2018,600000,70000,Diesel
925,Bolero 2011-2019 DI - AC BS III,Mahindra,2016,550000,70000,Diesel
926,Innova 2.5 EV (Diesel) PS 7 Seater BS IV,Toyota,2013,600000,95000,Diesel
927,Tigor 1.05 Revotorq XZ Option,Tata,2017,550000,50000,Diesel
928,City i DTEC VX Option,Honda,2015,750000,160000,Diesel
929,Santro Magna BSIV,Hyundai,2019,450000,10000,Petrol
930,Ertiga VDI,Maruti,2012,400000,100000,Diesel
931,Swift VDI Optional,Maruti,2016,520000,50000,Diesel
932,Alto K10 Knightracer,Maruti,2013,199000,60000,Petrol
933,Beat Diesel LT,Chevrolet,2012,150000,110000,Diesel
934,i20 Active 1.4 SX with AVN,Hyundai,2016,540000,80000,Diesel
935,SX4 ZDI,Maruti,2011,250000,85000,Diesel
936,Wagon R LXI Minor,Maruti,2010,200000,90000,Petrol
937,Indica V2 2001-2011 eLX,Tata,2011,130000,90000,Diesel
938,800 AC,Maruti,2007,90000,90000,Petrol
939,Verna 1.6 SX,Hyundai,2012,450000,120000,Diesel
940,Verna CRDi SX ABS,Hyundai,2009,280000,120000,Diesel
941,New Safari 3L Dicor LX 4x2,Tata,2007,280000,160000,Diesel
942,Zen LXI,Maruti,2006,120000,141000,Petrol
943,Swift Ldi BSIII,Maruti,2008,290000,100000,Diesel
944,Creta 1.4 EX Diesel,Hyundai,2019,1000000,15000,Diesel
945,Swift Dzire VDi,Maruti,2012,415000,108000,Diesel
946,Swift Dzire VDI,Maruti,2012,415000,108000,Diesel
947,Beat Diesel LT,Chevrolet,2015,240000,55000,Diesel
948,Indica Vista Aura 1.3 Quadrajet (ABS) BS IV,Tata,2010,250000,37944,Diesel
949,Figo Diesel EXI,Ford,2011,175000,90400,Diesel
950,Verna CRDi SX,Hyundai,2008,220000,85000,Diesel
951,Zen D,Maruti,2003,85000,120000,Diesel
952,Swift Dzire VXI 1.2,Maruti,2019,675000,5000,Petrol
953,Duster 85PS Diesel RxL,Renault,2016,535000,50000,Diesel
954,Triber RXZ BSIV,Renault,2019,675000,5000,Petrol
955,Vitara Brezza ZDi Plus Dual Tone,Maruti,2016,800000,90000,Diesel
956,Ertiga ZDI,Maruti,2012,425000,96000,Diesel
957,Eeco 5 Seater AC BSIV,Maruti,2011,150000,80000,Petrol
958,Zen Estilo 1.1 LXI BSIII,Maruti,2007,90000,60000,Petrol
959,XUV500 W6 2WD,Mahindra,2015,850000,90000,Diesel
960,Innova 2.5 G (Diesel) 7 Seater BS IV,Toyota,2008,330000,193623,Diesel
961,i20 1.4 Asta Option,Hyundai,2017,850000,63186,Diesel
962,Bolero SLX,Mahindra,2008,305000,219000,Diesel
963,Innova 2.5 VX (Diesel) 7 Seater,Toyota,2013,910000,110000,Diesel
964,Innova 2.5 VX 8 STR,Toyota,2012,1100000,151000,Diesel
965,Baleno Zeta Automatic,Maruti,2019,675000,5000,Petrol
966,Alto LXi BSIII,Maruti,2010,150000,91500,Petrol
967,Swift VDI BSIV,Maruti,2015,550000,23000,Diesel
968,Vento Diesel Highline,Volkswagen,2012,350000,40000,Diesel
969,Ritz VDi,Maruti,2012,300000,70000,Diesel
970,Innova Crysta 2.8 GX AT BSIV,Toyota,2018,1745000,10000,Diesel
971,Scorpio 2009-2014 EX 2WD 7S,Mahindra,2014,611000,90000,Diesel
972,Brio S MT,Honda,2016,400000,68000,Petrol
973,Elantra CRDi SX,Hyundai,2013,700000,120000,Diesel
974,Sail Hatchback LS ABS,Chevrolet,2013,300000,65000,Diesel
975,Getz GLS,Hyundai,2005,65000,85000,Petrol
976,Wagon R VXI BS IV,Maruti,2011,200000,94000,Petrol
977,i20 Asta Option 1.4 CRDi,Hyundai,2015,650000,100000,Diesel
978,i20 Asta Option 1.4 CRDi,Hyundai,2015,650000,80000,Diesel
979,Polo Diesel Trendline 1.2L,Volkswagen,2013,350000,80000,Diesel
980,Indica V2 DL BSIII,Tata,2011,75000,140500,Diesel
981,Swift Dzire VXi,Maruti,2010,240000,143000,Petrol
982,Alto K10 2010-2014 VXI,Maruti,2013,240000,60000,Petrol
983,Indica Vista Aura 1.3 Quadrajet (ABS) BS IV,Tata,2011,180000,120000,Diesel
984,Santa Fe 4WD AT,Hyundai,2014,900000,80000,Diesel
985,Thar DI 4X4,Mahindra,2014,425000,63000,Diesel
986,Spark 1.0 LT,Chevrolet,2009,95000,120000,Petrol
987,Swift Dzire VDI,Maruti,2018,811000,100000,Diesel
988,Verna VTVT 1.6 SX Option,Hyundai,2018,1100000,60000,Petrol
989,Tavera Neo 3 LT 9 Seats BSIII,Chevrolet,2013,600000,90000,Diesel
990,Ertiga VDI,Maruti,2014,550000,50000,Diesel
991,Scorpio S4 Plus 4WD,Mahindra,2015,715000,70000,Diesel
992,Xylo E8 BS4,Mahindra,2010,300000,40000,Diesel
993,Indigo LS BSII,Tata,2006,100000,120000,Diesel
994,Scorpio EX,Mahindra,2013,500000,195000,Diesel
995,Wagon R Stingray VXI,Maruti,2013,350000,40000,Petrol
996,Indica V2 DLS TC,Tata,2008,100000,40000,Diesel
997,Safari DICOR 2.2 EX 4x2,Tata,2012,325000,120000,Diesel
998,Wagon R LXI BS IV,Maruti,2012,220000,360003,Petrol
999,800 AC,Maruti,1999,55000,60000,Petrol
1000,KWID RXT,Renault,2016,330000,20000,Petrol
1001,Bolero 2011-2019 EX NON AC,Mahindra,2014,480000,37000,Diesel
1002,S-Cross 2017-2020 Zeta DDiS 200 SH,Maruti,2018,950000,57000,Diesel
1003,Verna Transform SX VGT CRDi,Hyundai,2011,300000,110000,Diesel
1004,Verna Xi (Petrol),Hyundai,2006,170000,110000,Petrol
1005,Innova 2.5 EV (Diesel) PS 8 Seater BS IV,Toyota,2013,850000,120000,Diesel
1006,Tigor 2017-2020 XZ Plus Diesel,Tata,2019,900000,8079,Diesel
1007,Innova 2.5 Z Diesel 7 Seater BS IV,Toyota,2015,1325000,114368,Diesel
1008,Fiesta Classic 1.4 Duratorq CLXI,Ford,2012,350000,79990,Diesel
1009,Figo Diesel Titanium,Ford,2012,425000,81632,Diesel
1010,Aspire Titanium Diesel BSIV,Ford,2016,600000,155201,Diesel
1011,Ecosport 1.5 DV5 MT Titanium,Ford,2014,750000,101504,Diesel
1012,Fiesta Classic 1.4 Duratorq CLXI,Ford,2012,450000,90165,Diesel
1013,Figo Titanium Diesel BSIV,Ford,2010,325000,86017,Diesel
1014,XUV500 W8 2WD,Mahindra,2013,900000,85036,Diesel
1015,Punto 1.3 Emotion,Fiat,2013,350000,160254,Diesel
1016,EcoSport 1.5 TDCi Titanium BSIV,Ford,2013,600000,125531,Diesel
1017,Verna VTVT 1.6 SX Option,Hyundai,2019,1100000,10000,Petrol
1018,Tiago 1.2 Revotron XZ,Tata,2017,520000,20000,Petrol
1019,Scorpio S10 7 Seater,Mahindra,2015,885000,170000,Diesel
1020,Nexon 1.5 Revotorq XZA Plus DualTone,Tata,2018,950000,40000,Diesel
1021,City 1.5 E MT,Honda,2008,229999,120000,Petrol
1022,Ritz VDi,Maruti,2013,409999,100000,Diesel
1023,Fiesta EXi 1.4 TDCi Ltd,Ford,2011,300000,110000,Diesel
1024,Indica V2 DLG TC,Tata,2008,175000,120000,Diesel
1025,Alto LX,Maruti,2000,108000,206000,Petrol
1026,Celerio ZXI,Maruti,2017,425000,40000,Petrol
1027,Optra Magnum 2.0 LS,Chevrolet,2011,272000,170000,Diesel
1028,i10 Magna 1.1L,Hyundai,2013,310000,70000,Petrol
1029,Creta 1.4 CRDi S Plus,Hyundai,2017,1125000,105000,Diesel
1030,Xcent 1.2 Kappa S Option,Hyundai,2014,450000,46000,Petrol
1031,Polo Diesel Highline 1.2L,Volkswagen,2011,388000,80000,Diesel
1032,Verna Transform SX VTVT,Hyundai,2011,400000,60000,Petrol
1033,City i DTEC VX,Honda,2015,760000,70000,Diesel
1034,Alto LXi,Maruti,2009,120000,90000,Petrol
1035,Swift Dzire VDI,Maruti,2019,757000,25000,Diesel
1036,Alto 800 VXI,Maruti,2015,270000,53000,Petrol
1037,Sumo MKII GX BS IV,Tata,2011,250000,90000,Diesel
1038,Innova Crysta 2.5 VX BS IV,Toyota,2011,800000,60000,Diesel
1039,Fortuner 4x2 Manual,Toyota,2014,1380000,150000,Diesel
1040,Thar CRDe AC,Mahindra,2014,700000,24000,Diesel
1041,Mobilio S i DTEC,Honda,2016,450000,100000,Diesel
1042,KUV 100 G80 K8,Mahindra,2018,650000,6000,Petrol
1043,XUV500 W8 2WD,Mahindra,2013,950000,49700,Diesel
1044,Innova 2.5 E Diesel MS 7-seater,Toyota,2007,626000,80000,Diesel
1045,Qualis Fleet A3,Toyota,2000,200000,100000,Diesel
1046,Swift Dzire AMT VXI,Maruti,2019,600000,10000,Petrol
1047,KWID RXT Optional,Renault,2019,290000,21000,Petrol
1048,Alto K10 2010-2014 VXI,Maruti,2013,215000,25000,Petrol
1049,KWID RXT Optional,Renault,2016,250000,22000,Petrol
1050,Ertiga SHVS ZDI Plus,Maruti,2017,750000,50000,Diesel
1051,Alto K10 VXI,Maruti,2016,250000,20000,Petrol
1052,BRV i-VTEC V CVT,Honda,2017,950000,15000,Petrol
1053,Figo Aspire 1.5 TDCi Titanium,Ford,2018,793000,30000,Diesel
1054,Creta 1.6 CRDi SX Option,Hyundai,2015,750000,74000,Diesel
1055,Jazz V CVT,Honda,2017,725000,6550,Petrol
1056,Grand i10 CRDi Sportz,Hyundai,2016,480000,30000,Diesel
1057,X6 xDrive30d,BMW,2013,3750000,56000,Diesel
1058,Swift Dzire ZXI Plus,Maruti,2018,795000,41779,Petrol
1059,Jazz 1.2 V i VTEC,Honda,2016,625000,54000,Petrol
1060,E-Class E250 CDI Avantgarde,Mercedes-Benz,2016,2900000,31000,Diesel
1061,Ignis 1.3 AMT Zeta,Maruti,2017,625000,37000,Diesel
1062,Cruze LTZ AT,Chevrolet,2011,440000,90000,Diesel
1063,Corolla Altis 1.8 G,Toyota,2018,1400000,13534,Petrol
1064,Corolla Altis 1.8 VL AT,Toyota,2017,1450000,7000,Petrol
1065,GLA Class 200 CDI SPORT,Mercedes-Benz,2017,2700000,23000,Diesel
1066,Innova Crysta 2.8 GX AT 8S BSIV,Toyota,2019,1925000,43000,Diesel
1067,Seltos HTX Plus AT D,Kia,2020,1900000,5000,Diesel
1068,Ciaz RS ZDi Plus SHVS,Maruti,2017,844999,70000,Diesel
1069,Rapid 1.5 TDI AT Style Plus,Skoda,2016,650000,99000,Diesel
1070,Swift ZXI 2018,Maruti,2018,750000,15000,Petrol
1071,6 Series GT 630d Luxury Line,BMW,2018,6000000,28156,Diesel
1072,Jazz 1.2 SV i VTEC,Honda,2015,610000,30000,Petrol
1073,Fortuner 2.8 2WD AT BSIV,Toyota,2018,2940000,100000,Diesel
1074,Creta 1.6 CRDi SX,Hyundai,2017,1150000,63309,Diesel
1075,Innova Crysta 2.8 ZX AT BSIV,Toyota,2016,1825000,94000,Diesel
1076,Elite i20 Asta Option CVT BSIV,Hyundai,2018,890000,29000,Petrol
1077,XE 2016-2019 2.0L Diesel Prestige,Jaguar,2017,2625000,9000,Diesel
1078,ES 300h,Lexus,2019,5150000,20000,Petrol
1079,XF 2.0 Diesel Portfolio,Jaguar,2017,3200000,45000,Diesel
1080,Safari Storme EX,Tata,2015,503000,110000,Diesel
1081,XC40 D4 Inscription BSIV,Volvo,2019,3800000,20000,Diesel
1082,Camry 2.5 Hybrid,Toyota,2016,2000000,68089,Petrol
1083,Wagon R LXI,Maruti,2013,225000,58343,Petrol
1084,Baleno Alpha 1.3,Maruti,2018,740000,38817,Diesel
1085,Jazz VX,Honda,2016,550000,56494,Petrol
1086,Innova 2.5 VX (Diesel) 7 Seater,Toyota,2013,750000,79328,Diesel
1087,Swift AMT VVT VXI,Maruti,2019,650000,5621,Petrol
1088,Etios VX,Toyota,2017,625000,25538,Petrol
1089,Swift AMT ZXI,Maruti,2018,600000,69779,Petrol
1090,Grand i10 1.2 CRDi Sportz,Hyundai,2017,450000,56290,Diesel
1091,X4 M Sport X xDrive20d,BMW,2019,5400000,7500,Diesel
1092,X4 M Sport X xDrive20d,BMW,2019,5500000,8500,Diesel
1093,Amaze V CVT Petrol BSIV,Honda,2019,779000,7032,Petrol
1094,Rapid 1.6 MPI AT Elegance,Skoda,2016,645000,11000,Petrol
1095,V40 D3 R-Design,Volvo,2018,2475000,2000,Diesel
1096,XE 2016-2019 2.0L Diesel Prestige,Jaguar,2017,2625000,9000,Diesel
1097,ES 300h,Lexus,2019,5150000,20000,Petrol
1098,XF 2.0 Diesel Portfolio,Jaguar,2017,3200000,45000,Diesel
1099,Safari Storme EX,Tata,2015,503000,110000,Diesel
1100,XC40 D4 Inscription BSIV,Volvo,2019,3800000,20000,Diesel
1101,Camry 2.5 Hybrid,Toyota,2016,2000000,68089,Petrol
1102,Wagon R LXI,Maruti,2013,225000,58343,Petrol
1103,Baleno Alpha 1.3,Maruti,2018,740000,38817,Diesel
1104,Jazz VX,Honda,2016,550000,56494,Petrol
1105,Innova 2.5 VX (Diesel) 7 Seater,Toyota,2013,750000,79328,Diesel
1106,Swift AMT VVT VXI,Maruti,2019,650000,5621,Petrol
1107,Etios VX,Toyota,2017,625000,25538,Petrol
1108,Swift AMT ZXI,Maruti,2018,600000,69779,Petrol
1109,Grand i10 1.2 CRDi Sportz,Hyundai,2017,450000,56290,Diesel
1110,X4 M Sport X xDrive20d,BMW,2019,5400000,7500,Diesel
1111,X4 M Sport X xDrive20d,BMW,2019,5500000,8500,Diesel
1112,Amaze V CVT Petrol BSIV,Honda,2019,779000,7032,Petrol
1113,Rapid 1.6 MPI AT Elegance,Skoda,2016,645000,11000,Petrol
1114,V40 D3 R-Design,Volvo,2018,2475000,2000,Diesel
1115,XE 2016-2019 2.0L Diesel Prestige,Jaguar,2017,2625000,9000,Diesel
1116,ES 300h,Lexus,2019,5150000,20000,Petrol
1117,XF 2.0 Diesel Portfolio,Jaguar,2017,3200000,45000,Diesel
1118,Safari Storme EX,Tata,2015,503000,110000,Diesel
1119,XC40 D4 Inscription BSIV,Volvo,2019,3800000,20000,Diesel
1120,Camry 2.5 Hybrid,Toyota,2016,2000000,68089,Petrol
1121,Wagon R LXI,Maruti,2013,225000,58343,Petrol
1122,Baleno Alpha 1.3,Maruti,2018,740000,38817,Diesel
1123,Jazz VX,Honda,2016,550000,56494,Petrol
1124,Innova 2.5 VX (Diesel) 7 Seater,Toyota,2013,750000,79328,Diesel
1125,Swift AMT VVT VXI,Maruti,2019,650000,5621,Petrol
1126,Etios VX,Toyota,2017,625000,25538,Petrol
1127,Swift AMT ZXI,Maruti,2018,600000,69779,Petrol
1128,Grand i10 1.2 CRDi Sportz,Hyundai,2017,450000,56290,Diesel
1129,X4 M Sport X xDrive20d,BMW,2019,5400000,7500,Diesel
1130,X4 M Sport X xDrive20d,BMW,2019,5500000,8500,Diesel
1131,Amaze V CVT Petrol BSIV,Honda,2019,779000,7032,Petrol
1132,Rapid 1.6 MPI AT Elegance,Skoda,2016,645000,11000,Petrol
1133,V40 D3 R-Design,Volvo,2018,2475000,2000,Diesel
1134,XE 2016-2019 2.0L Diesel Prestige,Jaguar,2017,2625000,9000,Diesel
1135,ES 300h,Lexus,2019,5150000,20000,Petrol
1136,XF 2.0 Diesel Portfolio,Jaguar,2017,3200000,45000,Diesel
1137,Safari Storme EX,Tata,2015,503000,110000,Diesel
1138,XC40 D4 Inscription BSIV,Volvo,2019,3800000,20000,Diesel
1139,Camry 2.5 Hybrid,Toyota,2016,2000000,68089,Petrol
1140,Wagon R LXI,Maruti,2013,225000,58343,Petrol
1141,Baleno Alpha 1.3,Maruti,2018,740000,38817,Diesel
1142,Jazz VX,Honda,2016,550000,56494,Petrol
1143,Innova 2.5 VX (Diesel) 7 Seater,Toyota,2013,750000,79328,Diesel
1144,Swift AMT VVT VXI,Maruti,2019,650000,5621,Petrol
1145,Etios VX,Toyota,2017,625000,25538,Petrol
1146,Swift AMT ZXI,Maruti,2018,600000,69779,Petrol
1147,Grand i10 1.2 CRDi Sportz,Hyundai,2017,450000,56290,Diesel
1148,X4 M Sport X xDrive20d,BMW,2019,5400000,7500,Diesel
1149,X4 M Sport X xDrive20d,BMW,2019,5500000,8500,Diesel
1150,Amaze V CVT Petrol BSIV,Honda,2019,779000,7032,Petrol
1151,Rapid 1.6 MPI AT Elegance,Skoda,2016,645000,11000,Petrol
1152,V40 D3 R-Design,Volvo,2018,2475000,2000,Diesel
1153,Indigo CS eLX BS IV,Tata,2017,385000,155000,Diesel
1154,Celerio ZXI AT,Maruti,2016,400000,35000,Petrol
1155,Grand i10 1.2 CRDi Sportz Option,Hyundai,2018,550000,50000,Diesel
1156,Tavera Neo LS B3 - 7(C) seats BSIII,Chevrolet,2010,270000,185000,Diesel
1157,Indigo CS LS (TDI) BS III,Tata,2013,200000,175000,Diesel
1158,KWID RXT Optional,Renault,2016,310000,11500,Petrol
1159,Xcent 1.2 CRDi S,Hyundai,2019,700000,3000,Diesel
1160,Sail LT ABS,Chevrolet,2015,480000,80000,Diesel
1161,Alto LXI,Maruti,2005,90000,40000,Petrol
1162,Alto LXI,Maruti,2005,80000,40000,Petrol
1163,Ritz VDi,Maruti,2015,350000,90000,Diesel
1164,SX4 S Cross 2015-2017 DDiS 200 Zeta,Maruti,2017,600000,100000,Diesel
1165,Scorpio M2DI,Mahindra,2011,350000,120000,Diesel
1166,Vitara Brezza VDi Option,Maruti,2018,770000,50000,Diesel
1167,Verito 1.5 D6 BSIV,Mahindra,2012,350000,25000,Diesel
1168,Scorpio VLX 2WD AIRBAG BSIV,Mahindra,2011,600000,50000,Diesel
1169,TUV 300 T8,Mahindra,2016,750000,71000,Diesel
1170,Wagon R VXI BS IV,Maruti,2016,340000,40000,Petrol
1171,Elite i20 Petrol Sportz,Hyundai,2018,650000,31800,Petrol
1172,i10 Sportz,Hyundai,2014,300000,65000,Petrol
1173,Alto 800 LXI,Maruti,2014,204999,15000,Petrol
1174,Verito 1.5 D4 BSIII,Mahindra,2012,254999,70000,Diesel
1175,Figo Aspire 1.2 Ti-VCT Titanium,Ford,2017,650000,5000,Petrol
1176,EON Magna Plus,Hyundai,2017,280000,50000,Petrol
1177,Indica V2 DLS,Tata,2011,100000,80000,Diesel
1178,Tavera Neo 3 9 Str BSIII,Chevrolet,2014,575000,70000,Diesel
1179,Vitara Brezza VDi,Maruti,2017,780000,40000,Diesel
1180,Bolero 2011-2019 ZLX,Mahindra,2013,467000,157000,Diesel
1181,Scorpio S10 7 Seater,Mahindra,2015,1050000,90000,Diesel
1182,i10 Magna 1.1L,Hyundai,2011,225000,80000,Petrol
1183,Santro GLS I - Euro II,Hyundai,2004,90000,90000,Petrol
1184,Santro Xing XG AT eRLX Euro III,Hyundai,2004,80000,80000,Petrol
1185,Etios Liva GD,Toyota,2012,300000,80000,Diesel
1186,Verito 1.5 D4 BSIV,Mahindra,2012,260000,70000,Diesel
1187,Spark 1.0 E,Chevrolet,2009,90000,50000,Petrol
1188,Figo Diesel ZXI,Ford,2012,280000,60000,Diesel
1189,Verito 1.5 D4 BSIII,Mahindra,2014,350000,106000,Diesel
1190,Scorpio 2.6 SLX Turbo 7 Seater,Mahindra,2006,229999,80000,Diesel
1191,Bolero 2011-2019 DI NON AC BS III White,Mahindra,2016,550000,80000,Diesel
1192,Innova 2.5 VX (Diesel) 8 Seater BS IV,Toyota,2013,850000,110000,Diesel
1193,Bolero DI,Mahindra,2011,370000,120000,Diesel
1194,Alto K10 LXI,Maruti,2013,250000,27000,Petrol
1195,Alto LXi,Maruti,2007,95000,70000,Petrol
1196,Wagon R LXI Minor,Maruti,2010,180000,70000,Petrol
1197,NuvoSport N8 AMT,Mahindra,2016,650000,50000,Diesel
1198,Xcent 1.2 CRDi E,Hyundai,2018,530000,60000,Diesel
1199,Swift VVT ZXI,Maruti,2017,610000,15000,Petrol
1200,Zen Estilo VXI BSIV W ABS,Maruti,2011,200000,40000,Petrol
1201,Xylo E4 8S,Mahindra,2010,265000,135000,Diesel
1202,Tiago 1.2 Revotron XZ WO Alloy,Tata,2018,560000,26300,Petrol
1203,Bolero 2011-2019 SLE,Mahindra,2014,430000,120000,Diesel
1204,Swift Dzire VDI,Maruti,2017,711000,35000,Diesel
1205,Swift Dzire VXI,Maruti,2015,511000,30000,Petrol
1206,Bolero 2011-2019 ZLX,Mahindra,2012,450000,165000,Diesel
1207,Zest Revotron 1.2 XT,Tata,2015,325000,50000,Petrol
1208,Scala Diesel RxZ,Renault,2013,434999,120000,Diesel
1209,Figo Diesel LXI,Ford,2010,210000,100000,Diesel
1210,Omni BSIII 8-STR W/ IMMOBILISER,Maruti,2009,140000,90000,Petrol
1211,SX4 Vxi BSIII,Maruti,2007,160000,120000,Petrol
1212,Ertiga VXI Limited Edition,Maruti,2017,650000,70000,Petrol
1213,Swift VDI BSIV,Maruti,2008,250000,90000,Diesel
1214,i20 Sportz 1.2,Hyundai,2014,320000,72000,Petrol
1215,KWID Climber 1.0 MT,Renault,2017,290000,50000,Petrol
1216,Jeep Classic,Mahindra,1996,163000,5000,Diesel
1217,Nano CX,Tata,2013,80000,30000,Petrol
1218,Safari Storme EX,Tata,2017,1100000,20000,Diesel
1219,Ciaz ZDi Plus,Maruti,2015,600000,110000,Diesel
1220,KWID RXT,Renault,2017,340000,25000,Petrol
1221,Innova 2.5 G (Diesel) 7 Seater,Toyota,2014,750000,120000,Diesel
1222,Alto LX,Maruti,2006,100000,40000,Petrol
1223,KWID RXT Optional,Renault,2019,395000,10000,Petrol
1224,Wagon R VXI Minor,Maruti,2010,200000,65000,Petrol
1225,Eeco CNG 5 Seater AC BSIV,Maruti,2019,450000,10000,CNG
1226,Verito 1.4 G4 BSIV,Mahindra,2012,180000,110000,Petrol
1227,Bolero DI,Mahindra,2008,190000,120000,Diesel
1228,Eeco 5 Seater AC BSIV,Maruti,2015,310000,72000,Petrol
1229,Ritz VDi,Maruti,2014,351000,89100,Diesel
1230,Optra 1.6 LT Royale,Chevrolet,2006,190000,94000,Petrol
1231,EON Magna Plus,Hyundai,2015,225000,120000,Petrol
1232,Spark 1.0 LT,Chevrolet,2012,130000,110000,Petrol
1233,Ciaz Alpha Diesel,Maruti,2018,1000000,50000,Diesel
1234,Indica V2 DLS TC,Tata,2004,55000,90000,Diesel
1235,Sail 1.2 LT ABS,Chevrolet,2014,330000,23000,Petrol
1236,Omni MPI STD BSIV,Maruti,2013,166000,50000,Petrol
1237,Xylo D4 BSIII,Mahindra,2013,200000,300000,Diesel
1238,Alto K10 2010-2014 VXI,Maruti,2011,140000,50000,Petrol
1239,Eeco CNG 5 Seater AC BSIV,Maruti,2017,370000,140000,CNG
1240,Elite i20 Sportz Plus CVT BSIV,Hyundai,2019,720000,16000,Petrol
1241,i20 Active 1.4,Hyundai,2015,500000,126000,Diesel
1242,Xcent 1.2 VTVT SX,Hyundai,2019,570000,15000,Petrol
1243,Swift Dzire 1.2 Vxi BSIV,Maruti,2010,210000,200000,Petrol
1244,Alto LXi,Maruti,2009,120000,120000,Petrol
1245,Getz GLX,Hyundai,2005,95000,120000,Petrol
1246,i10 Sportz AT,Hyundai,2010,196000,110000,Petrol
1247,Eeco 5 Seater AC BSIV,Maruti,2016,392000,38000,Petrol
1248,Manza Aura Plus Safire,Tata,2010,150000,104000,Petrol
1249,BR-V i-VTEC E MT,Honda,2017,595000,120000,Petrol
1250,Vitara Brezza ZDi Plus AMT Dual Tone,Maruti,2018,833000,35000,Diesel
1251,Swift VDI,Maruti,2011,280000,210000,Diesel
1252,800 Std BSII,Maruti,2003,35000,35000,Petrol
1253,Ritz VDi,Maruti,2009,180000,85000,Diesel
1254,Wagon R VXi BSII,Maruti,2012,225000,80000,Petrol
1255,New C-Class 220 CDI AT,Mercedes-Benz,2012,1400000,50000,Diesel
1256,i20 Era Diesel,Hyundai,2009,340000,40000,Diesel
1257,Innova 2.5 GX 8 STR,Toyota,2010,550000,216000,Diesel
1258,Wagon R VXI BS IV,Maruti,2017,400000,65000,Petrol
1259,Getz GLE,Hyundai,2006,90000,100000,Petrol
1260,Ciaz VDi Plus SHVS,Maruti,2015,650000,84000,Diesel
1261,Innova 2.5 G (Diesel) 7 Seater BS IV,Toyota,2012,730000,210000,Diesel
1262,Aveo U-VA 1.2 LS,Chevrolet,2010,125000,60000,Petrol
1263,Getz GLE,Hyundai,2006,81000,100000,Petrol
1264,Swift Glam,Maruti,2007,170000,78000,Petrol
1265,City 1.5 EXI,Honda,2002,81000,161000,Petrol
1266,Alto LX,Maruti,2005,95000,70000,Petrol
1267,Nano Cx BSIV,Tata,2010,55000,50000,Petrol
1268,Lodgy World Edition 110PS,Renault,2017,880000,65000,Diesel
1269,KWID RXL,Renault,2015,200000,50000,Petrol
1270,Wagon R VXI 1.2,Maruti,2019,480000,25000,Petrol
1271,Bolero 2011-2019 Plus AC,Mahindra,2013,480000,100000,Diesel
1272,i20 1.2 Asta,Hyundai,2018,700000,6000,Petrol
1273,BRV i-DTEC V MT,Honda,2016,850000,72113,Diesel
1274,Indigo CR4,Tata,2012,300000,40000,Diesel
1275,i20 1.2 Asta Option,Hyundai,2017,650000,8000,Petrol
1276,Ritz VXI,Maruti,2010,220000,20000,Petrol
1277,Indigo CS LS (TDI) BS-III,Tata,2014,300000,45000,Diesel
1278,Swift Dzire VDI,Maruti,2014,450000,80000,Diesel
1279,Swift VDI BSIV,Maruti,2014,400000,90000,Diesel
1280,S-Cross 2017-2020 Alpha DDiS 200 SH,Maruti,2018,1030000,25000,Diesel
1281,Manza Aura Quadrajet,Tata,2010,190000,100000,Diesel
1282,Fiesta 1.4 Duratec EXI,Ford,2006,140000,60000,Petrol
1283,i20 Active S Diesel,Hyundai,2018,800000,30000,Diesel
1284,Scorpio LX 2.6 Turbo,Mahindra,2007,229999,120000,Diesel
1285,Safari DICOR 2.2 EX 4x2,Tata,2011,300000,80000,Diesel
1286,Vento Diesel Highline,Volkswagen,2011,375000,69000,Diesel
1287,Beat LT,Chevrolet,2010,140000,75000,Petrol
1288,Alto LX,Maruti,2004,60000,113000,Petrol
1289,Xcent 1.1 CRDi S Option,Hyundai,2014,420000,90000,Diesel
1290,Pulse RxZ,Renault,2012,300000,100000,Diesel
1291,Indica Vista Quadrajet VX,Tata,2012,150000,110000,Diesel
1292,EcoSport 1.5 TDCi Titanium Plus BSIV,Ford,2015,600000,90000,Diesel
1293,Figo Diesel Titanium,Ford,2011,204999,100000,Diesel
1294,Xcent 1.2 CRDi SX,Hyundai,2017,625000,50000,Diesel
1295,Grande Punto 1.3 Emotion Pack 90HP (Diesel),Fiat,2011,280000,200000,Diesel
1296,Santa Fe 2WD AT,Hyundai,2014,1050000,146000,Diesel
1297,Optra Magnum 1.6 LT Petrol,Chevrolet,2009,250000,80000,Petrol
1298,New Safari DICOR 2.2 EX 4x2,Tata,2010,535000,96443,Diesel
1299,Accord 2.4 AT,Honda,2009,400000,100000,Petrol
1300,Swift AMT VXI,Maruti,2019,610000,10000,Petrol
1301,Swift Dzire VDI,Maruti,2014,509999,110000,Diesel
1302,Safari Storme VX,Tata,2014,521000,86000,Diesel
1303,Swift Dzire VDI,Maruti,2014,511000,100000,Diesel
1304,i20 Sportz 1.4 CRDi,Hyundai,2014,451000,91000,Diesel
1305,i10 Sportz,Hyundai,2009,170000,100000,Petrol
1306,Swift Dzire VDI,Maruti,2013,450000,120000,Diesel
1307,City 1.5 V Elegance,Honda,2011,375000,90000,Petrol
1308,Alto 800 LXI,Maruti,2016,305000,60000,Petrol
1309,KWID RXT,Renault,2016,315000,51500,Petrol
1310,Sail 1.3 LS,Chevrolet,2016,250000,60000,Diesel
1311,Figo Diesel EXI,Ford,2012,200000,104500,Diesel
1312,EcoSport 1.5 Diesel Titanium Plus BSIV,Ford,2018,950000,30000,Diesel
1313,Duster 110PS Diesel RxL,Renault,2012,400000,120000,Diesel
1314,Swift ZDi,Maruti,2014,509999,100000,Diesel
1315,Civic 1.8 V MT,Honda,2008,375000,90000,Petrol
1316,Wagon R LXI,Maruti,2005,150000,150000,Petrol
1317,Wagon R AX,Maruti,2006,75000,60000,Petrol
1318,Verna 1.4 VTVT,Hyundai,2015,465000,50000,Petrol
1319,Grand i10 1.2 CRDi Asta,Hyundai,2019,700000,10000,Diesel
1320,Scorpio 1.99 S10,Mahindra,2015,950000,120000,Diesel
1321,i20 1.2 Asta,Hyundai,2017,610000,40000,Petrol
1322,Santro GS zipDrive - Euro II,Hyundai,2004,60000,120000,Petrol
1323,Alto 800 LXI,Maruti,2014,235000,50000,Petrol
1324,Eeco 5 Seater AC BSIV,Maruti,2017,330000,90000,Petrol
1325,Terrano XE 85 PS,Nissan,2014,472000,90000,Diesel
1326,Swift VXI,Maruti,2019,585000,10000,Petrol
1327,Supro LX 8 Str,Mahindra,2018,500000,10000,Diesel
1328,Alto K10 VXI,Maruti,2019,360000,27000,Petrol
1329,Swift Dzire VDI,Maruti,2016,649000,70000,Diesel
1330,Omni MPI CARGO BSIV,Maruti,2017,200000,50000,Petrol
1331,Swift 1.3 VXi,Maruti,2008,240000,60000,Petrol
1332,Grand i10 CRDi Magna,Hyundai,2014,400000,110000,Diesel
1333,Celerio VDi,Maruti,2015,250000,100000,Diesel
1334,Marazzo M6,Mahindra,2018,1200000,50000,Diesel
1335,Swift Vdi BSIII,Maruti,2009,250000,105000,Diesel
1336,Innova 2.5 GX (Diesel) 8 Seater,Toyota,2013,819999,110000,Diesel
1337,XUV500 W8 2WD,Mahindra,2014,800000,60000,Diesel
1338,Ecosport 1.0 Ecoboost Titanium Optional,Ford,2013,429000,49102,Petrol
1339,Santro Xing GLS,Hyundai,2010,150000,60000,Petrol
1340,Swift VDI BSIV,Maruti,2010,315000,120000,Diesel
1341,Beat Diesel LT,Chevrolet,2012,170000,90000,Diesel
1342,Brio Exclusive Edition,Honda,2014,335000,33033,Petrol
1343,Grand i10 AT Asta,Hyundai,2015,465000,63063,Petrol
1344,Duster 110PS Diesel RxL,Renault,2013,360000,81000,Diesel
1345,Xcent 1.2 CRDi SX,Hyundai,2018,570000,80000,Diesel
1346,Duster 110PS Diesel RxZ,Renault,2012,350000,105000,Diesel
1347,Ingenio CRDe,Mahindra,2017,600000,60000,Diesel
1348,Ertiga BSIV VXI,Maruti,2017,700000,227000,Petrol
1349,Duster 110PS Diesel RxZ,Renault,2012,375000,100000,Diesel
1350,Eeco CNG 5 Seater AC BSIV,Maruti,2019,450000,60000,CNG
1351,i20 Magna 1.4 CRDi (Diesel),Hyundai,2013,325000,70000,Diesel
1352,Vento Diesel Comfortline,Volkswagen,2011,260000,120000,Diesel
1353,Alto LXi BSIII,Maruti,2009,130000,80000,Petrol
1354,New Safari DICOR 2.2 EX 4x2,Tata,2008,150000,120000,Diesel
1355,Santro Xing GLS,Hyundai,2014,220000,40000,Petrol
1356,i10 Magna 1.2 iTech SE,Hyundai,2014,275000,53000,Petrol
1357,Swift LDI Optional,Maruti,2017,455000,60000,Diesel
1358,i20 1.2 Magna Executive,Hyundai,2017,570000,30000,Petrol
1359,Vento Diesel Highline,Volkswagen,2013,330000,100000,Diesel
1360,Innova Crysta 2.4 VX MT BSIV,Toyota,2018,1576000,70000,Diesel
1361,Ertiga ZDI,Maruti,2012,450000,98000,Diesel
1362,EON Magna Plus,Hyundai,2014,250000,60000,Petrol
1363,i10 Sportz,Hyundai,2010,165000,80000,Petrol
1364,Ssangyong Rexton RX7,Mahindra,2013,800000,117000,Diesel
1365,Jazz 1.2 V i VTEC,Honda,2018,680000,8576,Petrol
1366,Tigor 1.2 Revotron XZA,Tata,2017,525000,19723,Petrol
1367,City 1.5 V MT Sunroof,Honda,2016,825000,21446,Petrol
1368,S-Cross 2017-2020 Sigma DDiS 200 SH,Maruti,2017,750000,52289,Diesel
1369,Scorpio S4 Plus,Mahindra,2017,950000,52236,Diesel
1370,Scorpio S4 Plus 4WD,Mahindra,2017,950000,54470,Diesel
1371,i20 1.4 CRDi Magna,Hyundai,2017,675000,25471,Diesel
1372,Tiago XT,Tata,2019,490000,33928,Petrol
1373,TUV 300 T4 Plus,Mahindra,2018,775000,59736,Diesel
1374,City 1.5 V MT,Honda,2009,350000,54290,Petrol
1375,Brio S MT,Honda,2016,475000,2118,Petrol
1376,Scorpio S4 7 Seater,Mahindra,2017,950000,61379,Diesel
1377,City i-VTEC S,Honda,2010,350000,58544,Petrol
1378,Wagon R VXI,Maruti,2016,400000,74381,Petrol
1379,800 DX 5 Speed,Maruti,2001,75000,35000,Petrol
1380,Ecosport 1.5 DV5 MT Titanium,Ford,2017,850000,63982,Diesel
1381,Wagon R VXI,Maruti,2008,175000,65000,Petrol
1382,Bolero 2011-2019 SLE,Mahindra,2014,570000,74000,Diesel
1383,Duster 110PS Diesel RxZ,Renault,2013,525000,56429,Diesel
1384,i10 Magna 1.2 iTech SE,Hyundai,2012,270000,56000,Petrol
1385,Santro Magna,Hyundai,2019,434999,19500,Petrol
1386,i20 Asta Option 1.2,Hyundai,2015,495000,30000,Petrol
1387,i20 Asta Option 1.4 CRDi,Hyundai,2016,575000,53000,Diesel
1388,Xcent 1.2 VTVT S,Hyundai,2017,600000,5000,Petrol
1389,Verna 1.6 VTVT S Option,Hyundai,2015,700000,25000,Petrol
1390,City i DTec V,Honda,2014,560000,72000,Diesel
1391,Swift VDI BSIV W ABS,Maruti,2016,565000,72000,Diesel
1392,Bolero DI AC BSIII,Mahindra,2005,250000,80000,Diesel
1393,Rapid 1.6 MPI Ambition Plus,Skoda,2013,409999,29000,Petrol
1394,Terrano XL D Option,Nissan,2016,495000,56832,Diesel
1395,Elite i20 Petrol Asta,Hyundai,2014,470000,30528,Petrol
1396,Amaze S Diesel,Honda,2013,350000,65285,Diesel
1397,Innova Crysta 2.4 G MT 8 STR,Toyota,2020,1560000,20102,Diesel
1398,Jazz 1.2 S i VTEC,Honda,2015,480000,43000,Petrol
1399,Etios Liva 1.4 GD,Toyota,2013,270000,52380,Diesel
1400,Bolero B2,Mahindra,2018,660000,74250,Diesel
1401,Ignis 1.2 AMT Alpha BSIV,Maruti,2017,490000,57247,Petrol
1402,Vitara Brezza ZDi Plus,Maruti,2017,800000,52000,Diesel
1403,Sunny XV,Nissan,2011,350000,47000,Petrol
1404,Fiesta EXi 1.4 TDCi Ltd,Ford,2011,170000,80000,Diesel
1405,Indica Vista Aqua 1.3 Quadrajet,Tata,2011,125000,85000,Diesel
1406,Swift Dzire VDi,Maruti,2012,400000,100000,Diesel
1407,Sunny XV,Nissan,2011,250000,110000,Petrol
1408,Linea Emotion (Diesel),Fiat,2010,190000,178000,Diesel
1409,Alto LX,Maruti,2010,125000,120000,Petrol
1410,Compass 2.0 Limited 4X4,Jeep,2017,1950000,70000,Diesel
1411,Q5 2.0 TDI,Audi,2011,1300000,120000,Diesel
1412,Innova 2.5 G4 Diesel 8-seater,Toyota,2010,786000,155000,Diesel
1413,Wagon R VXI BS IV,Maruti,2015,335000,30000,Petrol
1414,Wagon R LXI Minor,Maruti,2009,114999,60000,Petrol
1415,Polo Diesel Comfortline 1.2L,Volkswagen,2012,229999,70000,Diesel
1416,i20 2015-2017 Asta 1.4 CRDi,Hyundai,2017,731000,40000,Diesel
1417,Verna 1.6 SX,Hyundai,2012,395000,120000,Diesel
1418,Swift Dzire VDI,Maruti,2015,500000,120000,Diesel
1419,EON Era Plus,Hyundai,2014,220000,50000,Petrol
1420,Figo Diesel Celebration Edition,Ford,2013,240000,100000,Diesel
1421,i20 1.4 CRDi Asta,Hyundai,2010,215000,120000,Diesel
1422,Swift VDI,Maruti,2012,400000,90000,Diesel
1423,Zen Estilo VXI BSIV,Maruti,2012,191000,90000,Petrol
1424,Xylo D4 BSIII,Mahindra,2013,351000,100000,Diesel
1425,Nano XTA,Tata,2015,250000,20000,Petrol
1426,Verna CRDi SX ABS,Hyundai,2009,210000,90000,Diesel
1427,Etios VX,Toyota,2011,300000,120000,Petrol
1428,Figo Aspire 1.5 TDCi Trend,Ford,2017,700000,35000,Diesel
1429,Sonata CRDi M/T,Hyundai,2010,500000,120000,Diesel
1430,800 AC BSIII,Maruti,2002,120000,120000,Petrol
1431,Elite i20 Asta Option Diesel,Hyundai,2019,850000,10000,Diesel
1432,Jeep CL 500 MDI,Mahindra,1994,120000,100000,Diesel
1433,WR-V i-DTEC VX,Honda,2017,770000,65000,Diesel
1434,Civic 1.8 S MT,Honda,2007,245000,90000,Petrol
1435,Alto K10 2010-2014 VXI,Maruti,2012,250000,90000,Petrol
1436,i20 Active SX Diesel,Hyundai,2016,651000,42323,Diesel
1437,City V MT,Honda,2013,480000,42462,Petrol
1438,Swift VDI BSIV,Maruti,2015,470000,54723,Diesel
1439,Jazz 1.5 V i DTEC,Honda,2016,500000,30000,Diesel
1440,X1 sDrive20d M Sport,BMW,2011,1075000,42545,Diesel
1441,S-Cross 2017-2020 Delta DDiS 200 SH,Maruti,2016,690000,32000,Diesel
1442,Swift Dzire VDI Optional,Maruti,2017,589000,41232,Diesel
1443,Swift Dzire VDI Optional,Maruti,2017,589000,41232,Diesel
1444,Ignis 1.2 Delta BSIV,Maruti,2018,480000,20375,Petrol
1445,Swift ZDI Plus,Maruti,2013,450000,43978,Diesel
1446,Vitara Brezza VDi Option,Maruti,2018,770000,50000,Diesel
1447,Bolero B4,Mahindra,2015,445000,40200,Diesel
1448,i20 1.2 Asta Option,Hyundai,2018,700000,30000,Petrol
1449,Ertiga ZDI,Maruti,2014,560000,90000,Diesel
1450,Ecosport Sports Diesel,Ford,2013,475000,48000,Diesel
1451,Amaze E Diesel BSIV,Honda,2014,465000,27233,Diesel
1452,Swift Dzire Tour LDI,Maruti,2017,520000,28832,Diesel
1453,Manza Aura Safire,Tata,2011,225000,35000,Petrol
1454,Ertiga ZXI,Maruti,2015,700000,35000,Petrol
1455,Vitara Brezza VDi,Maruti,2017,780000,40000,Diesel
1456,City 2017-2020 GXi,Honda,2006,93150,80000,Petrol
1457,Quanto C4,Mahindra,2016,403000,30000,Diesel
1458,i10 Era,Hyundai,2009,229999,50000,Petrol
1459,Swift Dzire VDI,Maruti,2016,525000,40000,Diesel
1460,Ertiga VXI,Maruti,2014,560000,25000,Petrol
1461,XUV500 W7,Mahindra,2020,830000,120000,Diesel
1462,Ritz VDi,Maruti,2011,250000,60000,Diesel
1463,Bolero 2011-2019 DI - AC BS III,Mahindra,2014,450000,110000,Diesel
1464,Scorpio 1.99 S4,Mahindra,2016,745000,67000,Diesel
1465,Figo Diesel Titanium,Ford,2010,144000,50000,Diesel
1466,Zen Estilo 1.1 VXI BSIII,Maruti,2008,120000,40000,Petrol
1467,New Safari DICOR 2.2 EX 4x2,Tata,2008,300000,120000,Diesel
1468,800 DX,Maruti,1999,52000,100000,Petrol
1469,Scorpio 2.6 CRDe,Mahindra,2003,300000,98000,Diesel
1470,Bolero DI DX 7 Seater,Mahindra,2009,270000,150000,Diesel
1471,Sail LT ABS,Chevrolet,2014,260000,38000,Diesel
1472,Etios GD,Toyota,2015,475000,120000,Diesel
1473,Figo Diesel Titanium,Ford,2011,302000,103000,Diesel
1474,800 AC,Maruti,1994,45000,60000,Petrol
1475,Vitara Brezza VDi Option,Maruti,2017,775000,80000,Diesel
1476,Ertiga VDI,Maruti,2015,700000,50000,Diesel
1477,Swift VDI BSIV,Maruti,2014,530000,90000,Diesel
1478,Nexon 1.5 Revotorq XZ Plus,Tata,2017,869999,70000,Diesel
1479,Elantra CRDi,Hyundai,2006,155000,110000,Diesel
1480,Tiago 1.2 Revotron XZA,Tata,2019,550000,30000,Petrol
1481,Swift Dzire VDI,Maruti,2016,600000,80000,Diesel
1482,Swift Dzire VDi,Maruti,2012,430000,110000,Diesel
1483,Manza Aura (ABS) Quadrajet,Tata,2010,246000,120000,Diesel
1484,Zen VXi - BS III,Maruti,2003,120000,120000,Petrol
1485,i20 Asta 1.2,Hyundai,2014,565000,70000,Petrol
1486,Elite i20 Asta Option Diesel,Hyundai,2018,850000,60000,Diesel
1487,Alto LXi BSIII,Maruti,2006,160000,90000,Petrol
1488,Linea Classic Plus 1.3 Multijet,Fiat,2014,325000,142500,Diesel
1489,Scorpio VLX 2WD AIRBAG BSIV,Mahindra,2011,450000,90000,Diesel
1490,i10 Sportz 1.1L,Hyundai,2015,310000,50000,Petrol
1491,Amaze S i-Dtech,Honda,2013,250000,90000,Diesel
1492,Swift Dzire LDI,Maruti,2015,420000,115000,Diesel
1493,i20 Sportz AT 1.4,Hyundai,2013,330000,150000,Petrol
1494,Swift VXI Optional,Maruti,2015,405000,68000,Petrol
1495,Bolero 2011-2019 ZLX,Mahindra,2013,400000,90000,Diesel
1496,City V AT,Honda,2010,409999,110000,Petrol
1497,Bolero 2011-2019 SLX 2WD BSIII,Mahindra,2013,500000,70000,Diesel
1498,XUV500 W8 4WD,Mahindra,2011,590000,80000,Diesel
1499,Santro Xing XS eRLX Euro III,Hyundai,2006,80000,118000,Petrol
1500,i10 Era,Hyundai,2007,135000,100000,Petrol
1501,Wagon R LXI,Maruti,2004,70000,70000,Petrol
1502,800 Std BSII,Maruti,2004,45000,77000,Petrol
1503,Swift Dzire VDI,Maruti,2018,650000,35500,Diesel
1504,Wagon R VXI Optional,Maruti,2018,400000,17500,Petrol
1505,Alto K10 VXI,Maruti,2017,350000,27000,Petrol
1506,Grand i10 1.2 CRDi Asta,Hyundai,2017,550000,60000,Diesel
1507,Wagon R LXI Optional,Maruti,2016,350000,25000,Petrol
1508,Swift Dzire LDI Optional,Maruti,2015,459999,80000,Diesel
1509,Alto LXi,Maruti,2012,185000,60000,Petrol
1510,Polo Diesel Highline 1.2L,Volkswagen,2013,550000,38000,Diesel
1511,Wagon R Duo Lxi,Maruti,2012,300000,100000,LPG
1512,Omni E 8 Str STD,Maruti,2012,175000,60000,Petrol
1513,Innova 2.5 G (Diesel) 8 Seater BS IV,Toyota,2011,900000,110000,Diesel
1514,BR-V i-DTEC S MT,Honda,2016,900000,92000,Diesel
1515,Bolero 2011-2019 Plus AC,Mahindra,2012,550000,180000,Diesel
1516,Baleno Zeta 1.2,Maruti,2018,625000,10000,Petrol
1517,Alto 800 VXI,Maruti,2017,310000,35000,Petrol
1518,Swift DDiS LDI,Maruti,2017,500000,35000,Diesel
1519,Grand i10 CRDi Sportz,Hyundai,2016,610000,23000,Diesel
1520,Indigo CS LX (TDI) BS III,Tata,2012,150000,150000,Diesel
1521,Xcent 1.1 CRDi SX Option,Hyundai,2015,480000,70000,Diesel
1522,i20 1.2 Asta Option,Hyundai,2017,650000,40000,Petrol
1523,i20 1.4 CRDi Magna,Hyundai,2012,290000,100000,Diesel
1524,Alto 800 LXI,Maruti,2017,300000,50000,Petrol
1525,Swift Dzire VDi,Maruti,2010,270000,120000,Diesel
1526,Xcent 1.1 CRDi S,Hyundai,2015,400000,60000,Diesel
1527,Alto 800 LX,Maruti,2015,280000,28000,Petrol
1528,Swift Dzire VXi,Maruti,2009,250000,60000,Petrol
1529,Swift Dzire VDi,Maruti,2012,495000,80000,Diesel
1530,Endeavour 3.2 Titanium AT 4X4,Ford,2018,3250000,12000,Diesel
1531,Amaze V Petrol BSIV,Honda,2019,700000,4500,Petrol
1532,Indigo eCS VX BSIV,Tata,2013,310000,70000,Diesel
1533,Duster 85PS Diesel RxE,Renault,2017,650000,120000,Diesel
1534,Jazz 1.2 V AT i VTEC,Honda,2015,600000,80000,Petrol
1535,New Safari DICOR 2.2 EX 4x2,Tata,2009,150000,150000,Diesel
1536,Renault Logan 1.4 GLX Petrol,Mahindra,2009,135000,120000,Petrol
1537,Swift Dzire VDI,Maruti,2014,650000,50000,Diesel
1538,City V MT,Honda,2012,550000,83000,Petrol
1539,Swift Dzire VDI,Maruti,2017,650000,20000,Diesel
1540,Fortuner 2.8 2WD AT BSIV,Toyota,2018,2900000,49000,Diesel
1541,Brio 1.2 VX MT,Honda,2017,450000,6750,Petrol
1542,Ciaz VXi Plus,Maruti,2015,650000,26000,Petrol
1543,Grand i10 1.2 Kappa Era,Hyundai,2017,430000,52000,Petrol
1544,Creta 1.6 CRDi AT S Plus,Hyundai,2017,1143000,51000,Diesel
1545,Swift AMT ZXI Plus BSIV,Maruti,2019,700000,20000,Petrol
1546,Ritz VXi,Maruti,2011,229999,18500,Petrol
1547,TUV 300 T4,Mahindra,2017,509999,142000,Diesel
1548,EcoSport 1.5 Ti VCT MT Trend BSIV,Ford,2016,670000,50478,Petrol
1549,Tiago 1.2 Revotron XZA,Tata,2019,525000,9200,Petrol
1550,Duster 85PS Diesel RxE,Renault,2016,515000,40000,Diesel
1551,Baleno Delta,Maruti,2020,630000,5000,Petrol
1552,RediGO A,Datsun,2019,270000,2300,Petrol
1553,Alto 800 LXI,Maruti,2016,300000,40000,Petrol
1554,Xylo D2 BSIV,Mahindra,2012,250000,119000,Diesel
1555,Alto LX,Maruti,2005,90000,100000,Petrol
1556,Ertiga SHVS ZDI Plus,Maruti,2017,750000,100000,Diesel
1557,Wagon R LXI Minor,Maruti,2009,135000,50000,Petrol
1558,Eeco Smiles 5 Seater AC,Maruti,2013,275000,80000,Petrol
1559,Nexon 1.2 Revotron XM,Tata,2018,740000,15000,Petrol
1560,Amaze S i-VTEC,Honda,2019,690000,1303,Petrol
1561,Q5 35TDI Premium Plus,Audi,2018,3975000,31800,Diesel
1562,ES 300h,Lexus,2019,5150000,20000,Petrol
1563,XF 2.0 Diesel Portfolio,Jaguar,2017,3200000,45000,Diesel
1564,Wrangler 2016-2019 3.6 4X4,Jeep,2017,4100000,17000,Petrol
1565,Yaris V BSIV,Toyota,2018,1000000,4295,Petrol
1566,Yaris V BSIV,Toyota,2018,1000000,5229,Petrol
1567,Grand i10 Nios Sportz,Hyundai,2019,550000,4701,Petrol
1568,Baleno Alpha,Maruti,2016,600000,6757,Petrol
1569,Rapid 1.6 MPI AT Style Plus,Skoda,2016,675000,28182,Petrol
1570,Kicks XV BSIV,Nissan,2019,950000,11533,Petrol
1571,City i VTEC V,Honda,2017,850000,11688,Petrol
1572,Camry 2.5 Hybrid,Toyota,2016,2000000,68089,Petrol
1573,Corolla Altis 1.8 VL AT,Toyota,2012,550000,57728,Petrol
1574,Ciaz 1.3 Alpha,Maruti,2018,925000,23712,Diesel
1575,Ecosport 1.5 Ti VCT AT Titanium,Ford,2015,625000,70670,Petrol
1576,Alto 800 LXI,Maruti,2014,200000,43381,Petrol
1577,City i VTEC CVT VX,Honda,2014,635000,79011,Petrol
1578,Jazz VX,Honda,2016,550000,56494,Petrol
1579,SX4 VDI,Maruti,2014,425000,50000,Diesel
1580,Wagon R VXI BS IV,Maruti,2011,220000,40000,Petrol
1581,Grand i10 1.2 Kappa Asta,Hyundai,2018,590000,10000,Petrol
1582,Thar CRDe,Mahindra,2017,775000,35000,Diesel
1583,Ritz VXi,Maruti,2015,350000,58500,Petrol
1584,Baleno Delta 1.2,Maruti,2018,575000,20000,Petrol
1585,Micra XL,Nissan,2011,200000,43500,Petrol
1586,Hexa XT,Tata,2018,1575000,30000,Diesel
1587,EcoSport 1.5 TDCi Titanium BSIV,Ford,2015,600000,63000,Diesel
1588,Bolero 2011-2019 ZLX BSIII,Mahindra,2016,720000,35000,Diesel
1589,Indigo eCS LS TDI BSIII,Tata,2012,158000,110000,Diesel
1590,Hexa XT,Tata,2018,1575000,25000,Diesel
1591,Xcent 1.2 VTVT S AT,Hyundai,2017,580000,30000,Petrol
1592,Bolero 2011-2019 SLX,Mahindra,2012,420000,50000,Diesel
1593,Marazzo M6 8Str,Mahindra,2018,1200000,35000,Diesel
1594,KWID 1.0 RXT Optional,Renault,2018,350000,30000,Petrol
1595,City i VTEC VX,Honda,2014,650000,56000,Petrol
1596,Wagon R VXI BS IV,Maruti,2017,400000,12700,Petrol
1597,Nexon 1.5 Revotorq XM,Tata,2018,700000,35000,Diesel
1598,Xcent 1.2 Kappa SX,Hyundai,2017,520000,30000,Petrol
1599,Scorpio LX BSIV,Mahindra,2012,450000,120000,Diesel
1600,Safari Storme EX,Tata,2017,850000,100000,Diesel
1601,KWID RXT,Renault,2017,350000,34000,Petrol
1602,Xylo D2,Mahindra,2011,450000,56000,Diesel
1603,i10 Era,Hyundai,2008,165000,90000,Petrol
1604,Santro Xing GLS,Hyundai,2010,160000,65000,Petrol
1605,New Safari DICOR 2.2 EX 4x4,Tata,2011,300000,80000,Diesel
1606,Scorpio VLX 2WD BSIV,Mahindra,2012,550000,90000,Diesel
1607,Alto K10 VXI,Maruti,2015,285000,40000,Petrol
1608,Creta 1.6 CRDi SX,Hyundai,2016,850000,58000,Diesel
1609,Freestyle Titanium Petrol BSIV,Ford,2018,700000,19100,Petrol
1610,Ertiga ZXI Plus Petrol,Maruti,2018,900000,25000,Petrol
1611,Alto LXi BSIII,Maruti,2005,180000,49455,Petrol
1612,EON D Lite Plus Option,Hyundai,2016,220000,100000,Petrol
1613,Indica Vista Quadrajet LS,Tata,2013,120000,120000,Diesel
1614,i20 Asta Optional With Sunroof 1.2,Hyundai,2010,220000,90000,Petrol
1615,Sail Hatchback LS ABS,Chevrolet,2013,420000,46815,Diesel
1616,Indica Vista TDI LS,Tata,2013,160000,110000,Diesel
1617,EON Era Plus,Hyundai,2015,250000,80000,Petrol
1618,Ertiga ZDI,Maruti,2013,385000,100000,Diesel
1619,Wagon R VXI BS IV with ABS,Maruti,2014,318000,80000,Petrol
1620,Xcent 1.2 VTVT S,Hyundai,2018,480000,40000,Petrol
1621,Celerio VXI,Maruti,2015,330000,70000,Petrol
1622,Indica Vista Aqua 1.4 TDI,Tata,2011,152000,80000,Diesel
1623,Alto 800 LXI,Maruti,2014,250000,40000,Petrol
1624,Indica Vista Aqua 1.4 TDI,Tata,2011,248000,80000,Diesel
1625,Micra XV,Nissan,2011,300000,60000,Petrol
1626,i20 1.2 Spotz,Hyundai,2017,550000,50000,Petrol
1627,i20 Sportz 1.4 CRDi,Hyundai,2016,650000,30000,Diesel
1628,Grand i10 Magna,Hyundai,2017,445000,25000,Petrol
1629,Innova 2.5 V Diesel 7-seater,Toyota,2010,450000,334000,Diesel
1630,NuvoSport N8,Mahindra,2016,600000,100000,Diesel
1631,Duster Adventure Edition,Renault,2014,495000,175000,Diesel
1632,SX4 ZXI AT,Maruti,2011,220000,65000,Petrol
1633,SX4 ZXI AT,Maruti,2011,260000,65000,Petrol
1634,Santro Xing GLS,Hyundai,2009,150000,90000,Petrol
1635,Figo Diesel Titanium,Ford,2011,200000,80000,Diesel
1636,Scorpio S11 BSIV,Mahindra,2018,1465000,110000,Diesel
1637,Etios Liva GD,Toyota,2012,285000,80000,Diesel
1638,Civic Hybrid,Honda,2008,250000,60000,Petrol
1639,Xylo D4,Mahindra,2014,310000,160000,Diesel
1640,Scorpio VLX 4WD AIRBAG AT BSIV,Mahindra,2010,600000,100875,Diesel
1641,Baleno Delta 1.2,Maruti,2018,560000,20000,Petrol
1642,Swift Dzire VXI,Maruti,2016,500000,30000,Petrol
1643,Grand i10 CRDi Asta Option,Hyundai,2013,270000,118000,Diesel
1644,Verna 1.6 SX,Hyundai,2013,420000,69000,Diesel
1645,Swift Dzire LXI,Maruti,2015,434999,25000,Petrol
1646,Xcent 1.2 Kappa AT S Option,Hyundai,2015,400000,100000,Petrol
1647,Swift Dzire VDI,Maruti,2015,470000,110000,Diesel
1648,Terrano XL 85 PS,Nissan,2015,480000,60000,Diesel
1649,Santro Xing GL,Hyundai,2008,105000,128000,Petrol
1650,Tiago 1.05 Revotorq XE,Tata,2017,325000,120000,Diesel
1651,Etios Liva GD,Toyota,2012,280000,80000,Diesel
1652,Grand i10 Nios AMT Sportz,Hyundai,2020,675000,5000,Petrol
1653,i10 Sportz Option,Hyundai,2009,170000,90000,Petrol
1654,Creta 1.6 CRDi SX Option,Hyundai,2017,1250000,90000,Diesel
1655,Accord 2.4 M/T,Honda,2012,600000,144030,Petrol
1656,City i DTEC VX,Honda,2014,819999,200000,Diesel
1657,i20 2015-2017 Asta Option 1.2,Hyundai,2016,650000,29000,Petrol
1658,Wagon R LXI DUO BSIII,Maruti,2007,105000,90000,LPG
1659,Renault Logan 1.5 Diesel DLSX,Mahindra,2009,200000,176000,Diesel
1660,Indigo CS LX (TDI) BS III,Tata,2013,200000,150000,Diesel
1661,Omni E MPI STD BS IV,Maruti,2016,220000,90000,Petrol
1662,Vento 1.6 Highline,Volkswagen,2014,500000,70000,Petrol
1663,Renault Logan 1.5 DLX Diesel,Mahindra,2007,175000,99000,Diesel
1664,Tiago 1.2 Revotron XZ,Tata,2018,450000,5000,Petrol
1665,Optra Magnum 2.0 LT,Chevrolet,2008,210000,90000,Diesel
1666,Ritz VDi,Maruti,2011,270000,89000,Diesel
1667,Indica V2 DLS TC,Tata,2006,110000,88000,Diesel
1668,Swift Dzire VDI,Maruti,2015,480000,30000,Diesel
1669,Swift Dzire AMT ZDI,Maruti,2016,650000,50000,Diesel
1670,Swift Dzire VDI,Maruti,2013,480000,80000,Diesel
1671,i20 Asta Option 1.4 CRDi,Hyundai,2016,700000,40000,Diesel
1672,Ertiga VDI,Maruti,2015,650000,110000,Diesel
1673,Creta 1.6 CRDi SX Plus Dual Tone,Hyundai,2015,1300000,48000,Diesel
1674,Jetta 2.0L TDI Highline AT,Volkswagen,2016,1350000,97000,Diesel
1675,Vento 1.5 TDI Highline AT,Volkswagen,2016,1000000,60000,Diesel
1676,M-Class ML 350 4Matic,Mercedes-Benz,2011,1700000,110000,Diesel
1677,Yaris V CVT BSIV,Toyota,2018,1080000,12800,Petrol
1678,EON D Lite,Hyundai,2012,170000,40000,Petrol
1679,Swift DDiS VDI,Maruti,2017,610000,49000,Diesel
1680,Ritz VXi,Maruti,2014,350000,25000,Petrol
1681,Alto 800 LXI,Maruti,2016,260000,65000,Petrol
1682,Linea 1.3 Multijet Emotion,Fiat,2015,700000,20000,Diesel
1683,Polo 2015-2019 1.0 MPI Highline Plus,Volkswagen,2018,678000,17000,Petrol
1684,SX4 S Cross 2015-2017 DDiS 200 Zeta,Maruti,2015,800000,15000,Diesel
1685,Etios GD,Toyota,2014,400000,120000,Diesel
1686,i20 Magna,Hyundai,2010,300000,49000,Petrol
1687,i20 2015-2017 Magna 1.2,Hyundai,2016,520000,29000,Petrol
1688,Terrano XV D Premium AMT,Nissan,2017,850000,55000,Diesel
1689,Marazzo M8,Mahindra,2019,1460000,5000,Diesel
1690,Nexon 1.5 Revotorq XZ Plus,Tata,2017,830000,35000,Diesel
1691,GO T Option BSIV,Datsun,2018,430000,5000,Petrol
1692,EcoSport 1.5 TDCi Platinum Edition BSIV,Ford,2017,850000,60000,Diesel
1693,Swift Dzire ZXI,Maruti,2017,650000,70000,Petrol
1694,Verna CRDi,Hyundai,2008,120000,120000,Diesel
1695,TUV 300 T8,Mahindra,2016,730000,65100,Diesel
1696,Ignis 1.2 AMT Delta BSIV,Maruti,2019,525000,20000,Petrol
1697,i20 Active 1.4 SX,Hyundai,2015,600000,108000,Diesel
1698,Swift LXI,Maruti,2019,500000,15000,Petrol
1699,Santro Xing GLS,Hyundai,2009,150000,77000,Petrol
1700,Wagon R VXI BS IV,Maruti,2015,409999,18500,Petrol
1701,TUV 300 T8,Mahindra,2016,625000,120000,Diesel
1702,KWID RXT,Renault,2015,290000,15200,Petrol
1703,Mobilio V i VTEC,Honda,2015,500000,35000,Petrol
1704,Verna 1.6 SX,Hyundai,2011,475000,80000,Diesel
1705,EON Era Plus,Hyundai,2013,190000,70000,Petrol
1706,XUV500 W6 2WD,Mahindra,2014,750000,80000,Diesel
1707,Terrano XV 110 PS,Nissan,2014,525000,120000,Diesel
1708,Cruze LTZ,Chevrolet,2012,495000,82000,Diesel
1709,XE 2016-2019 2.0L Diesel Prestige,Jaguar,2017,2625000,9000,Diesel
1710,ES 300h,Lexus,2019,5150000,20000,Petrol
1711,XF 2.0 Diesel Portfolio,Jaguar,2017,3200000,45000,Diesel
1712,Safari Storme EX,Tata,2015,503000,110000,Diesel
1713,XC40 D4 Inscription BSIV,Volvo,2019,3800000,20000,Diesel
1714,Camry 2.5 Hybrid,Toyota,2016,2000000,68089,Petrol
1715,Wagon R LXI,Maruti,2013,225000,58343,Petrol
1716,Baleno Alpha 1.3,Maruti,2018,740000,38817,Diesel
1717,Jazz VX,Honda,2016,550000,56494,Petrol
1718,Innova 2.5 VX (Diesel) 7 Seater,Toyota,2013,750000,79328,Diesel
1719,Swift AMT VVT VXI,Maruti,2019,650000,5621,Petrol
1720,Etios VX,Toyota,2017,625000,25538,Petrol
1721,Swift AMT ZXI,Maruti,2018,600000,69779,Petrol
1722,Grand i10 1.2 CRDi Sportz,Hyundai,2017,450000,56290,Diesel
1723,X4 M Sport X xDrive20d,BMW,2019,5400000,7500,Diesel
1724,X4 M Sport X xDrive20d,BMW,2019,5500000,8500,Diesel
1725,Amaze V CVT Petrol BSIV,Honda,2019,779000,7032,Petrol
1726,Rapid 1.6 MPI AT Elegance,Skoda,2016,645000,11000,Petrol
1727,V40 D3 R-Design,Volvo,2018,2475000,2000,Diesel
1728,City 1.5 V AT,Honda,2010,321000,60000,Petrol
1729,Etios Liva 1.2 V Dual Tone,Toyota,2017,585000,50000,Petrol
1730,Figo Diesel EXI,Ford,2011,225000,70000,Diesel
1731,Amaze E i-DTEC,Honda,2017,500000,70000,Diesel
1732,i20 1.4 CRDi Asta,Hyundai,2011,350000,90000,Diesel
1733,Ertiga SHVS LDI Option,Maruti,2016,756000,70000,Diesel
1734,Alto 800 VXI,Maruti,2014,240000,50000,Petrol
1735,Omni 8 Seater BSII,Maruti,2012,80000,120000,Petrol
1736,i20 Active S Petrol,Hyundai,2019,800000,5000,Petrol
1737,Hexa XE,Tata,2018,1250000,25000,Diesel
1738,Scorpio VLS 2.2 mHawk,Mahindra,2009,320000,80000,Diesel
1739,Grand i10 Sportz,Hyundai,2017,509999,25000,Petrol
1740,Zest Quadrajet 1.3 75PS XE,Tata,2019,650000,15000,Diesel
1741,Alto K10 2010-2014 VXI,Maruti,2011,210000,35000,Petrol
1742,Alto LXi,Maruti,2008,110000,80000,Petrol
1743,Nexon 1.5 Revotorq XE,Tata,2017,665000,25000,Diesel
1744,Ameo 1.5 TDI Comfortline,Volkswagen,2017,555000,52000,Diesel
1745,Ameo 1.5 TDI Comfortline,Volkswagen,2017,560000,52000,Diesel
1746,KUV 100 mFALCON D75 K6 Plus,Mahindra,2016,375000,80000,Diesel
1747,Swift VDI BSIV W ABS,Maruti,2011,290000,77000,Diesel
1748,Fortuner 2.8 4WD AT BSIV,Toyota,2017,2950000,50000,Diesel
1749,Swift Dzire VDI,Maruti,2017,605000,127000,Diesel
1750,WR-V i-VTEC VX,Honda,2017,720000,30000,Petrol
1751,Ertiga SHVS ZDI Plus,Maruti,2017,800000,70000,Diesel
1752,XUV500 W10 2WD,Mahindra,2017,1325000,54000,Diesel
1753,Pajero 2.8 SFX BSIII Single Tone,Mitsubishi,2011,625000,120000,Diesel
1754,i20 1.4 CRDi Sportz,Hyundai,2011,350000,116500,Diesel
1755,Innova 2.5 G (Diesel) 8 Seater,Toyota,2012,600000,145000,Diesel
1756,i20 Sportz 1.2,Hyundai,2012,300000,120000,Petrol
1757,New Safari DICOR 2.2 VX 4x2 BS IV,Tata,2011,240000,120000,Diesel
1758,Figo 1.5D Trend MT,Ford,2016,377000,80000,Diesel
1759,Ertiga VXI,Maruti,2013,450000,140000,Petrol
1760,Verna Xi (Petrol),Hyundai,2008,160000,100000,Petrol
1761,Xcent 1.2 VTVT E,Hyundai,2019,525000,100000,Petrol
1762,Innova 2.5 G (Diesel) 7 Seater BS IV,Toyota,2011,550000,168000,Diesel
1763,Cruze LTZ,Chevrolet,2010,270000,120000,Diesel
1764,Etios GD,Toyota,2016,570000,145000,Diesel
1765,Figo Diesel Titanium,Ford,2011,225000,90000,Diesel
1766,Xcent 1.2 VTVT S,Hyundai,2019,590000,90000,Petrol
1767,Compass 2.0 Longitude Option BSIV,Jeep,2018,1675000,80000,Diesel
1768,Aspire Titanium BSIV,Ford,2019,800000,33000,Petrol
1769,Sail 1.2 LS ABS,Chevrolet,2014,450000,13500,Petrol
1770,Indigo LX,Tata,2012,300000,80000,Diesel
1771,i20 1.2 Spotz,Hyundai,2017,645000,20000,Petrol
1772,Swift Dzire VDI,Maruti,2013,520000,58000,Diesel
1773,EON Magna Plus,Hyundai,2013,200000,40000,Petrol
1774,City i VTEC V,Honda,2015,700000,30000,Petrol
1775,800 AC,Maruti,2000,45000,50000,Petrol
1776,Figo Aspire 1.5 TDCi Ambiente,Ford,2016,459999,73000,Diesel
1777,Ritz VDi,Maruti,2014,325000,90000,Diesel
1778,Wagon R VXI BS IV,Maruti,2015,350000,50000,Petrol
1779,Verna 1.6 CRDI,Hyundai,2011,440000,80000,Diesel
1780,i20 1.4 CRDi Magna,Hyundai,2011,320000,70000,Diesel
1781,Spark 1.0 LS,Chevrolet,2011,169000,41000,Petrol
1782,Polo Petrol Comfortline 1.2L,Volkswagen,2013,350000,50000,Petrol
1783,Classic 1.4 Duratorq Titanium,Ford,2014,350000,113226,Diesel
1784,Figo Diesel Celebration Edition,Ford,2013,310000,90000,Diesel
1785,Swift 1.3 VXi,Maruti,2007,150000,70000,Petrol
1786,Scorpio M2DI,Mahindra,2010,420000,160500,Diesel
1787,Ciaz AT ZXi,Maruti,2015,685000,30000,Petrol
1788,Duster 4x4,Renault,2014,560000,132000,Diesel
1789,Swift VDI,Maruti,2013,470000,120000,Diesel
1790,Verna Transform VTVT,Hyundai,2011,380000,80000,Petrol
1791,Scorpio 1.99 S6 Plus,Mahindra,2015,670000,57000,Diesel
1792,Swift Dzire LXI 1.2 BS IV,Maruti,2018,550000,5000,Petrol
1793,Verna 1.6 VTVT SX,Hyundai,2016,749000,25000,Petrol
1794,Creta 1.6 CRDi SX Option,Hyundai,2015,899000,80000,Diesel
1795,Optra Magnum 2.0 LS BSIII,Chevrolet,2011,290000,88000,Diesel
1796,Innova 2.5 VX (Diesel) 7 Seater,Toyota,2014,869999,217000,Diesel
1797,GO Plus A,Datsun,2015,350000,60000,Petrol
1798,Swift Dzire VXI,Maruti,2017,500000,43000,Petrol
1799,Rapid 1.5 TDI AT Ambition Plus,Skoda,2014,400000,77000,Diesel
1800,KWID RXT,Renault,2016,260000,30000,Petrol
1801,Alto 800 LXI,Maruti,2015,220000,40000,Petrol
1802,Enjoy TCDi LS 8 Seater,Chevrolet,2014,190000,139000,Diesel
1803,Grand i10 Magna,Hyundai,2016,400000,80000,Petrol
1804,Beat Diesel LT Option,Chevrolet,2014,170000,76000,Diesel
1805,Elite i20 Magna Plus BSIV,Hyundai,2019,650000,3500,Petrol
1806,800 AC BSIII,Maruti,2007,60000,62000,Petrol
1807,New Safari 4X2,Tata,2007,300000,110000,Petrol
1808,Spark 1.0 LT,Chevrolet,2012,125000,40000,Petrol
1809,Indica Vista Aqua 1.3 Quadrajet (ABS),Tata,2013,130000,120000,Diesel
1810,XUV500 W6 2WD,Mahindra,2012,500000,1500000,Diesel
1811,Alto LX,Maruti,2011,170000,70000,Petrol
1812,Swift Dzire LDi,Maruti,2012,310000,77000,Diesel
1813,Spark 1.0 LT,Chevrolet,2011,130000,110000,Petrol
1814,Wagon R VXI Optional,Maruti,2016,465000,20000,Petrol
1815,Jeep MM 540,Mahindra,1995,160000,90000,Diesel
1816,E-Class E270 CDI,Mercedes-Benz,2005,800000,120005,Diesel
1817,Alto K10 Knightracer,Maruti,2012,260000,16830,Petrol
1818,Bolero 2011-2019 DI NON AC BS III SILVER,Mahindra,2013,500000,70000,Diesel
1819,KWID 1.0 RXT 02 Anniversary Edition,Renault,2017,325000,38000,Petrol
1820,Bolero 2011-2019 DI NON AC BS III White,Mahindra,2013,400000,80000,Diesel
1821,Fortuner 2.8 4WD MT BSIV,Toyota,2018,3200000,50000,Diesel
1822,Indica V2 DLE BSIII,Tata,2007,200000,50000,Diesel
1823,Quanto C2,Mahindra,2013,450000,52000,Diesel
1824,Indigo V BSIII,Tata,2012,229999,50000,Diesel
1825,EON Magna Plus,Hyundai,2016,340000,30000,Petrol
1826,Bolero 2011-2019 SLE BSIII,Mahindra,2014,550000,103000,Diesel
1827,Endeavour 3.0L 4X4 AT,Ford,2011,975000,93468,Diesel
1828,XC40 D4 Inscription BSIV,Volvo,2019,3800000,20000,Diesel
1829,Jetta 1.6 Trendline,Volkswagen,2010,225000,80000,Petrol
1830,Endeavour 3.2 Titanium AT 4X4,Ford,2018,3250000,12000,Diesel
1831,Indigo eCS VX BSIV,Tata,2013,280000,70000,Diesel
1832,Amaze V Petrol BSIV,Honda,2019,700000,4500,Petrol
1833,Indigo CS eLX BS IV,Tata,2012,259000,35000,Diesel
1834,Fortuner 2.8 4WD AT BSIV,Toyota,2018,3200000,60000,Diesel
1835,XUV500 W10 1.99 mHawk,Mahindra,2018,1400000,30000,Diesel
1836,Figo 1.5P Titanium AT,Ford,2015,416000,40000,Petrol
1837,Manza ELAN Quadrajet BS III,Tata,2011,250000,70000,Diesel
1838,Manza Aura (ABS) Quadrajet BS IV,Tata,2010,210000,120000,Diesel
1839,Scorpio VLX 2WD BSIII,Mahindra,2008,290000,120000,Diesel
1840,Indigo CS eLS BS IV,Tata,2012,220000,90000,Diesel
1841,Indigo eCS LX BSIV,Tata,2012,246000,35000,Diesel
1842,Omni E MPI STD BS IV,Maruti,2018,260000,30000,Petrol
1843,Creta 1.4 CRDi S,Hyundai,2018,1050000,70000,Diesel
1844,Manza Club Class Quadrajet90 LX,Tata,2012,290000,60000,Diesel
1845,Indigo eCS VX BSIV,Tata,2013,310000,70000,Diesel
1846,i20 1.2 Asta,Hyundai,2018,700000,6000,Petrol
1847,Swift VXI Optional,Maruti,2016,550000,20000,Petrol
1848,Indigo CS LX (TDI) BS-III,Tata,2017,450000,70000,Diesel
1849,City i VTEC VX,Honda,2016,773000,65000,Petrol
1850,Tiago 1.2 Revotron XZ,Tata,2017,450000,25000,Petrol
1851,Eeco 5 Seater AC BSIV,Maruti,2019,409999,10000,Petrol
1852,800 Std MPFi,Maruti,2003,45000,35000,Petrol
1853,Teana XL,Nissan,2014,600000,80000,Petrol
1854,Beat LT,Chevrolet,2010,250000,63000,Petrol
1855,Indica V2 DLS TC,Tata,2008,70000,100000,Diesel
1856,Amaze S i-VTEC,Honda,2019,690000,1303,Petrol
1857,Q5 35TDI Premium Plus,Audi,2018,3975000,31800,Diesel
1858,ES 300h,Lexus,2019,5150000,20000,Petrol
1859,XF 2.0 Diesel Portfolio,Jaguar,2017,3200000,45000,Diesel
1860,Wrangler 2016-2019 3.6 4X4,Jeep,2017,4100000,17000,Petrol
1861,Yaris V BSIV,Toyota,2018,1000000,4295,Petrol
1862,Yaris V BSIV,Toyota,2018,1000000,5229,Petrol
1863,Camry 2.5 Hybrid,Toyota,2016,2000000,68089,Petrol
1864,Ciaz 1.3 Alpha,Maruti,2018,925000,23712,Diesel
1865,Jazz VX,Honda,2016,550000,56494,Petrol
1866,Wagon R VXI BS IV,Maruti,2018,430000,16589,Petrol
1867,Innova 2.5 VX (Diesel) 7 Seater,Toyota,2013,750000,79328,Diesel
1868,City i VTEC V,Honda,2016,675000,53201,Petrol
1869,Baleno Delta,Maruti,2017,570000,25272,Petrol
1870,Vitara Brezza ZDi Plus,Maruti,2017,850000,53619,Diesel
1871,X4 M Sport X xDrive20d,BMW,2019,5400000,7500,Diesel
1872,X4 M Sport X xDrive20d,BMW,2019,5500000,8500,Diesel
1873,Amaze V CVT Petrol BSIV,Honda,2019,779000,7032,Petrol
1874,Ecosport 1.5 Petrol Ambiente,Ford,2018,640000,6001,Petrol
1875,Indigo CS LS (TDI) BS-III,Tata,2013,250000,80000,Diesel
1876,Duster 110PS Diesel RxZ,Renault,2018,1250000,12000,Diesel
1877,EcoSport 1.5 Petrol Titanium BSIV,Ford,2017,889000,25000,Petrol
1878,i20 2015-2017 Asta Option 1.4 CRDi,Hyundai,2017,750000,40000,Diesel
1879,Swift Ldi BSIV,Maruti,2010,320000,130000,Diesel
1880,Yeti Ambition 4WD,Skoda,2011,600000,202000,Diesel
1881,Ciaz S 1.3,Maruti,2018,1000000,40000,Diesel
1882,Zen LX,Maruti,2000,110000,70000,Petrol
1883,City 2017-2020 GXi,Honda,2008,250000,120000,Petrol
1884,Swift Dzire VDI,Maruti,2015,600000,60000,Diesel
1885,Zen Estilo LXI BS IV,Maruti,2009,165000,60000,Petrol
1886,Alto LXI,Maruti,2004,118000,60000,Petrol
1887,Baleno Delta 1.3,Maruti,2016,700000,78000,Diesel
1888,Duster 85PS Diesel RxL Optional,Renault,2013,585000,80000,Diesel
1889,Alto LXi,Maruti,2006,120000,120000,Petrol
1890,800 Std MPFi,Maruti,2003,65000,90000,Petrol
1891,Alto LX,Maruti,2006,150000,100000,Petrol
1892,Alto Std,Maruti,2009,150000,70000,Petrol
1893,Accent VIVA CRDi,Hyundai,2004,170000,160000,Diesel
1894,Scorpio 2.6 CRDe,Mahindra,2006,250000,120000,Diesel
1895,Accent CRDi,Hyundai,2005,100000,100000,Diesel
1896,Ertiga VDI,Maruti,2013,599000,60000,Diesel
1897,Cruze LTZ,Chevrolet,2010,250000,135000,Diesel
1898,Swift VXI Optional,Maruti,2016,570000,90000,Petrol
1899,Polo Diesel Highline 1.2L,Volkswagen,2013,440000,75000,Diesel
1900,Innova 2.5 E Diesel MS 7-seater,Toyota,2005,300000,185000,Diesel
1901,Micra XV CVT,Nissan,2015,300000,71717,Petrol
1902,Scorpio VLX 2WD ABS AT BSIII,Mahindra,2011,500000,150000,Diesel
1903,Swift Dzire VDI,Maruti,2016,660000,55000,Diesel
1904,Fiesta Classic 1.6 Duratec LXI,Ford,2012,256000,90000,Petrol
1905,KWID 1.0 RXT Optional,Renault,2018,409999,35000,Petrol
1906,Fortuner 4x4 MT,Toyota,2015,1888000,120000,Diesel
1907,Santro Xing GLS LPG,Hyundai,2011,250000,100000,LPG
1908,Civic 1.8 V AT,Honda,2009,280000,40000,Petrol
1909,Xylo D2,Mahindra,2010,300000,100000,Diesel
1910,Safari Storme LX,Tata,2016,900000,120000,Diesel
1911,Zen Estilo VXI BSIV,Maruti,2014,190000,60000,Petrol
1912,Bolero Power Plus Plus AC BSIV PS,Mahindra,2019,800000,2000,Diesel
1913,Scorpio EX,Mahindra,2012,450000,100000,Diesel
1914,Xylo D2 BS III,Mahindra,2015,400000,110000,Diesel
1915,New Safari Dicor VX 4X2 BS IV,Tata,2009,150000,90000,Diesel
1916,Indigo CR4,Tata,2011,200000,84321,Diesel
1917,XUV500 W8 AWD,Mahindra,2013,600000,177000,Diesel
1918,Indica Vista Aqua 1.3 Quadrajet,Tata,2010,175000,60000,Diesel
1919,Indigo CS LE (TDI) BS-III,Tata,2008,99000,205000,Diesel
1920,i10 Asta,Hyundai,2008,215000,70000,Petrol
1921,Omni E 8 Str STD,Maruti,2011,190000,70000,Petrol
1922,Duster 110PS Diesel RxL,Renault,2013,520000,126000,Diesel
1923,Endeavour 3.2 Titanium AT 4X4,Ford,2016,2280000,120000,Diesel
1924,Indica Vista TDI LS,Tata,2015,285000,70000,Diesel
1925,TUV 300 T4 Plus,Mahindra,2017,660000,82000,Diesel
1926,800 Std,Maruti,2004,31504,110000,Petrol
1927,Swift Dzire VXI,Maruti,2015,515000,45000,Petrol
1928,Sunny Diesel XL,Nissan,2012,295000,70000,Diesel
1929,Terrano XL 85 PS,Nissan,2015,700000,80000,Diesel
1930,Scorpio Intelli Hybrid S6 Plus,Mahindra,2017,1100000,45000,Diesel
1931,EON 1.0 Era Plus,Hyundai,2017,300000,60000,Petrol
1932,Swift VXI,Maruti,2013,450000,41800,Petrol
1933,Estilo LXI,Maruti,2010,135000,132000,Petrol
1934,Swift Dzire VDI,Maruti,2017,700000,50000,Diesel
1935,Figo Diesel ZXI,Ford,2012,250000,40000,Diesel
1936,Wagon R LXI Minor,Maruti,2009,140000,96000,Petrol
1937,Xylo D4 BSIII,Mahindra,2012,250000,117000,Diesel
1938,i10 Era,Hyundai,2011,210000,110000,Petrol
1939,Amaze S i-Dtech,Honda,2014,420000,100000,Diesel
1940,Alto LXi,Maruti,2007,130000,88700,Petrol
1941,Sunny XL,Nissan,2012,320000,70000,Petrol
1942,Wagon R LX BSIII,Maruti,2010,200000,110000,Petrol
1943,Alto 800 LXI,Maruti,2016,310000,15000,Petrol
1944,Verito 1.5 D4 BSIII,Mahindra,2012,200000,80000,Diesel
1945,Ritz VXi,Maruti,2014,350000,50000,Petrol
1946,EON Sportz,Hyundai,2018,444000,15000,Petrol
1947,RediGO T,Datsun,2017,300000,25000,Petrol
1948,Verito 1.5 D4 BSIII,Mahindra,2011,225000,57000,Diesel
1949,Bolero 2011-2019 ZLX,Mahindra,2012,600000,75000,Diesel
1950,Eeco 5 Seater AC BSIV,Maruti,2013,260000,26000,Petrol
1951,Xcent 1.1 CRDi S Option,Hyundai,2015,375000,160000,Diesel
1952,Eeco 5 Seater AC BSIV,Maruti,2013,260000,26000,Petrol
1953,Alto LXi BSIII,Maruti,2010,150000,120000,Petrol
1954,Alto LXi,Maruti,2014,110000,50000,Petrol
1955,Alto LX,Maruti,2012,225000,40000,Petrol
1956,Etios GD,Toyota,2011,400000,90000,Diesel
1957,Esteem Vxi - BSII,Maruti,2005,93000,120000,Petrol
1958,City i VTEC V,Honda,2017,860000,28000,Petrol
1959,Swift Dzire LDI,Maruti,2018,650000,50000,Diesel
1960,Ertiga ZDI,Maruti,2014,650000,90000,Diesel
1961,Verna 1.4 CRDi,Hyundai,2016,710000,40000,Diesel
1962,Figo 1.5D Base MT,Ford,2017,430000,113000,Diesel
1963,Swift Vdi BSIII,Maruti,2011,305000,188000,Diesel
1964,Figo Diesel Titanium,Ford,2011,220000,100000,Diesel
1965,Sumo MKII Turbo 2.0 LX,Tata,2010,150000,225000,Diesel
1966,TUV 300 mHAWK100 T8,Mahindra,2017,660000,67000,Diesel
1967,Beat Diesel LT Option,Chevrolet,2011,140000,70000,Diesel
1968,Corolla Altis JS MT,Toyota,2015,1100000,50000,Petrol
1969,XF 2.2 Litre Luxury,Jaguar,2013,2450000,60000,Diesel
1970,Ameo 1.5 TDI Comfortline AT,Volkswagen,2017,625000,34000,Diesel
1971,City 1.5 GXI,Honda,2004,198000,110000,Petrol
1972,Santro GS zipPlus,Hyundai,2001,60000,71000,Petrol
1973,Wagon R LXI,Maruti,2005,130000,140000,Petrol
1974,City Corporate Edition,Honda,2012,540000,100000,Petrol
1975,Grand i10 1.2 Kappa Sportz AT,Hyundai,2017,550000,10000,Petrol
1976,Celerio ZXI Optional,Maruti,2018,475000,30000,Petrol
1977,Q3 2.0 TDI Quattro Premium Plus,Audi,2017,2825000,22000,Diesel
1978,Civic ZX Diesel BSIV,Honda,2020,2125000,5500,Diesel
1979,X1 sDrive20d M Sport,BMW,2018,3350000,18000,Diesel
1980,Innova Crysta 2.8 GX AT 8S BSIV,Toyota,2018,1800000,20000,Diesel
1981,Santro Asta BSIV,Hyundai,2018,540000,7000,Petrol
1982,Gurkha Hard Top BS3 4WD,Force,2018,910000,20000,Diesel
1983,Celerio VXI,Maruti,2019,484999,4875,Petrol
1984,Creta 1.6 CRDi AT SX Plus,Hyundai,2020,1950000,2700,Diesel
1985,Vitara Brezza ZDi,Maruti,2018,950000,58511,Diesel
1986,Figo 1.5D Titanium MT,Ford,2015,365000,105000,Diesel
1987,Thar CRDe ABS,Mahindra,2018,900000,26235,Diesel
1988,Nexon 1.5 Revotorq XZ Plus,Tata,2017,919999,26766,Diesel
1989,Hector Sharp DCT Dualtone,MG,2020,1900000,1600,Petrol
1990,New C-Class C 220 CDI Elegance MT,Mercedes-Benz,2018,2950000,46000,Diesel
1991,Marazzo M2 BSIV,Mahindra,2019,1075000,23000,Diesel
1992,Swift VXI Optional,Maruti,2017,600000,24522,Petrol
1993,3 Series 320d,BMW,2017,3200000,13663,Diesel
1994,Octavia Style Plus 2.0 TDI AT,Skoda,2019,2600000,11000,Diesel
1995,Vitara Brezza ZDi Plus,Maruti,2016,839000,63000,Diesel
1996,Polo 1.2 MPI Comfortline,Volkswagen,2019,635000,2000,Petrol
1997,Scorpio VLX 2WD AIRBAG BSIV,Mahindra,2014,550000,300000,Diesel
1998,Logan Diesel 1.5 DLE,Mahindra,2011,180000,190000,Diesel
1999,City i DTEC E,Honda,2015,650000,80000,Diesel
2000,Jazz Select Edition Active,Honda,2011,350000,80000,Petrol
2001,Alto K10 LXI,Maruti,2015,265000,54000,Petrol
2002,KWID 1.0 RXT Optional,Renault,2018,330000,30000,Petrol
2003,Eeco 7 Seater Standard BSIV,Maruti,2019,395000,5000,Petrol
2004,TUV 300 T8,Mahindra,2015,700000,58945,Diesel
2005,Figo Diesel Titanium,Ford,2012,300000,90000,Diesel
2006,Innova 2.5 G (Diesel) 7 Seater BS IV,Toyota,2011,650000,375000,Diesel
2007,Ertiga VDI,Maruti,2013,625000,160000,Diesel
2008,Polo GT TDI,Volkswagen,2014,425000,80000,Diesel
2009,800 AC BSII,Maruti,2004,55000,50000,Petrol
2010,Indigo CS LX (TDI) BS-III,Tata,2015,250000,80000,Diesel
2011,Bolero 2011-2019 Plus AC,Mahindra,2015,459999,156975,Diesel
2012,Corolla Altis 1.4 DGL,Toyota,2017,1594000,5000,Diesel
2013,Sail 1.2 LS ABS,Chevrolet,2014,300000,50000,Petrol
2014,EcoSport 1.5 TDCi Titanium BSIV,Ford,2018,950000,27620,Diesel
2015,Scorpio LX,Mahindra,2013,484999,120000,Diesel
2016,Xylo E8,Mahindra,2009,161000,120000,Diesel
2017,i20 Active 1.2 S,Hyundai,2015,500000,58000,Petrol
2018,Sunny XV,Nissan,2012,350000,50000,Petrol
2019,Ignis 1.2 AMT Alpha BSIV,Maruti,2017,550000,40000,Petrol
2020,WR-V i-VTEC VX,Honda,2018,850000,7800,Petrol
2021,Alto 800 LXI,Maruti,2016,240000,50000,Petrol
2022,Endeavour 2.5L 4X2 MT,Ford,2011,950000,68000,Diesel
2023,Ertiga VXI,Maruti,2015,423000,60000,Petrol
2024,Indigo GLS,Tata,2005,90000,74000,Petrol
2025,New Safari DICOR 2.2 VX 4x2 BS IV,Tata,2011,350000,58000,Diesel
2026,A-Star Vxi,Maruti,2011,170000,70000,Petrol
2027,Figo Aspire 1.2 Ti-VCT Titanium Plus,Ford,2015,450000,70000,Petrol
2028,i10 Magna,Hyundai,2009,150000,110000,Petrol
2029,Santro LP zipPlus,Hyundai,2002,75000,80000,Petrol
2030,i20 Sportz 1.4 CRDi,Hyundai,2016,511000,80000,Diesel
2031,Ertiga 1.5 VDI,Maruti,2018,850000,59000,Diesel
2032,Indica V2 eLS,Tata,2018,250000,110000,Diesel
2033,Celerio ZXI,Maruti,2020,420000,25000,Petrol
2034,Alto 800 LXI,Maruti,2014,180000,55000,Petrol
2035,Celerio ZDi,Maruti,2015,400000,25000,Diesel
2036,Xylo E4,Mahindra,2009,150000,300000,Diesel
2037,Figo 1.5D Titanium MT,Ford,2016,500000,143200,Diesel
2038,Compass 2.0 Longitude Option BSIV,Jeep,2017,1689999,60000,Diesel
2039,Micra Diesel XV Premium,Nissan,2012,204999,120000,Diesel
2040,Ciaz VDi Plus,Maruti,2014,459999,145000,Diesel
2041,i20 2015-2017 Magna 1.2,Hyundai,2017,600000,30000,Petrol
2042,Grand i10 1.2 Kappa Sportz Dual Tone,Hyundai,2019,585000,8000,Petrol
2043,Endeavour 2.5L 4X2 MT,Ford,2012,551000,170000,Diesel
2044,Swift Dzire LDI,Maruti,2013,525000,100000,Diesel
2045,Omni 8 Seater BSIV,Maruti,2012,160000,62000,Petrol
2046,XUV500 W8 AWD,Mahindra,2014,825000,110000,Diesel
2047,Santro Xing GL CNG,Hyundai,2007,127000,137000,CNG
2048,Tavera Neo 3 LS 9 Str BSIII,Chevrolet,2015,600000,80000,Diesel
2049,Zen Base,Maruti,2002,65000,80000,Petrol
2050,Swift Dzire VDI,Maruti,2013,550000,100000,Diesel
2051,Bolero 2011-2019 Plus - AC BSIII,Mahindra,2015,650000,120000,Diesel
2052,Swift Dzire VDI,Maruti,2019,750000,24000,Diesel
2053,KUV 100 mFALCON D75 K8,Mahindra,2017,380000,80000,Diesel
2054,Verna 1.6 SX CRDi (O),Hyundai,2012,400000,138000,Diesel
2055,Wagon R LXI,Maruti,2003,50000,147000,Petrol
2056,TUV 300 mHAWK100 T8 Dual Tone,Mahindra,2017,750000,60000,Diesel
2057,Spark 1.0 LS,Chevrolet,2011,150000,80000,Petrol
2058,Alto 800 LXI,Maruti,2016,245000,50000,Petrol
2059,Manza Club Class Quadrajet90 VX,Tata,2013,260000,189000,Diesel
2060,Vento 1.5 TDI Highline AT,Volkswagen,2014,411000,90000,Diesel
2061,i20 Sportz 1.4 CRDi,Hyundai,2014,450000,56000,Diesel
2062,3 Series 320d Luxury Line,BMW,2012,1300000,140000,Diesel
2063,Celerio VXI,Maruti,2016,351000,60000,Petrol
2064,XUV500 W8 4WD,Mahindra,2012,550000,130000,Diesel
2065,3 Series 320d Luxury Plus,BMW,2013,1300000,140000,Diesel
2066,Manza Club Class Quadrajet90 VX,Tata,2013,260000,189000,Diesel
2067,Vento 1.5 TDI Highline AT,Volkswagen,2014,411000,90000,Diesel
2068,i20 Sportz 1.4 CRDi,Hyundai,2014,450000,56000,Diesel
2069,3 Series 320d Luxury Line,BMW,2012,1300000,140000,Diesel
2070,Celerio VXI,Maruti,2016,351000,60000,Petrol
2071,XUV500 W8 4WD,Mahindra,2012,550000,130000,Diesel
2072,3 Series 320d Luxury Plus,BMW,2013,1300000,140000,Diesel
2073,Terrano XE 85 PS,Nissan,2016,750000,35000,Diesel
2074,Terrano XL 85 PS,Nissan,2015,800000,35000,Diesel
2075,New Safari DICOR 2.2 EX 4x2,Tata,2011,350000,156000,Diesel
2076,Alto 800 LX,Maruti,2013,200000,90000,Petrol
2077,Indigo LS,Tata,2008,150000,60000,Diesel
2078,Terrano XL 110 PS,Nissan,2016,800000,36000,Diesel
2079,EON Era Plus Sports Edition,Hyundai,2017,350000,20000,Petrol
2080,New Safari DICOR 2.2 VX 4x2,Tata,2011,350000,160000,Diesel
2081,Scorpio 2.6 Turbo 9 Str,Mahindra,2006,250000,185000,Diesel
2082,Indica Vista Terra 1.4 TDI,Tata,2010,170000,110000,Diesel
2083,KWID RXT Optional,Renault,2018,395000,10800,Petrol
2084,Bolero 2011-2019 SLE,Mahindra,2012,450000,120000,Diesel
2085,Ignis 1.2 Delta BSIV,Maruti,2019,500000,15000,Petrol
2086,Sumo EX 10/7 Str BSIII,Tata,2012,200000,67500,Diesel
2087,Hexa XM,Tata,2017,1200000,30000,Diesel
2088,KUV 100 mFALCON D75 K8,Mahindra,2016,400000,50000,Diesel
2089,TUV 300 T8,Mahindra,2016,650000,100000,Diesel
2090,Bolero 2011-2019 DI - AC BS III,Mahindra,2016,550000,150000,Diesel
2091,XUV500 W10 2WD,Mahindra,2015,1100000,110000,Diesel
2092,Alto 800 LXI,Maruti,2012,254999,30000,Petrol
2093,Alto LXi,Maruti,2011,180000,60000,Petrol
2094,Xylo D2,Mahindra,2010,160000,255000,Diesel
2095,Optra Magnum 2.0 LT BS3,Chevrolet,2008,225000,120000,Diesel
2096,Alto 800 LXI,Maruti,2015,270000,49900,Petrol
2097,Manza Aura Quadrajet BS IV,Tata,2012,310000,86000,Diesel
2098,GO T BSIV,Datsun,2015,225000,71850,Petrol
2099,Grande Punto EVO 1.3 Dynamic,Fiat,2015,300000,95000,Diesel
2100,Swift Dzire VXi,Maruti,2008,250000,70000,Petrol
2101,EON Sportz,Hyundai,2011,180000,35000,Petrol
2102,Swift Dzire VXI,Maruti,2015,550000,50000,Petrol
2103,Bolero XL 10 Seater Non AC,Mahindra,2007,300000,120000,Diesel
2104,Elantra CRDi SX,Hyundai,2015,900000,145000,Diesel
2105,Sumo EX BS IV,Tata,2012,254999,190000,Diesel
2106,XUV500 W9 2WD,Mahindra,2018,1530000,40000,Diesel
2107,Baleno Delta 1.3,Maruti,2015,590000,110000,Diesel
2108,Wagon R LXI DUO BSIII,Maruti,2008,170000,112000,LPG
2109,A3 35 TDI Premium Plus,Audi,2017,2600000,70000,Diesel
2110,Ritz VDi,Maruti,2016,475000,110000,Diesel
2111,Grand i10 1.2 CRDi Asta,Hyundai,2018,700000,29000,Diesel
2112,Wagon R VXI BS IV,Maruti,2011,376000,60000,Petrol
2113,Santro GS zipDrive - Euro I,Hyundai,2002,100000,120000,Petrol
2114,800 Std BSII,Maruti,2004,75000,46000,Petrol
2115,Scorpio VLS AT 2.2 mHAWK,Mahindra,2012,440000,120000,Diesel
2116,Wagon R VXI Optional,Maruti,2016,390000,80000,Petrol
2117,Innova 2.5 VX 7 STR,Toyota,2012,725000,159000,Diesel
2118,Bolero 2011-2019 SLE,Mahindra,2012,325000,110000,Diesel
2119,Alto LXi,Maruti,2010,170000,75000,Petrol
2120,Swift Dzire LDi,Maruti,2010,215000,120000,Diesel
2121,City 1.5 V Inspire,Honda,2010,350000,110000,Petrol
2122,Spark 1.0 LS,Chevrolet,2009,80000,80000,Petrol
2123,EON Magna Plus,Hyundai,2012,195000,80000,Petrol
2124,Swift VDI BSIV W ABS,Maruti,2011,280000,85000,Diesel
2125,Sunny Diesel XL,Nissan,2014,335000,71000,Diesel
2126,XUV500 W6 2WD,Mahindra,2011,475000,108000,Diesel
2127,Duster 85PS Diesel RxL,Renault,2015,484999,75000,Diesel
2128,Ciaz Delta BSIV,Maruti,2018,650000,22000,Petrol
2129,Q5 3.0 TDI Quattro,Audi,2014,1850000,76131,Diesel
2130,i20 1.2 Asta,Hyundai,2018,700000,30000,Petrol
2131,Q7 3.0 TDI Quattro,Audi,2014,3000000,65000,Diesel
2132,Scorpio S3 9 Seater BSIV,Mahindra,2018,900000,60000,Diesel
2133,Polo Diesel Highline 1.2L,Volkswagen,2013,350000,80000,Diesel
2134,Accord V6 AT,Honda,2005,285000,80000,Petrol
2135,Q7 3.0 TDI Quattro Premium Plus,Audi,2012,1850000,70000,Diesel
2136,Vitara Brezza VDi,Maruti,2017,750000,51777,Diesel
2137,Rover Freelander 2 TD4 HSE,Land,2013,1650000,64788,Diesel
2138,Amaze V Petrol BSIV,Honda,2018,600000,20000,Petrol
2139,Polo 2015-2019 1.0 MPI Comfortline,Volkswagen,2018,565000,19000,Petrol
2140,Matiz SS,Daewoo,2000,86000,46951,Petrol
2141,GO T BSIV,Datsun,2016,329000,19000,Petrol
2142,EcoSport 1.5 TDCi Titanium Plus BSIV,Ford,2016,650000,50000,Diesel
2143,Creta 1.6 CRDi SX Option,Hyundai,2015,822000,60000,Diesel
2144,Duster 110PS Diesel RxL,Renault,2013,345000,100000,Diesel
2145,Zen LXI,Maruti,2001,30000,10000,Petrol
2146,Swift VDI,Maruti,2012,330000,50000,Diesel
2147,Wagon R Stingray VXI,Maruti,2014,300000,74537,Petrol
2148,SX4 ZXI AT,Maruti,2009,200000,90000,Petrol
2149,Indica Vista Aqua 1.3 Quadrajet (ABS),Tata,2012,200000,80000,Diesel
2150,Spark 1.0,Chevrolet,2010,90000,70000,Petrol
2151,Wagon R VXI Minor,Maruti,2010,200000,80000,Petrol
2152,Xcent 1.1 CRDi SX,Hyundai,2016,550000,35000,Diesel
2153,Beat LT,Chevrolet,2015,250000,23500,Petrol
2154,City i-DTEC VX,Honda,2017,975000,82000,Diesel
2155,Innova 2.5 G (Diesel) 8 Seater,Toyota,2014,900000,100000,Diesel
2156,i20 1.2 Spotz,Hyundai,2018,610000,15000,Petrol
2157,Baleno Zeta 1.3,Maruti,2017,620000,30000,Diesel
2158,Grand i10 Sportz,Hyundai,2016,400000,30000,Petrol
2159,Celerio X ZXI BSIV,Maruti,2019,500000,11000,Petrol
2160,GO Plus T,Datsun,2017,200000,140000,Petrol
2161,Zest Quadrajet 1.3 XM,Tata,2016,360000,110000,Diesel
2162,Alto K10 2010-2014 VXI,Maruti,2012,252000,48000,Petrol
2163,Swift VDI,Maruti,2012,280000,70000,Diesel
2164,Swift VXI 2018,Maruti,2018,509999,70000,Petrol
2165,Scorpio 1.99 S6 Plus,Mahindra,2016,1050000,58000,Diesel
2166,Wagon R LXI DUO BSIII,Maruti,2010,200000,40000,LPG
2167,Zen LXI,Maruti,2005,60000,90000,Petrol
2168,Xylo E8 ABS Airbag,Mahindra,2010,320000,40000,Diesel
2169,Scorpio LX,Mahindra,2013,520000,110000,Diesel
2170,New Safari DICOR 2.2 LX 4x2,Tata,2007,250000,80000,Diesel
2171,Vitara Brezza ZDi,Maruti,2017,725000,60000,Diesel
2172,Bolero 2011-2019 SLX,Mahindra,2015,585000,50000,Diesel
2173,Tiago 1.2 Revotron XZ,Tata,2017,430000,25000,Petrol
2174,Swift VDI,Maruti,2011,235000,100000,Diesel
2175,Swift Dzire VDi,Maruti,2012,350000,52000,Diesel
2176,i10 Era 1.1,Hyundai,2010,131000,80000,Petrol
2177,Amaze VX i-DTEC,Honda,2016,450000,85000,Diesel
2178,Vitara Brezza ZDi Plus,Maruti,2016,750000,83000,Diesel
2179,Alto 800 LXI,Maruti,2013,200000,50000,Petrol
2180,Wagon R LXI Minor,Maruti,2009,125000,120000,Petrol
2181,Bolero 2011-2019 SLE,Mahindra,2014,500000,100000,Diesel
2182,Swift VDI,Maruti,2012,380000,70000,Diesel
2183,Alto LXi,Maruti,2008,128000,19000,Petrol
2184,City 1.5 S MT,Honda,2009,250000,68600,Petrol
2185,Bolero Power Plus SLX,Mahindra,2017,690000,60000,Diesel
2186,Bolero 2011-2019 SLX,Mahindra,2014,650000,65000,Diesel
2187,City E,Honda,2012,560000,40000,Petrol
2188,Indica Vista Aqua 1.3 Quadrajet (ABS),Tata,2012,120000,160000,Diesel
2189,Celerio VXI,Maruti,2016,400000,25000,Petrol
2190,Alto K10 LXI,Maruti,2012,200000,29500,Petrol
2191,Verna VTVT 1.6 SX,Hyundai,2018,950000,13887,Petrol
2192,Alto 800 VXI,Maruti,2016,300000,50000,Petrol
2193,KWID RXL,Renault,2016,315000,30000,Petrol
2194,Alto 800 LXI,Maruti,2012,220000,100000,Petrol
2195,Aveo 1.4 LS,Chevrolet,2011,130000,60000,Petrol
2196,i20 Sportz Option 1.4 CRDi,Hyundai,2016,595000,60000,Diesel
2197,Indica Vista TDI LS,Tata,2011,110000,120000,Diesel
2198,EcoSport 1.5 Petrol Ambiente BSIV,Ford,2017,680000,13500,Petrol
2199,Grande Punto Active (Diesel),Fiat,2013,280000,52000,Diesel
2200,Baleno Delta 1.2,Maruti,2017,530000,30000,Petrol
2201,Xcent 1.2 Kappa SX Option,Hyundai,2017,610000,14000,Petrol
2202,Aria Pure LX 4x2,Tata,2014,500000,90000,Diesel
2203,Tigor 1.05 Revotorq XM,Tata,2018,500000,50000,Diesel
2204,Xylo D2,Mahindra,2010,250000,120000,Diesel
2205,EON Magna Plus,Hyundai,2018,325000,10000,Petrol
2206,Baleno Delta 1.2,Maruti,2018,550000,10000,Petrol
2207,Ciaz 1.4 Alpha,Maruti,2018,720000,25000,Petrol
2208,Verna VTVT 1.6 SX,Hyundai,2017,950000,20000,Petrol
2209,Swift VDI,Maruti,2013,350000,60000,Diesel
2210,Grand i10 1.2 Kappa Sportz Option,Hyundai,2018,500000,40000,Petrol
2211,Swift Dzire VDi,Maruti,2012,380000,60000,Diesel
2212,Xcent 1.2 Kappa AT SX Option,Hyundai,2015,380000,50000,Petrol
2213,Verna VTVT 1.6 SX,Hyundai,2017,900000,20000,Petrol
2214,Alto 800 VXI,Maruti,2017,295000,35000,Petrol
2215,Ciaz VDi Plus SHVS,Maruti,2016,640000,40000,Diesel
2216,Nexon 1.5 Revotorq XZ Plus,Tata,2018,790000,60000,Diesel
2217,Verna 1.6 VTVT S Option,Hyundai,2015,625000,20000,Petrol
2218,EcoSport 1.5 Petrol Trend BSIV,Ford,2017,604000,30000,Petrol
2219,Alto K10 VXI,Maruti,2015,315000,29000,Petrol
2220,XUV300 W6 Diesel BSIV,Mahindra,2019,950000,17000,Diesel
2221,Wagon R VXI Plus Optional,Maruti,2017,400000,50000,Petrol
2222,i20 1.4 Magna AT,Hyundai,2018,700000,42000,Petrol
2223,Innova 2.5 G (Diesel) 8 Seater BS IV,Toyota,2011,700000,120000,Diesel
2224,Verito 1.5 D4 BSIV,Mahindra,2012,260000,110000,Diesel
2225,Indigo CR4,Tata,2012,200000,90000,Diesel
2226,Dzire VXI,Maruti,2020,580000,70000,Petrol
2227,Vento IPL II Diesel Trendline,Volkswagen,2011,330000,66000,Diesel
2228,Verna Transform CRDi VGT SX ABS,Hyundai,2011,400000,70000,Diesel
2229,Creta 1.6 SX Automatic,Hyundai,2018,1350000,5000,Petrol
2230,Verito 1.5 D4 BSIV,Mahindra,2014,250000,50000,Diesel
2231,Rapid 1.6 MPI Ambition BSIV,Skoda,2019,725000,25000,Petrol
2232,Swift Dzire Tour LDI,Maruti,2013,300000,70000,Diesel
2233,800 AC,Maruti,2006,120000,40000,Petrol
2234,XUV500 W10 2WD,Mahindra,2016,1175000,110000,Diesel
2235,New Safari DICOR 2.2 VX 4x4,Tata,2009,380000,150000,Diesel
2236,Indica Vista TDI LX,Tata,2014,400000,45000,Diesel
2237,Indigo LX,Tata,2005,140000,90000,Diesel
2238,New Safari DICOR 2.2 EX 4x2,Tata,2011,229999,140000,Diesel
2239,Ikon 1.3 CLXi,Ford,2003,110000,83000,Petrol
2240,Jetta 2.0L TDI Highline AT,Volkswagen,2011,550000,106000,Diesel
2241,Aveo U-VA 1.2 LS,Chevrolet,2008,150000,60000,Petrol
2242,Omni E MPI STD BS IV,Maruti,2017,265000,40000,Petrol
2243,i20 1.2 Asta,Hyundai,2011,300000,138000,Petrol
2244,Alto 800 LXI,Maruti,2015,280000,80000,Petrol
2245,Getz GLS,Hyundai,2005,130000,50000,Petrol
2246,Sail 1.2 LS ABS,Chevrolet,2015,350000,50000,Petrol
2247,Ritz VXi,Maruti,2009,200000,120000,Petrol
2248,Swift VXI,Maruti,2018,550000,24400,Petrol
2249,Bolero 2011-2019 SLX,Mahindra,2013,400000,60000,Diesel
2250,Ritz VXi (ABS) BS IV,Maruti,2010,170000,120000,Petrol
2251,Verna 1.4 CRDi,Hyundai,2015,600000,60000,Diesel
2252,Alto LXi,Maruti,2011,130000,100000,Petrol
2253,Santro Xing GL PLUS CNG,Hyundai,2007,120000,60000,CNG
2254,800 AC,Maruti,2011,100000,120000,Petrol
2255,KWID RXT,Renault,2016,310000,27500,Petrol
2256,800 AC,Maruti,2007,35000,10000,Petrol
2257,i20 Magna,Hyundai,2010,200000,120000,Petrol
2258,Swift VDI BSIV,Maruti,2009,270000,70000,Diesel
2259,i20 Sportz 1.4 CRDi,Hyundai,2015,650000,80000,Diesel
2260,Indigo eCS GLS,Tata,2013,210000,120000,Petrol
2261,Xcent 1.1 CRDi S Option,Hyundai,2015,509999,90000,Diesel
2262,Figo Diesel Celebration Edition,Ford,2013,229999,70000,Diesel
2263,Duster 110PS Diesel RxZ,Renault,2014,409999,188000,Diesel
2264,Spark 1.0 LT,Chevrolet,2011,130000,67840,Petrol
2265,Nano CX,Tata,2013,95000,30000,Petrol
2266,Alto 800 LXI,Maruti,2016,225000,35000,Petrol
2267,Swift VDI BSIV,Maruti,2010,256999,150000,Diesel
2268,Vitara Brezza VDi Option,Maruti,2017,775000,100000,Diesel
2269,Wagon R VXI BS IV,Maruti,2017,420000,30000,Petrol
2270,Grand i10 Sportz Celebration Edition,Hyundai,2016,480000,70000,Petrol
2271,Qualis GS G1,Toyota,2003,200000,149032,Diesel
2272,Bolero SLE,Mahindra,2010,260000,380000,Diesel
2273,Etios Liva G,Toyota,2011,210000,84050,Petrol
2274,Polo 2015-2019 1.2 MPI Highline Plus,Volkswagen,2018,600000,15000,Petrol
2275,Ikon 1.4 TDCi DuraTorq,Ford,2009,140000,140000,Diesel
2276,Omni 8 Seater BSII,Maruti,2010,130000,120000,Petrol
2277,Swift VDI BSIV,Maruti,2007,195000,112880,Diesel
2278,Indica Vista TDI LS,Tata,2013,210000,135000,Diesel
2279,Wagon R LX,Maruti,2006,130000,80000,Petrol
2280,Beat LT,Chevrolet,2012,141000,128000,Petrol
2281,Bolero SLE BSIII,Mahindra,2011,280000,120000,Diesel
2282,SX4 ZXI AT Leather,Maruti,2010,350000,30000,Petrol
2283,Nexon 1.2 Revotron XM,Tata,2018,575000,70000,Petrol
2284,i20 Sportz Option 1.2,Hyundai,2015,550000,41000,Petrol
2285,Etios V,Toyota,2011,420000,28100,Petrol
2286,Alto LX,Maruti,2006,120000,30000,Petrol
2287,Alto K10 VXI,Maruti,2015,320000,30000,Petrol
2288,Accent Executive,Hyundai,2011,250000,35000,Petrol
2289,SX4 Zxi BSIII,Maruti,2010,300000,22000,Petrol
2290,Wagon R VXI,Maruti,2006,250000,70000,Petrol
2291,Omni E 8 Str STD,Maruti,2005,120000,100000,Petrol
2292,Bolero 2011-2019 mHAWK D70 ZLX,Mahindra,2018,750000,70000,Diesel
2293,Scorpio 2.6 CRDe,Mahindra,2005,151000,200000,Diesel
2294,Safari DICOR 2.2 EX 4x2,Tata,2011,300000,120000,Diesel
2295,Ignis 1.2 Zeta BSIV,Maruti,2019,577000,3000,Petrol
2296,Alto K10 2010-2014 VXI,Maruti,2012,229999,50000,Petrol
2297,Bolero 2011-2019 ZLX,Mahindra,2013,500000,50000,Diesel
2298,Jazz VX CVT,Honda,2019,840000,1500,Petrol
2299,Vento 1.5 TDI Highline,Volkswagen,2017,900000,74000,Diesel
2300,Jazz 1.2 V i VTEC,Honda,2017,650000,25000,Petrol
2301,Jazz 1.5 VX i DTEC,Honda,2016,650000,61915,Diesel
2302,EON Era Plus,Hyundai,2016,250000,110000,Petrol
2303,Polo 1.5 TDI Comfortline,Volkswagen,2016,550000,70000,Diesel
2304,Swift Ldi BSIII,Maruti,2007,250000,150000,Diesel
2305,Quanto C4,Mahindra,2013,350000,110000,Diesel
2306,Beat Diesel LT,Chevrolet,2014,185000,90000,Diesel
2307,Figo Petrol Titanium,Ford,2010,229999,120000,Petrol
2308,Innova 2.5 G (Diesel) 8 Seater,Toyota,2016,1000000,65000,Diesel
2309,Wagon R VXI 1.2,Maruti,2019,490000,10000,Petrol
2310,i10 Sportz,Hyundai,2009,150000,80000,Petrol
2311,Ertiga VDI,Maruti,2013,600000,184000,Diesel
2312,Wagon R CNG LXI,Maruti,2013,270000,80000,CNG
2313,Zen LXi - BS III,Maruti,2005,60000,70000,Petrol
2314,SX4 Zxi with Leather BSIII,Maruti,2008,150000,89000,Petrol
2315,Brio Exclusive Edition,Honda,2014,335000,33033,Petrol
2316,Swift VDI,Maruti,2013,525000,69000,Diesel
2317,Grand i10 AT Asta,Hyundai,2015,465000,63063,Petrol
2318,Indica V2 eLX,Tata,2012,83000,90000,Diesel
2319,EON Era Plus,Hyundai,2017,300000,8000,Petrol
2320,i20 1.2 Sportz,Hyundai,2012,350000,35000,Petrol
2321,i20 1.2 Sportz,Hyundai,2011,300000,45000,Petrol
2322,Linea 1.3 Active,Fiat,2011,250000,30000,Diesel
2323,800 Std,Maruti,2006,114999,59000,Petrol
2324,Ertiga VXI Petrol,Maruti,2018,700000,6200,Petrol
2325,Celerio X ZXI,Maruti,2020,250000,120000,Petrol
2326,Wagon R LXI BS IV,Maruti,2016,350000,70000,Petrol
2327,Omni 5 Str STD,Maruti,1998,80000,70000,Petrol
2328,Scorpio S2 7 Seater,Mahindra,2017,850000,110000,Diesel
2329,Santro Xing XG,Hyundai,2004,70000,158000,Petrol
2330,Spark 1.0 LS,Chevrolet,2007,90000,93000,Petrol
2331,Tavera Neo 3 10 Seats BSIII,Chevrolet,2014,600000,110000,Diesel
2332,Alto LX,Maruti,2007,135000,57000,Petrol
2333,Accent GLE,Hyundai,2005,150000,120000,Petrol
2334,Indigo CS eLX BS IV,Tata,2012,259000,35000,Diesel
2335,Indigo CS eLS BS IV,Tata,2012,220000,90000,Diesel
2336,Indigo eCS LX BSIV,Tata,2012,246000,35000,Diesel
2337,Swift Dzire VXi,Maruti,2009,240000,120000,Petrol
2338,Creta 1.4 E Plus,Hyundai,2018,946000,60000,Diesel
2339,Indigo eCS LX BSIV,Tata,2011,215000,70000,Diesel
2340,Zen LX,Maruti,1999,50000,60000,Petrol
2341,Amaze S i-Dtech,Honda,2013,310000,100000,Diesel
2342,i10 Magna,Hyundai,2008,220000,35000,Petrol
2343,Swift Vdi BSIII,Maruti,2008,195000,90000,Diesel
2344,i20 Active 1.2 S,Hyundai,2015,650000,50000,Petrol
2345,i20 1.2 Magna,Hyundai,2011,350000,98000,Petrol
2346,i20 Asta 1.2,Hyundai,2013,360000,30000,Petrol
2347,Elantra SX,Hyundai,2013,550000,50000,Petrol
2348,Grand i10 Sportz,Hyundai,2016,490000,26000,Petrol
2349,Alto LXi,Maruti,2011,195000,46000,Petrol
2350,Alto LX,Maruti,2010,125000,80000,Petrol
2351,Tiago 1.2 Revotron XZ,Tata,2019,459999,10000,Petrol
2352,Alto 800 LXI,Maruti,2015,275000,16700,Petrol
2353,Swift Dzire VDI,Maruti,2018,680000,70000,Diesel
2354,Swift Dzire ZXI,Maruti,2015,600000,7967,Petrol
2355,Swift ZXI Plus,Maruti,2018,720000,20000,Petrol
2356,Swift VDI BSIV,Maruti,2011,295000,50000,Diesel
2357,KWID RXT Optional,Renault,2016,356000,9656,Petrol
2358,i10 Era,Hyundai,2011,225000,50000,Petrol
2359,Freestyle Titanium Diesel BSIV,Ford,2019,725000,17000,Diesel
2360,Spark 1.0 LT,Chevrolet,2010,130000,50000,Petrol
2361,KWID RXT,Renault,2015,300000,10000,Petrol
2362,i20 Sportz 1.2,Hyundai,2013,400000,43000,Petrol
2363,Verna 1.4 CX,Hyundai,2013,550000,50000,Diesel
2364,Wagon R PRIMEA,Maruti,2006,120000,90000,Petrol
2365,Xylo D4 BSIV,Mahindra,2012,409999,100000,Diesel
2366,Santro Xing (Non-AC),Hyundai,2010,110000,80000,Petrol
2367,Bolero 2011-2019 SLX,Mahindra,2012,450000,120000,Diesel
2368,Swift VXI,Maruti,2019,610000,5000,Petrol
2369,Ecosport 1.5 DV5 MT Trend,Ford,2016,515000,68609,Diesel
2370,EcoSport 1.5 TDCi Titanium BE BSIV,Ford,2018,925000,33360,Diesel
2371,Kicks XL BSIV,Nissan,2019,860000,14317,Petrol
2372,Figo Diesel Titanium,Ford,2012,225000,87237,Diesel
2373,Figo 1.5D Trend MT,Ford,2017,500000,62960,Diesel
2374,Swift Dzire AMT VXI,Maruti,2017,600000,26634,Petrol
2375,Figo Diesel EXI Option,Ford,2012,195000,163720,Diesel
2376,Wagon R LXI BS IV,Maruti,2012,265000,67998,Petrol
2377,Freestyle Trend Diesel,Ford,2018,650000,20706,Diesel
2378,Figo Aspire 1.5 TDCi Trend,Ford,2015,415000,100581,Diesel
2379,Duster 85PS Diesel RxE Adventure,Renault,2015,600000,67303,Diesel
2380,Ritz VXi,Maruti,2013,340000,79139,Petrol
2381,Grand i10 CRDi Sportz,Hyundai,2014,350000,84784,Diesel
2382,Ritz LDi,Maruti,2012,265000,130376,Diesel
2383,Safari DICOR 2.2 EX 4x2,Tata,2017,625000,72000,Diesel
2384,Verna CRDi SX,Hyundai,2008,245000,127000,Diesel
2385,Swift VDI BSIV,Maruti,2014,395000,120000,Diesel
2386,Punto 1.3 Emotion,Fiat,2010,190000,120000,Diesel
2387,Xcent 1.1 CRDi S,Hyundai,2014,490000,100000,Diesel
2388,Etios GD,Toyota,2012,450000,148000,Diesel
2389,Ertiga SHVS VDI,Maruti,2018,955000,40000,Diesel
2390,Swift Dzire VDI,Maruti,2013,525000,110000,Diesel
2391,Tigor 1.2 Revotron XZ Option,Tata,2017,550000,30000,Petrol
2392,Indica Vista TDI LX,Tata,2014,200000,120000,Diesel
2393,Figo Aspire 1.2 Ti-VCT Trend,Ford,2017,500000,15000,Petrol
2394,SX4 S Cross 2015-2017 DDiS 200 Zeta,Maruti,2016,825000,33500,Diesel
2395,Quanto C6,Mahindra,2012,250000,70000,Diesel
2396,Etios Cross 1.2L G,Toyota,2015,600000,10000,Petrol
2397,Scorpio S7 120,Mahindra,2018,1325000,22053,Diesel
2398,TUV 300 T8,Mahindra,2016,770000,50000,Diesel
2399,Optra Magnum 2.0 LS,Chevrolet,2011,415000,78432,Diesel
2400,Santa Fe 4X4,Hyundai,2011,825000,125000,Diesel
2401,Aspire Trend Diesel BSIV,Ford,2018,530000,80000,Diesel
2402,Innova 2.5 V Diesel 8-seater,Toyota,2006,425000,270000,Diesel
2403,Brio V MT,Honda,2012,310000,50000,Petrol
2404,Tiago 1.2 Revotron XZ,Tata,2017,390000,20000,Petrol
2405,Creta 1.6 VTVT E Plus,Hyundai,2016,700000,30000,Petrol
2406,i10 Sportz 1.1L,Hyundai,2010,200000,70000,Petrol
2407,Innova 2.5 G (Diesel) 8 Seater,Toyota,2013,1050000,7200,Diesel
2408,City i DTEC SV,Honda,2014,580000,97000,Diesel
2409,EON Era Plus,Hyundai,2014,200000,60000,Petrol
2410,Sail Hatchback Petrol LS ABS,Chevrolet,2013,245000,25000,Petrol
2411,i10 Sportz,Hyundai,2010,210000,94000,Petrol
2412,Baleno LXI,Maruti,2005,50000,90000,Petrol
2413,Captiva 2.2 LTZ AWD,Chevrolet,2012,700000,50000,Diesel
2414,Bolt Quadrajet XE,Tata,2019,660000,35000,Diesel
2415,City i VTEC V,Honda,2015,630000,117500,Petrol
2416,XUV500 W8 2WD,Mahindra,2012,950000,78500,Diesel
2417,i20 1.2 Asta Dual Tone,Hyundai,2018,740000,8000,Petrol
2418,Figo Aspire 1.2 Ti-VCT Sports Edition,Ford,2017,570000,25000,Petrol
2419,Verna 1.6 SX,Hyundai,2012,450000,60000,Diesel
2420,RediGO 1.0 T Option,Datsun,2019,390000,10000,Petrol
2421,Ikon 1.6 Nxt,Ford,2009,180000,70000,Petrol
2422,Nano LX,Tata,2015,130000,60000,Petrol
2423,City 2017-2020 GXi,Honda,2006,270000,70000,Petrol
2424,800 DX,Maruti,1997,60000,25000,Petrol
2425,Verna 1.6 Xi ABS,Hyundai,2006,170000,90000,Petrol
2426,Creta 1.6 CRDi SX,Hyundai,2015,978999,90000,Diesel
2427,Tiago 1.2 Revotron XM,Tata,2018,490000,25000,Petrol
2428,Fiesta Diesel Style,Ford,2012,280000,60000,Diesel
2429,Tiago 1.2 Revotron XM,Tata,2018,390000,25000,Petrol
2430,Alto 800 VXI,Maruti,2013,170000,60000,Petrol
2431,Spark 1.0,Chevrolet,2008,45000,70000,Petrol
2432,Ertiga SHVS VDI,Maruti,2016,640000,80000,Diesel
2433,Scorpio S2 9 Seater,Mahindra,2015,650000,110000,Diesel
2434,Scorpio LX,Mahindra,2013,500000,115717,Diesel
2435,Fusion Plus 1.4 TDCi Diesel,Ford,2008,90000,110000,Diesel
2436,Aria Pure LX 4x2,Tata,2014,480000,70000,Diesel
2437,Swift VXI,Maruti,2019,630000,4000,Petrol
2438,i10 Sportz,Hyundai,2011,250000,50000,Petrol
2439,Grand i10 Sportz,Hyundai,2016,330000,70000,Petrol
2440,i10 Magna,Hyundai,2009,180000,70000,Petrol
2441,i20 Magna,Hyundai,2010,210000,50000,Petrol
2442,Swift Dzire ZDI,Maruti,2016,550000,55000,Diesel
2443,Nexon 1.2 Revotron XZA Plus,Tata,2020,950000,5000,Petrol
2444,Bolero 2011-2019 ZLX,Mahindra,2013,430000,100000,Diesel
2445,i10 Sportz,Hyundai,2014,348000,23000,Petrol
2446,Alto 800 LX,Maruti,2014,196000,60000,Petrol
2447,Wagon R LXI Minor,Maruti,2010,150000,70000,Petrol
2448,Santro Xing XS eRLX Euro III,Hyundai,2005,90000,82000,Petrol
2449,Wagon R LXI Minor,Maruti,2009,150000,60000,Petrol
2450,Safari Storme VX Varicor 400,Tata,2019,1250000,100000,Diesel
2451,Ertiga VDI,Maruti,2015,600000,90000,Diesel
2452,Nano Lx BSIV,Tata,2010,65000,26432,Petrol
2453,Omni E 8 Str STD,Maruti,2016,220000,46702,Petrol
2454,Omni E 8 Str STD,Maruti,2016,220000,46706,Petrol
2455,Indica V2 eXeta GLS,Tata,2006,110000,53523,Petrol
2456,Beat Diesel LT,Chevrolet,2012,175000,56365,Diesel
2457,Spark 1.0 LT,Chevrolet,2011,160000,49563,Petrol
2458,800 Std BSIII,Maruti,2004,65000,56432,Petrol
2459,800 AC,Maruti,2002,60000,52365,Petrol
2460,Alto LXi BSIII,Maruti,2007,120000,53512,Petrol
2461,Santro Xing XG,Hyundai,2005,110000,53563,Petrol
2462,Ssangyong Rexton RX7,Mahindra,2013,1000000,40000,Diesel
2463,Wagon R LXI BS IV,Maruti,2010,220000,46533,Petrol
2464,Omni E 8 Str STD,Maruti,2005,105000,59635,Petrol
2465,Omni 8 Seater BSIV,Maruti,2008,114999,58632,Petrol
2466,Omni LPG STD BSIV,Maruti,2008,110000,58632,LPG
2467,XUV500 AT W6 2WD,Mahindra,2016,850000,80000,Diesel
2468,Ertiga SHVS VDI,Maruti,2016,750000,70000,Diesel
2469,KWID 1.0 RXT Optional,Renault,2017,265000,90000,Petrol
2470,Classic 1.6 Duratec Titanium,Ford,2014,450000,110000,Petrol
2471,Quanto C6,Mahindra,2013,225000,90000,Diesel
2472,Scorpio S10 7 Seater,Mahindra,2015,1125000,70000,Diesel
2473,Swift VXI with ABS,Maruti,2009,270000,80000,Petrol
2474,Alto LX,Maruti,2007,130000,78000,Petrol
2475,Bolero Power Plus SLE,Mahindra,2017,660000,45000,Diesel
2476,Alto K10 VXI,Maruti,2015,240000,50000,Petrol
2477,Alto 800 LXI,Maruti,2017,275000,58000,Petrol
2478,Innova 2.5 VX 8 STR BSIV,Toyota,2012,750000,120000,Diesel
2479,Aveo U-VA 1.2,Chevrolet,2007,65000,30000,Petrol
2480,Safari Storme EX,Tata,2017,850000,162000,Diesel
2481,Wagon R LXI CNG,Maruti,2016,300000,50000,CNG
2482,i20 1.2 Magna Executive,Hyundai,2018,555000,25000,Petrol
2483,Scorpio 1.99 S6 Plus,Mahindra,2015,825000,60000,Diesel
2484,Santro Xing GLS LPG,Hyundai,2010,150000,70000,LPG
2485,Swift Dzire VDi,Maruti,2009,185000,138000,Diesel
2486,i10 Magna,Hyundai,2010,180000,70000,Petrol
2487,Alto LXi,Maruti,2010,160000,48000,Petrol
2488,Endeavour 3.0L 4X2 AT,Ford,2012,500000,110000,Diesel
2489,Swift VDI BSIV,Maruti,2014,375000,88000,Diesel
2490,Innova 2.5 GX (Diesel) 7 Seater,Toyota,2015,900000,68000,Diesel
2491,Grand i10 Sportz,Hyundai,2017,459999,70000,Petrol
2492,Duster 85PS Diesel RxL,Renault,2014,480000,80000,Diesel
2493,Swift VDI,Maruti,2013,320000,100000,Diesel
2494,Swift VDI,Maruti,2013,370000,96000,Diesel
2495,Santro Xing Base,Hyundai,2005,80000,123219,Petrol
2496,Zen LX,Maruti,2002,75000,30000,Petrol
2497,Ritz LDi,Maruti,2016,400000,60000,Diesel
2498,City 1.5 GXI CVT,Honda,2005,250000,90000,Petrol
2499,Swift VDI BSIV,Maruti,2014,425000,65000,Diesel
2500,Celerio ZXI,Maruti,2014,325000,48000,Petrol
2501,Grand i10 Magna,Hyundai,2016,350000,65300,Petrol
2502,i20 1.2 Asta Dual Tone,Hyundai,2018,600000,40000,Petrol
2503,Beat Diesel,Chevrolet,2012,120000,60000,Diesel
2504,Alto K10 2010-2014 VXI,Maruti,2012,200000,70000,Petrol
2505,Alto LXi BSIII,Maruti,2008,100000,70000,Petrol
2506,Grand i10 CRDi Asta,Hyundai,2014,350000,70000,Diesel
2507,Alto LXi,Maruti,2006,85000,150000,Petrol
2508,Alto K10 VXI Optional,Maruti,2019,399000,10000,Petrol
2509,Verna 1.6 CRDI,Hyundai,2014,580000,56000,Diesel
2510,RediGO T Option,Datsun,2017,290000,30000,Petrol
2511,Grand i10 Magna,Hyundai,2014,380000,50000,Petrol
2512,Figo Diesel EXI,Ford,2010,200000,120000,Diesel
2513,Wagon R LXI CNG,Maruti,2018,390000,40000,CNG
2514,Grand i10 1.2 Kappa Asta,Hyundai,2017,500000,27500,Petrol
2515,Ertiga VDI,Maruti,2012,520000,73000,Diesel
2516,Swift Dzire VDI,Maruti,2017,650000,75000,Diesel
2517,KWID Climber 1.0 MT,Renault,2018,380000,5000,Petrol
2518,Wagon R LXI LPG BSIV,Maruti,2010,275000,50000,LPG
2519,Swift Dzire VDI,Maruti,2015,520000,70000,Diesel
2520,Swift Dzire VDI,Maruti,2015,610000,60000,Diesel
2521,Wagon R LXI,Maruti,2004,85000,110000,Petrol
2522,Duster 85PS Diesel RxL Optional,Renault,2013,490000,95000,Diesel
2523,EON Era Plus,Hyundai,2015,229999,34000,Petrol
2524,Grand i10 Sportz,Hyundai,2015,411000,25000,Petrol
2525,Eeco CNG 5 Seater AC BSIV,Maruti,2019,362000,120000,CNG
2526,Etios Cross 1.4L GD,Toyota,2014,550000,31000,Diesel
2527,Wagon R LXI CNG,Maruti,2018,459999,70000,CNG
2528,Ritz VXi (ABS) BS IV,Maruti,2011,190000,47000,Petrol
2529,Santro Magna AMT BSIV,Hyundai,2019,499000,5000,Petrol
2530,Eeco 7 Seater Standard BSIV,Maruti,2018,358000,44000,Petrol
2531,Etios Diesel TRD Sportivo,Toyota,2012,278000,120000,Diesel
2532,Grande Punto EVO 1.3 Active,Fiat,2014,320000,39395,Diesel
2533,Fluence 1.5,Renault,2013,580000,67000,Diesel
2534,City VX CVT,Honda,2019,1300000,20000,Petrol
2535,Amaze VX i-DTEC,Honda,2018,825000,40000,Diesel
2536,Corolla AE,Toyota,2004,170000,120000,Petrol
2537,Fortuner 4x4 MT,Toyota,2014,1700000,80000,Diesel
2538,Santro Sportz BSIV,Hyundai,2018,490000,7000,Petrol
2539,XUV500 W4,Mahindra,2018,1050000,15000,Diesel
2540,Beat LT,Chevrolet,2016,210000,50000,Petrol
2541,Scorpio Intelli Hybrid S10,Mahindra,2016,1250000,30000,Diesel
2542,Swift VDI,Maruti,2012,320000,120000,Diesel
2543,Optra Magnum 2.0 LT,Chevrolet,2012,400000,64000,Diesel
2544,Ritz VDi,Maruti,2013,320000,120000,Diesel
2545,Corolla Altis Diesel D4DG,Toyota,2012,600000,85000,Diesel
2546,Alto K10 2010-2014 VXI,Maruti,2012,275000,50000,Petrol
2547,Alto LXi,Maruti,2009,170000,59000,Petrol
2548,Beat Diesel LT,Chevrolet,2012,155000,98000,Diesel
2549,Indica Vista Quadrajet LS,Tata,2012,240000,70000,Diesel
2550,Indica Vista Quadrajet LS,Tata,2012,240000,70000,Diesel
2551,Swift VDI BSIV,Maruti,2011,320000,120000,Diesel
2552,Duster 85PS Diesel RxL Plus,Renault,2015,620000,140000,Diesel
2553,Grand i10 1.2 Kappa Sportz Option,Hyundai,2017,530000,50000,Petrol
2554,Etios Liva VD,Toyota,2015,550000,40000,Diesel
2555,City i DTEC SV,Honda,2014,600000,90000,Diesel
2556,XUV500 W4,Mahindra,2014,649000,117000,Diesel
2557,City i DTEC SV,Honda,2014,625000,90000,Diesel
2558,Spark 1.0 PS,Chevrolet,2010,125000,70000,Petrol
2559,Tavera Neo 3 LS 9 Str BSIII,Chevrolet,2009,305000,230000,Diesel
2560,SX4 ZXI MT BSIV Leather,Maruti,2010,285000,155000,Petrol
2561,Xenon XT EX 4X4,Tata,2015,600000,60000,Diesel
2562,KUV 100 mFALCON G80 K8,Mahindra,2016,426000,110000,Petrol
2563,Indica Vista Terra 1.4 TDI,Tata,2010,180000,120000,Diesel
2564,Verna 1.6 VGT CRDi,Hyundai,2011,400000,100000,Diesel
2565,Beat LS,Chevrolet,2010,120000,40000,Petrol
2566,Manza Aura (ABS) Quadrajet BS IV,Tata,2012,300000,110000,Diesel
2567,Alto K10 2010-2014 VXI,Maruti,2011,190000,92500,Petrol
2568,Alto 800 LXI,Maruti,2017,310000,20000,Petrol
2569,KWID RXL,Renault,2019,380000,15000,Petrol
2570,Bolero Power Plus ZLX,Mahindra,2019,740000,14000,Diesel
2571,RediGO T Option,Datsun,2016,260000,35000,Petrol
2572,Alto K10 VXI,Maruti,2017,320000,32000,Petrol
2573,Wagon R LXI CNG,Maruti,2013,211000,90000,CNG
2574,Swift Dzire VXI 1.2 BS IV,Maruti,2018,650000,35000,Petrol
2575,Swift Dzire VDI,Maruti,2017,651000,32500,Diesel
2576,Alto K10 VXI AGS,Maruti,2019,380000,14000,Petrol
2577,Beat Diesel LT,Chevrolet,2014,160000,70000,Diesel
2578,Verna VTVT 1.6 AT SX Option,Hyundai,2019,1270000,20000,Petrol
2579,Wagon R Duo Lxi,Maruti,2011,300000,300000,LPG
2580,Swift VDI Optional,Maruti,2015,405000,100000,Diesel
2581,XUV500 W8 2WD,Mahindra,2015,850000,64800,Diesel
2582,Bolero Power Plus ZLX,Mahindra,2017,680000,90000,Diesel
2583,Xcent 1.2 Kappa SX Option,Hyundai,2014,426999,80000,Petrol
2584,Verna 1.4 CRDi,Hyundai,2015,525000,248000,Diesel
2585,Innova 2.5 VX (Diesel) 7 Seater,Toyota,2014,1019999,60000,Diesel
2586,Innova 2.5 G2,Toyota,2005,245000,120000,Diesel
2587,Elantra CRDi SX,Hyundai,2015,869999,120000,Diesel
2588,Wagon R Duo Lxi,Maruti,2010,160000,66444,LPG
2589,Vitara Brezza VDi Option,Maruti,2016,700000,86000,Diesel
2590,Sunny Diesel XV,Nissan,2012,300000,90000,Diesel
2591,Civic 1.8 S AT,Honda,2007,175000,218463,Petrol
2592,Innova 2.5 VX 8 STR,Toyota,2012,960000,153000,Diesel
2593,Thar CRDe AC,Mahindra,2014,525000,70000,Diesel
2594,Grand i10 CRDi Sportz,Hyundai,2015,345000,60000,Diesel
2595,Amaze S i-Vtech,Honda,2015,390000,50000,Petrol
2596,GO T Option BSIV,Datsun,2015,275000,20000,Petrol
2597,Sail 1.2 LS ABS,Chevrolet,2014,310000,35000,Petrol
2598,Grand i10 1.2 Kappa Sportz Dual Tone,Hyundai,2017,500000,20000,Petrol
2599,Sail Hatchback LT ABS,Chevrolet,2013,200000,70000,Diesel
2600,Polo 2015-2019 1.5 TDI Highline Plus,Volkswagen,2018,650000,53000,Diesel
2601,City i-DTEC VX,Honda,2018,1031000,60000,Diesel
2602,EON 1.0 Era Plus,Hyundai,2018,330000,70000,Petrol
2603,Santro Era,Hyundai,2019,399000,4000,Petrol
2604,i10 Magna,Hyundai,2012,250000,103000,Petrol
2605,Grand i10 1.2 CRDi Sportz Option,Hyundai,2017,600000,20000,Diesel
2606,Swift VDI,Maruti,2013,375000,77000,Diesel
2607,Vento Diesel Highline,Volkswagen,2012,375000,90000,Diesel
2608,Verna 1.6 CRDi EX MT,Hyundai,2013,445000,87185,Diesel
2609,Wagon R LXI,Maruti,2003,55000,167000,Petrol
2610,i20 2015-2017 Asta 1.4 CRDi,Hyundai,2016,611000,77000,Diesel
2611,Verna 1.4 CRDi,Hyundai,2014,459999,110000,Diesel
2612,Fiesta EXi 1.4 TDCi Ltd,Ford,2011,275000,120000,Diesel
2613,Santro Xing GLS CNG,Hyundai,2011,185000,170000,CNG
2614,Verna 1.6 SX,Hyundai,2012,390000,100000,Diesel
2615,Spark 1.0 LT,Chevrolet,2007,72000,40000,Petrol
2616,Indica V2 DL BSIII,Tata,2007,90000,50000,Diesel
2617,Etios GD,Toyota,2015,500000,125000,Diesel
2618,Wagon R LXI CNG,Maruti,2011,200000,137000,CNG
2619,XUV500 W9 BSIV,Mahindra,2019,1575000,18000,Diesel
2620,Grand i10 Sportz,Hyundai,2015,511000,30000,Petrol
2621,Grande Punto 1.4 Emotion,Fiat,2009,150000,55000,Petrol
2622,Innova Crysta 2.7 GX AT 8 STR,Toyota,2020,1500000,40000,Petrol
2623,Alto 800 LXI,Maruti,2013,185000,80000,Petrol
2624,Baleno Delta 1.2,Maruti,2018,550000,30000,Petrol
2625,Alto K10 VXI,Maruti,2017,325000,3564,Petrol
2626,Swift Dzire VDI Optional,Maruti,2015,525000,80000,Diesel
2627,One SX ABS 7 Seating,Force,2018,1050000,13000,Diesel
2628,Indigo CS eVX,Tata,2012,300000,120000,Diesel
2629,Beat LT,Chevrolet,2011,120000,90000,Petrol
2630,XE 2016-2019 2.0L Diesel Prestige,Jaguar,2017,2625000,9000,Diesel
2631,ES 300h,Lexus,2019,5150000,20000,Petrol
2632,XF 2.0 Diesel Portfolio,Jaguar,2017,3200000,45000,Diesel
2633,Safari Storme EX,Tata,2015,503000,110000,Diesel
2634,XC40 D4 Inscription BSIV,Volvo,2019,3800000,20000,Diesel
2635,Camry 2.5 Hybrid,Toyota,2016,2000000,68089,Petrol
2636,Wagon R LXI,Maruti,2013,225000,58343,Petrol
2637,Baleno Alpha 1.3,Maruti,2018,740000,38817,Diesel
2638,Jazz VX,Honda,2016,550000,56494,Petrol
2639,Innova 2.5 VX (Diesel) 7 Seater,Toyota,2013,750000,79328,Diesel
2640,Swift AMT VVT VXI,Maruti,2019,650000,5621,Petrol
2641,Etios VX,Toyota,2017,625000,25538,Petrol
2642,Swift AMT ZXI,Maruti,2018,600000,69779,Petrol
2643,Grand i10 1.2 CRDi Sportz,Hyundai,2017,450000,56290,Diesel
2644,X4 M Sport X xDrive20d,BMW,2019,5400000,7500,Diesel
2645,X4 M Sport X xDrive20d,BMW,2019,5500000,8500,Diesel
2646,Amaze V CVT Petrol BSIV,Honda,2019,779000,7032,Petrol
2647,Rapid 1.6 MPI AT Elegance,Skoda,2016,645000,11000,Petrol
2648,V40 D3 R-Design,Volvo,2018,2475000,2000,Diesel
2649,Santro Xing GLS,Hyundai,2011,170000,50000,Petrol
2650,Indigo CS eLX BS IV,Tata,2010,320000,42000,Diesel
2651,Celerio ZXI AT,Maruti,2016,350000,17000,Petrol
2652,Swift AMT VXI,Maruti,2018,500000,40000,Petrol
2653,Indigo LS,Tata,2009,135000,137000,Diesel
2654,KWID RXL,Renault,2018,340000,20000,Petrol
2655,Grand i10 Sportz,Hyundai,2020,330000,70000,Petrol
2656,SX4 Vxi BSIV,Maruti,2011,350000,48756,Petrol
2657,Fortuner 4x2 AT,Toyota,2015,1850000,30000,Diesel
2658,Xcent 1.1 CRDi SX,Hyundai,2016,400000,110000,Diesel
2659,Fiesta Classic 1.4 Duratorq CLXI,Ford,2014,325000,80322,Diesel
2660,Scorpio 1.99 S4,Mahindra,2015,1000000,35000,Diesel
2661,Scorpio S2 7 Seater,Mahindra,2017,850000,110000,Diesel
2662,SX4 ZDI Leather,Maruti,2012,350000,70000,Diesel
2663,XE 2016-2019 2.0L Diesel Prestige,Jaguar,2017,2625000,9000,Diesel
2664,ES 300h,Lexus,2019,5150000,20000,Petrol
2665,XF 2.0 Diesel Portfolio,Jaguar,2017,3200000,45000,Diesel
2666,Safari Storme EX,Tata,2015,503000,110000,Diesel
2667,XC40 D4 Inscription BSIV,Volvo,2019,3800000,20000,Diesel
2668,Camry 2.5 Hybrid,Toyota,2016,2000000,68089,Petrol
2669,Wagon R LXI,Maruti,2013,225000,58343,Petrol
2670,Baleno Alpha 1.3,Maruti,2018,740000,38817,Diesel
2671,Jazz VX,Honda,2016,550000,56494,Petrol
2672,Innova 2.5 VX (Diesel) 7 Seater,Toyota,2013,750000,79328,Diesel
2673,Swift AMT VVT VXI,Maruti,2019,650000,5621,Petrol
2674,Etios VX,Toyota,2017,625000,25538,Petrol
2675,Swift AMT ZXI,Maruti,2018,600000,69779,Petrol
2676,Grand i10 1.2 CRDi Sportz,Hyundai,2017,450000,56290,Diesel
2677,X4 M Sport X xDrive20d,BMW,2019,5400000,7500,Diesel
2678,X4 M Sport X xDrive20d,BMW,2019,5500000,8500,Diesel
2679,Amaze V CVT Petrol BSIV,Honda,2019,779000,7032,Petrol
2680,Rapid 1.6 MPI AT Elegance,Skoda,2016,645000,11000,Petrol
2681,V40 D3 R-Design,Volvo,2018,2475000,2000,Diesel
2682,Etios GD,Toyota,2012,500000,90000,Diesel
2683,Mobilio RS i DTEC,Honda,2015,550000,120000,Diesel
2684,Safari Storme VX,Tata,2015,925000,60000,Diesel
2685,Scorpio VLX AT AIRBAG BSIV,Mahindra,2010,509999,97000,Diesel
2686,Xylo D2,Mahindra,2011,250000,100000,Diesel
2687,i20 Active 1.2 SX,Hyundai,2015,500000,36000,Petrol
2688,Creta 1.4 CRDi S,Hyundai,2019,1050000,27000,Diesel
2689,Swift Dzire VDI,Maruti,2014,490000,50000,Diesel
2690,Eeco 5 Seater AC BSIV,Maruti,2020,415000,15000,Petrol
2691,Alto 800 LXI Anniversary Edition,Maruti,2013,190000,60000,Petrol
2692,Swift Dzire VDI,Maruti,2018,680000,120000,Diesel
2693,Alto 800 LXI Airbag,Maruti,2013,190000,60000,Petrol
2694,Scorpio 2009-2014 SLE 7S BSIV,Mahindra,2013,479000,173000,Diesel
2695,Alto 800 LXI,Maruti,2016,270000,60000,Petrol
2696,i10 Era,Hyundai,2008,170000,70000,Petrol
2697,Ciaz 1.4 Alpha,Maruti,2018,764000,25000,Petrol
2698,Bolero 2011-2019 SLE,Mahindra,2019,710000,30000,Diesel
2699,Alto 800 VXI,Maruti,2017,310000,35000,Petrol
2700,Bolero Power Plus SLX,Mahindra,2017,620000,100000,Diesel
2701,EON Sportz,Hyundai,2017,280000,31000,Petrol
2702,Fortuner 4x2 AT,Toyota,2015,1500000,80000,Diesel
2703,Grand i10 Asta Option,Hyundai,2016,450000,40000,Petrol
2704,GLA Class 200 D Sport Edition,Mercedes-Benz,2017,2199000,10000,Diesel
2705,M-Class ML 350 CDI,Mercedes-Benz,2013,3600000,50000,Diesel
2706,Fiesta Classic 1.6 SXI Duratec,Ford,2008,285000,60000,Petrol
2707,Innova 2.5 G (Diesel) 8 Seater BS IV,Toyota,2007,465000,210000,Diesel
2708,3 Series 320d Highline,BMW,2009,1100000,60000,Diesel
2709,Vento Diesel Highline,Volkswagen,2011,350000,110000,Diesel
2710,Ertiga BSIV LXI,Maruti,2017,600000,35000,Petrol
2711,Baleno Delta 1.2,Maruti,2017,570000,35000,Petrol
2712,Alto K10 VXI,Maruti,2016,325000,20000,Petrol
2713,XUV500 AT W6 1.99 mHawk,Mahindra,2016,975000,54000,Diesel
2714,i20 2015-2017 Sportz Option 1.2,Hyundai,2015,480000,60000,Petrol
2715,Alto 800 Base,Maruti,2014,185000,10300,Petrol
2716,Creta 1.6 CRDi AT SX Plus,Hyundai,2015,1050000,50000,Diesel
2717,Baleno Alpha,Maruti,2019,760000,3000,Petrol
2718,Polo 2015-2019 1.0 MPI Trendline,Volkswagen,2019,570000,5000,Petrol
2719,Fiesta 1.6 SXI ABS Duratec,Ford,2006,130000,145000,Petrol
2720,Baleno Alpha 1.2,Maruti,2018,700000,13000,Petrol
2721,EcoSport 1.5 Ti VCT AT Titanium BSIV,Ford,2015,775000,30000,Petrol
2722,7 Series 730Ld,BMW,2007,750000,60000,Diesel
2723,Spark 1.0 LS,Chevrolet,2010,140000,100000,Petrol
2724,Alto 800 Base,Maruti,2016,220000,40000,Petrol
2725,Santro Xing (Non-AC),Hyundai,2013,184000,15000,Petrol
2726,Qualis GS G1,Toyota,2002,210000,275000,Diesel
2727,i20 2015-2017 Sportz 1.2,Hyundai,2017,440000,50000,Petrol
2728,i20 Active 1.4 SX,Hyundai,2017,650000,80000,Diesel
2729,TUV 300 T8 AMT,Mahindra,2017,660000,50000,Diesel
2730,Eeco CNG 5 Seater AC BSIV,Maruti,2017,380000,30000,CNG
2731,Corolla Altis Diesel D4DG,Toyota,2012,415000,125000,Diesel
2732,i10 Magna 1.1L,Hyundai,2012,225000,110000,Petrol
2733,Ertiga VDI,Maruti,2013,600000,30000,Diesel
2734,Ertiga ZDI,Maruti,2014,620000,148000,Diesel
2735,TUV 300 T6 Plus,Mahindra,2016,750000,35000,Diesel
2736,Grand i10 Magna,Hyundai,2016,400000,80000,Petrol
2737,Wagon R LX,Maruti,2005,110000,110000,Petrol
2738,Indica Vista TDI LS,Tata,2012,119000,95000,Diesel
2739,Amaze S i-Dtech,Honda,2015,600000,25000,Diesel
2740,Zen Estilo LXI Green (CNG),Maruti,2011,200000,80000,CNG
2741,Zest Quadrajet 1.3 XMS,Tata,2014,280000,60000,Diesel
2742,Rapid 1.6 MPI Ambition,Skoda,2013,375000,100000,Petrol
2743,GO Plus T Option BSIV,Datsun,2016,350000,50000,Petrol
2744,Xcent 1.2 CRDi SX Option,Hyundai,2017,620000,31000,Diesel
2745,Swift Dzire VDI,Maruti,2017,570000,120000,Diesel
2746,Swift Dzire VDi,Maruti,2012,290000,105000,Diesel
2747,Ertiga SHVS ZDI Plus,Maruti,2016,711000,120000,Diesel
2748,Swift VDI,Maruti,2012,370000,60000,Diesel
2749,Dzire LXI,Maruti,2020,550000,15000,Petrol
2750,Swift VXI,Maruti,2013,325000,150000,Petrol
2751,Amaze VX Diesel BSIV,Honda,2018,670000,93000,Diesel
2752,i10 Magna 1.1L,Hyundai,2017,385000,42000,Petrol
2753,Santro Xing GLS,Hyundai,2008,114999,80000,Petrol
2754,Santro Xing GLS,Hyundai,2010,200000,90000,Petrol
2755,Vitara Brezza VDi AMT,Maruti,2019,860000,6500,Diesel
2756,Baleno Delta 1.3,Maruti,2018,600000,60000,Diesel
2757,Alto K10 VXI,Maruti,2016,265000,110000,Petrol
2758,Indica V2 Emax CNG GLX,Tata,2015,155000,60000,CNG
2759,S-Cross 2017-2020 Delta DDiS 200 SH,Maruti,2019,900000,60000,Diesel
2760,Ertiga VDI,Maruti,2013,650000,170000,Diesel
2761,800 EX,Maruti,2004,70000,220000,Petrol
2762,Alto 800 LXI,Maruti,2012,180000,80000,Petrol
2763,EON Magna Plus,Hyundai,2013,200000,57000,Petrol
2764,i10 Magna 1.1L,Hyundai,2014,300000,100000,Petrol
2765,Verna 1.6 VTVT S,Hyundai,2015,650000,40000,Petrol
2766,Alto 800 LXI,Maruti,2014,267000,40000,Petrol
2767,Wagon R LXI CNG,Maruti,2018,450000,50000,CNG
2768,Grand i10 Sportz,Hyundai,2014,400000,90000,Petrol
2769,Xylo D4 BSIV,Mahindra,2012,310000,86000,Diesel
2770,Nano Cx,Tata,2009,70000,15000,Petrol
2771,Bolero 2011-2019 EX AC,Mahindra,2017,675000,70000,Diesel
2772,Classic 1.6 Duratec Titanium,Ford,2013,350000,120000,Petrol
2773,Alto K10 VXI,Maruti,2014,240000,80000,Petrol
2774,Indigo CS LX (TDI) BS-III,Tata,2014,185000,80000,Diesel
2775,EON Era Plus,Hyundai,2017,250000,50000,Petrol
2776,Alto LXi,Maruti,2009,135000,100000,Petrol
2777,Verna 1.6 SX,Hyundai,2011,500000,80000,Diesel
2778,New Safari DICOR 2.2 VX 4x2,Tata,2010,300000,108957,Diesel
2779,Tiago 1.2 Revotron XT,Tata,2017,328000,68000,Petrol
2780,Bolero 2011-2019 SLE BSIII,Mahindra,2015,509999,65000,Diesel
2781,Xylo H9,Mahindra,2015,575000,110000,Diesel
2782,Xylo E8 ABS Airbag BSIV,Mahindra,2012,700000,50000,Diesel
2783,Wagon R LXI Minor,Maruti,2008,105000,100000,Petrol
2784,800 AC,Maruti,2008,60000,80000,Petrol
2785,Alto LXi BSIII,Maruti,2008,112999,80000,Petrol
2786,Indica Vista TDI LS,Tata,2015,229999,120000,Diesel
2787,Figo Diesel ZXI,Ford,2012,325000,150000,Diesel
2788,i20 1.2 Spotz,Hyundai,2017,650000,20000,Petrol
2789,Indigo LX,Tata,2009,85000,80000,Diesel
2790,Mobilio RS Option i DTEC,Honda,2015,570000,93000,Diesel
2791,Swift VDI BSIV,Maruti,2015,525000,134000,Diesel
2792,i20 Magna,Hyundai,2013,350000,90000,Petrol
2793,Swift VXI with ABS,Maruti,2007,250000,60000,Petrol
2794,Xylo D2 BS IV,Mahindra,2010,300000,120000,Diesel
2795,Compass 2.0 Limited Option,Jeep,2017,1325000,30000,Diesel
2796,i20 2015-2017 Asta 1.4 CRDi,Hyundai,2017,650000,22200,Diesel
2797,Grand i10 1.2 Kappa Sportz Option,Hyundai,2018,520000,6000,Petrol
2798,Swift VXI Deca,Maruti,2016,500000,32000,Petrol
2799,KWID RXL,Renault,2016,220000,90000,Petrol
2800,Ciaz 1.3 Alpha,Maruti,2017,650000,78000,Diesel
2801,WR-V i-VTEC VX,Honda,2017,819999,12000,Petrol
2802,Duster 85PS Diesel RxL Explore,Renault,2016,645000,120000,Diesel
2803,Ertiga SHVS VDI,Maruti,2015,780000,40000,Diesel
2804,City 2017-2020 EXi,Honda,2008,215000,110000,Petrol
2805,Innova 2.5 V Diesel 7-seater,Toyota,2007,600000,260000,Diesel
2806,Alto LX,Maruti,2011,114999,10000,Petrol
2807,Indica V2 LSi,Tata,2012,75000,12000,Petrol
2808,Beat LT,Chevrolet,2011,120000,60000,Petrol
2809,KWID RXT Optional,Renault,2016,250000,41000,Petrol
2810,Omni E MPI STD BS IV,Maruti,2018,200000,25000,Petrol
2811,Xcent 1.2 Kappa S,Hyundai,2015,380000,30000,Petrol
2812,Amaze S Option i-DTEC,Honda,2018,560000,50000,Diesel
2813,Ignis 1.2 Zeta BSIV,Maruti,2018,575000,10000,Petrol
2814,Bolero Power Plus SLE,Mahindra,2017,620000,40000,Diesel
2815,Scorpio VLX 2WD AIRBAG BSIII,Mahindra,2012,525000,120000,Diesel
2816,Swift Dzire VDI,Maruti,2017,635000,40000,Diesel
2817,Duster Adventure Edition RXZ AWD,Renault,2016,650000,80000,Diesel
2818,800 Std,Maruti,2001,39000,42108,Petrol
2819,Figo Aspire 1.5 TDCi Titanium Opt,Ford,2017,550000,70000,Diesel
2820,Ritz VDi,Maruti,2009,145000,150000,Diesel
2821,Indigo LS,Tata,2007,130000,100000,Diesel
2822,Ertiga ZDI Plus,Maruti,2017,825000,79000,Diesel
2823,Fortuner 4x2 AT,Toyota,2015,1650000,91000,Diesel
2824,Vitara Brezza ZDi,Maruti,2018,875000,50000,Diesel
2825,Ciaz ZDi Plus SHVS,Maruti,2016,650000,81000,Diesel
2826,XF 3.0 Litre S Premium Luxury,Jaguar,2014,2000000,51000,Diesel
2827,X1 sDrive 20d Sportline,BMW,2018,2850000,27000,Diesel
2828,Q3 35 TDI Quattro Premium Plus,Audi,2018,2800000,26000,Diesel
2829,5 Series 520d Sport Line,BMW,2018,3900000,17100,Diesel
2830,Sail 1.3 LS,Chevrolet,2013,246000,56000,Diesel
2831,Amaze S Diesel,Honda,2013,325000,60000,Diesel
2832,Compass 1.4 Limited,Jeep,2019,1450000,22000,Petrol
2833,BRV i-VTEC V CVT,Honda,2017,850000,30000,Petrol
2834,Vento 1.5 TDI Comfortline,Volkswagen,2015,560000,43001,Diesel
2835,Ertiga VDI,Maruti,2015,575000,60000,Diesel
2836,Celerio VXi AMT,Maruti,2019,470000,9000,Petrol
2837,Indigo CS LS (TDI) BS-III,Tata,2014,221000,65000,Diesel
2838,Innova 2.5 G (Diesel) 8 Seater,Toyota,2014,680000,95000,Diesel
2839,Endeavour 2.5L 4X2,Ford,2013,700000,62000,Diesel
2840,S60 D4 SUMMUM,Volvo,2016,1950000,48000,Diesel
2841,Creta 1.6 CRDi AT SX Plus,Hyundai,2015,875000,72000,Diesel
2842,Verna CRDi 1.6 SX Option,Hyundai,2017,850000,35000,Diesel
2843,Duster 85PS Diesel RxL Optional,Renault,2013,550000,100600,Diesel
2844,Swift Dzire VDI,Maruti,2013,480000,105000,Diesel
2845,Scorpio Intelli Hybrid S10 4WD,Mahindra,2017,1050000,90000,Diesel
2846,Bolero 2011-2019 ZLX,Mahindra,2016,631000,92385,Diesel
2847,Nano Twist XT,Tata,2015,165000,25000,Petrol
2848,Ritz VXI,Maruti,2010,320000,60000,Petrol
2849,Ritz ZXi,Maruti,2012,360000,100000,Petrol
2850,Santro Xing XG AT,Hyundai,2004,130000,100000,Petrol
2851,Elantra GT,Hyundai,2006,175000,25000,Petrol
2852,i20 2015-2017 Asta Option 1.4 CRDi,Hyundai,2016,725000,120000,Diesel
2853,Linea Classic 1.3 Multijet,Fiat,2014,280000,185000,Diesel
2854,Polo Diesel Highline 1.2L,Volkswagen,2011,325000,134000,Diesel
2855,Figo Diesel ZXI,Ford,2014,320000,120000,Diesel
2856,Grand i10 1.2 Kappa Sportz BSIV,Hyundai,2018,500000,120000,Petrol
2857,XUV500 W6 2WD,Mahindra,2014,825000,165000,Diesel
2858,Ritz LDi,Maruti,2016,350000,120000,Diesel
2859,i20 1.4 CRDi Sportz,Hyundai,2011,470000,89000,Diesel
2860,Renault Logan 1.5 DLE Diesel,Mahindra,2009,125000,120000,Diesel
2861,Elantra GLS,Hyundai,2006,140000,120000,Petrol
2862,Amaze VX i-DTEC,Honda,2013,484999,50000,Diesel
2863,Alto 800 LXI,Maruti,2018,308000,15000,Petrol
2864,Grand i10 1.2 Kappa Sportz BSIV,Hyundai,2019,570000,13000,Petrol
2865,Fortuner 3.0 Diesel,Toyota,2010,900000,240000,Diesel
2866,Compass 2.0 Limited 4X4,Jeep,2017,1800000,45000,Diesel
2867,Jeep MM 550 XDB,Mahindra,2005,400000,30000,Diesel
2868,Swift Dzire AMT VXI,Maruti,2018,680000,28000,Petrol
2869,Swift Dzire ZDI,Maruti,2017,700000,70000,Diesel
2870,Xylo E4,Mahindra,2011,240000,116000,Diesel
2871,EON Era Plus,Hyundai,2014,280000,90000,Petrol
2872,Indica Vista Aqua 1.4 TDI,Tata,2010,125000,120000,Diesel
2873,Fiesta 1.4 SXi TDCi,Ford,2009,130000,100000,Diesel
2874,Swift VXI Windsong Limited edition,Maruti,2015,434999,50000,Petrol
2875,Innova 2.5 VX (Diesel) 7 Seater,Toyota,2015,1050000,120000,Diesel
2876,V40 Cross Country D3,Volvo,2013,1200000,72500,Diesel
2877,Vento Diesel Highline,Volkswagen,2013,400000,120000,Diesel
2878,XUV500 W6 2WD,Mahindra,2014,850000,120000,Diesel
2879,i20 Asta 1.4 CRDi,Hyundai,2014,475000,83000,Diesel
2880,Ikon 1.6 EXi NXt,Ford,2003,150000,40000,Petrol
2881,Fortuner 2.8 2WD MT BSIV,Toyota,2018,2900000,46000,Diesel
2882,Innova 2.5 VX (Diesel) 7 Seater,Toyota,2015,1100000,137000,Diesel
2883,Alto 800 LXI,Maruti,2017,285000,25000,Petrol
2884,Grand i10 1.2 CRDi Asta,Hyundai,2018,650000,50000,Diesel
2885,A-Star Vxi,Maruti,2012,275000,60000,Petrol
2886,800 AC,Maruti,2000,60000,100000,Petrol
2887,Logan Diesel 1.5 DLS,Mahindra,2011,229999,105000,Diesel
2888,Alto K10 LX,Maruti,2015,300000,20000,Petrol
2889,Ertiga SHVS ZDI Plus,Maruti,2016,940000,50000,Diesel
2890,Ciaz ZDi,Maruti,2015,600000,120000,Diesel
2891,Baleno Alpha 1.3,Maruti,2017,800000,70000,Diesel
2892,Sunny XV D,Nissan,2017,580000,90000,Diesel
2893,Tigor 1.2 Revotron XT,Tata,2018,450000,75000,Petrol
2894,Optra Magnum 2.0 LS,Chevrolet,2011,290000,82500,Diesel
2895,Amaze VX i-DTEC,Honda,2014,530000,110000,Diesel
2896,Verna CRDi 1.4 EX,Hyundai,2019,960000,20000,Diesel
2897,City 1.5 S MT,Honda,2009,290000,110000,Petrol
2898,Lancer 2.0 L Diesel LX,Mitsubishi,2008,160000,100000,Diesel
2899,Celerio X ZXI Option BSIV,Maruti,2017,400000,52000,Petrol
2900,Vitara Brezza LDi Option,Maruti,2017,700000,90000,Diesel
2901,Vento Diesel Highline,Volkswagen,2012,361000,90000,Diesel
2902,i20 Magna 1.4 CRDi (Diesel),Hyundai,2013,390000,53000,Diesel
2903,Indica Vista Aqua 1.3 Quadrajet BSIV,Tata,2012,200000,180000,Diesel
2904,i20 Magna 1.4 CRDi (Diesel),Hyundai,2013,390000,53000,Diesel
2905,Swift VDI,Maruti,2013,500000,53000,Diesel
2906,Alto LXi,Maruti,2011,200000,50600,Petrol
2907,Safari Storme EX,Tata,2015,503000,110000,Diesel
2908,Vitara Brezza ZDi Plus Dual Tone,Maruti,2017,775000,32000,Diesel
2909,Vitara Brezza VDi,Maruti,2018,750000,5000,Diesel
2910,i20 1.2 Spotz,Hyundai,2018,570000,25000,Petrol
2911,Jazz 1.2 VX i VTEC,Honda,2016,484999,30000,Petrol
2912,BR-V i-VTEC S MT,Honda,2017,700000,43000,Petrol
2913,Verna S,Hyundai,2012,415000,60000,Petrol
2914,EcoSport 1.5 Diesel Trend BSIV,Ford,2014,484999,54000,Diesel
2915,SX4 S Cross 2015-2017 DDiS 200 Zeta,Maruti,2016,675000,52000,Diesel
2916,EcoSport 1.5 Ti VCT MT Titanium BSIV,Ford,2015,680000,50000,Petrol
2917,Alto 800 LXI,Maruti,2013,235000,52000,Petrol
2918,XUV500 W11 Option BSIV,Mahindra,2018,1700000,15000,Diesel
2919,XUV500 AT W10 FWD,Mahindra,2015,1200000,50000,Diesel
2920,City i DTEC VX,Honda,2014,630000,56000,Diesel
2921,Figo Aspire 1.5 TDCi Trend,Ford,2018,640000,82000,Diesel
2922,Xcent 1.2 Kappa S,Hyundai,2014,355000,121000,Petrol
2923,Scorpio VLX 2WD AIRBAG BSIV,Mahindra,2012,560000,101903,Diesel
2924,Swift Dzire Tour LDI,Maruti,2018,580000,120000,Diesel
2925,Figo Diesel EXI Option,Ford,2010,185000,85568,Diesel
2926,Baleno Zeta Automatic,Maruti,2019,660000,10000,Petrol
2927,EON 1.0 Kappa Magna Plus,Hyundai,2014,220000,10000,Petrol
2928,Santro Xing GLS,Hyundai,2007,150000,60000,Petrol
2929,Scorpio M2DI,Mahindra,2011,484999,80000,Diesel
2930,Swift LXI,Maruti,2019,509999,10000,Petrol
2931,Bolero 2011-2019 ZLX BSIII,Mahindra,2014,515000,60000,Diesel
2932,B Class B180 Sports,Mercedes-Benz,2014,1250000,42000,Petrol
2933,Enjoy TCDi LS 8 Seater,Chevrolet,2014,350000,50000,Diesel
2934,Alto K10 VXI,Maruti,2018,375000,11500,Petrol
2935,Creta 1.4 E Plus,Hyundai,2019,950000,15000,Diesel
2936,Swift Dzire ZDI,Maruti,2015,615000,32000,Diesel
2937,Swift LXI,Maruti,2011,275000,50000,Petrol
2938,X7 xDrive 30d DPE,BMW,2020,7200000,5000,Diesel
2939,Eeco 5 Seater AC BSIV,Maruti,2017,400000,10000,Petrol
2940,S-Cross 2017-2020 Zeta DDiS 200 SH,Maruti,2019,930000,15000,Diesel
2941,Swift Dzire VXI,Maruti,2012,310000,100000,Petrol
2942,Etios GD,Toyota,2012,320000,120000,Diesel
2943,Innova Crysta 2.4 VX MT BSIV,Toyota,2016,1670000,25000,Diesel
2944,Swift Dzire LDI,Maruti,2013,356000,70000,Diesel
2945,City V MT,Honda,2013,500000,32000,Petrol
2946,Tiago 1.2 Revotron XT,Tata,2018,409999,35000,Petrol
2947,Vitara Brezza ZDi Plus,Maruti,2019,980000,50000,Diesel
2948,Bolero DI,Mahindra,2005,150000,100000,Diesel
2949,Jazz VX CVT,Honda,2019,750000,3100,Petrol
2950,Superb Elegance 1.8 TSI AT,Skoda,2013,500000,60000,Petrol
2951,Swift VDI,Maruti,2013,355000,170000,Diesel
2952,Indica Vista Aqua TDI BSIII,Tata,2011,200000,50000,Diesel
2953,Innova 2.5 G (Diesel) 7 Seater BS IV,Toyota,2008,370000,120000,Diesel
2954,Xcent 1.2 Kappa SX Option,Hyundai,2015,450000,20000,Petrol
2955,Grand i10 Sportz,Hyundai,2015,486000,10000,Petrol
2956,SX4 Celebration Diesel,Maruti,2011,242000,120000,Diesel
2957,Grand i10 1.2 Kappa Asta,Hyundai,2018,580000,25000,Petrol
2958,EcoSport 1.5 TDCi Titanium BSIV,Ford,2014,500000,130000,Diesel
2959,Premio Base,Toyota,2004,170000,120000,Petrol
2960,Quanto C6,Mahindra,2013,300000,40000,Diesel
2961,Thar DI 4X4 PS,Mahindra,2016,710000,60000,Diesel
2962,Fabia 1.2 TDI Ambition Plus,Skoda,2012,220000,70000,Diesel
2963,Swift AMT VXI,Maruti,2020,654000,1000,Petrol
2964,Rapid 1.6 MPI AT Ambition BSIV,Skoda,2019,835000,10000,Petrol
2965,Fiesta 1.6 ZXi ABS,Ford,2010,250000,47000,Petrol
2966,Swift VXI,Maruti,2019,600000,18000,Petrol
2967,Swift Dzire VXI,Maruti,2016,459999,60000,Petrol
2968,KWID 1.0 RXL,Renault,2018,275000,20000,Petrol
2969,Figo 1.2P Titanium MT,Ford,2017,408000,60000,Petrol
2970,XUV500 W5 BSIV,Mahindra,2018,1200000,25000,Diesel
2971,Xcent 1.2 Kappa S Option,Hyundai,2014,375000,52000,Petrol
2972,Alto LXi,Maruti,2006,94500,44000,Petrol
2973,Polo Petrol Comfortline 1.2L,Volkswagen,2011,300000,17000,Petrol
2974,City 1.5 E MT,Honda,2009,350000,35000,Petrol
2975,Fortuner 3.0 Diesel,Toyota,2011,975000,120000,Diesel
2976,i20 Asta 1.2,Hyundai,2015,600000,100000,Petrol
2977,Innova 2.5 G (Diesel) 7 Seater,Toyota,2014,700000,300000,Diesel
2978,Bolero Power Plus ZLX,Mahindra,2017,640000,90000,Diesel
2979,Creta 1.6 CRDi SX Option,Hyundai,2017,1110000,186000,Diesel
2980,Ertiga VDI,Maruti,2014,570000,79000,Diesel
2981,Innova 2.5 E Diesel MS 7-seater,Toyota,2010,451999,120000,Diesel
2982,KWID RXT,Renault,2016,240000,59300,Petrol
2983,Scorpio S2 7 Seater,Mahindra,2014,680000,120000,Diesel
2984,Zest Quadrajet 1.3 75PS XE,Tata,2015,350000,60000,Diesel
2985,Vento Petrol Highline,Volkswagen,2012,360000,60000,Petrol
2986,Figo Petrol ZXI,Ford,2010,250000,80000,Petrol
2987,Swift VXI,Maruti,2019,550000,11500,Petrol
2988,EON Magna Plus,Hyundai,2012,180000,56000,Petrol
2989,Jazz 1.5 E i DTEC,Honda,2016,425000,68000,Diesel
2990,Tiago 1.2 Revotron XT,Tata,2019,409999,25000,Petrol
2991,Tiago 1.2 Revotron XT,Tata,2018,438999,25000,Petrol
2992,Micra Active XL Petrol,Nissan,2014,225000,100000,Petrol
2993,Bolero Power Plus Plus Non AC BSIV PS,Mahindra,2017,580000,95000,Diesel
2994,Swift Dzire VXi,Maruti,2008,200000,100000,Petrol
2995,Santro Xing Base,Hyundai,2006,75000,90000,Petrol
2996,Grande Punto 1.3 Dynamic (Diesel),Fiat,2013,250000,47000,Diesel
2997,Ritz LDi,Maruti,2011,170000,175000,Diesel
2998,Swift Dzire 1.2 Vxi BSIV,Maruti,2010,300000,60000,Petrol
2999,Bolero DI,Mahindra,2005,160000,300000,Diesel
3000,Swift Dzire VDI,Maruti,2014,409999,150000,Diesel
3001,i20 1.4 CRDi Asta,Hyundai,2012,350000,110000,Diesel
3002,KWID RXL,Renault,2019,310000,25000,Petrol
3003,Alto LXi,Maruti,2010,135000,95000,Petrol
3004,Ritz VDi,Maruti,2010,220000,100000,Diesel
3005,Grand i10 1.2 Kappa Sportz BSIV,Hyundai,2017,570000,20000,Petrol
3006,Swift Dzire VDI,Maruti,2014,500000,84000,Diesel
3007,i20 2015-2017 Asta Option 1.4 CRDi,Hyundai,2016,875000,40000,Diesel
3008,Indica Vista TDI LX,Tata,2011,210000,100000,Diesel
3009,Indica Vista TDI LX,Tata,2011,210000,120000,Diesel
3010,Santro Xing GLS LPG,Hyundai,2010,200000,80000,LPG
3011,Alto LX,Maruti,2011,175000,175000,Petrol
3012,i20 1.2 Asta Option,Hyundai,2017,700000,30000,Petrol
3013,i20 1.2 Asta Option,Hyundai,2017,700000,30000,Petrol
3014,Grand i10 1.2 Kappa Magna AT,Hyundai,2019,550000,28000,Petrol
3015,Santro Era,Hyundai,2019,420000,20000,Petrol
3016,i20 Asta,Hyundai,2009,210000,89322,Petrol
3017,Beat Diesel LT,Chevrolet,2013,175000,76000,Diesel
3018,Alto LXi,Maruti,2012,180000,70000,Petrol
3019,Alto LX BSIII,Maruti,2007,118000,110000,Petrol
3020,Verna CRDi,Hyundai,2007,170000,120000,Diesel
3021,Zen Estilo 1.1 LX BSIII,Maruti,2009,120000,110000,Petrol
3022,Alto LXi,Maruti,2009,170000,90000,Petrol
3023,Swift ZDI Plus,Maruti,2018,700000,60000,Diesel
3024,Bolero 2011-2019 SLE BSIII,Mahindra,2014,500000,48300,Diesel
3025,Wagon R AX Minor,Maruti,2007,80000,63000,Petrol
3026,City 2017-2020 EXi,Honda,2008,105000,110000,Petrol
3027,Swift Dzire LDI,Maruti,2016,425000,120000,Diesel
3028,i20 2015-2017 Sportz 1.2,Hyundai,2017,625000,23511,Petrol
3029,i20 1.2 Spotz,Hyundai,2017,640000,22512,Petrol
3030,i10 Magna 1.2 iTech SE,Hyundai,2010,180000,120000,Petrol
3031,Ritz VDi,Maruti,2009,155000,120000,Diesel
3032,Wagon R LX Minor,Maruti,2007,85000,100000,Petrol
3033,i10 Magna 1.2 iTech SE,Hyundai,2011,250000,70000,Petrol
3034,Verna 1.6 VTVT AT SX,Hyundai,2017,1000000,15000,Petrol
3035,GO A EPS,Datsun,2016,350000,16500,Petrol
3036,Swift Dzire ZDI,Maruti,2018,740000,50000,Diesel
3037,RediGO 1.0 S,Datsun,2018,300000,19000,Petrol
3038,Ameo 1.5 TDI Comfortline,Volkswagen,2017,550000,50000,Diesel
3039,Bolero 2011-2019 SLX,Mahindra,2017,710000,70000,Diesel
3040,Bolero 2011-2019 SLX,Mahindra,2017,700000,70000,Diesel
3041,Bolero 2011-2019 SLE BSIII,Mahindra,2016,550000,120000,Diesel
3042,i10 Sportz 1.1L LPG,Hyundai,2015,375000,60000,LPG
3043,Safari DICOR 2.2 EX 4x2,Tata,2015,600000,60000,Diesel
3044,Swift VDI,Maruti,2013,380000,76000,Diesel
3045,Ritz VDi,Maruti,2012,300000,70000,Diesel
3046,800 DX,Maruti,1998,45000,80000,Petrol
3047,Innova 2.5 G4 Diesel 8-seater,Toyota,2010,450000,210000,Diesel
3048,Bolero Power Plus Plus AC BSIV PS,Mahindra,2015,475000,128000,Diesel
3049,Triber RXZ BSIV,Renault,2019,650000,5000,Petrol
3050,Wagon R LXI LPG BSIV,Maruti,2011,200000,70000,LPG
3051,Swift VDI,Maruti,2013,350000,85000,Diesel
3052,Vitara Brezza ZDi AMT,Maruti,2018,911999,25000,Diesel
3053,Swift Dzire VXI 1.2,Maruti,2018,650000,15000,Petrol
3054,Swift Dzire VXi,Maruti,2012,350000,30000,Petrol
3055,Omni E MPI STD BS IV,Maruti,2016,190000,80000,Petrol
3056,Verna CRDi 1.6 SX Option,Hyundai,2019,1200000,40000,Diesel
3057,Bolero 2011-2019 EX NON AC,Mahindra,2013,305000,160000,Diesel
3058,Creta 1.6 CRDi SX,Hyundai,2015,850000,108000,Diesel
3059,Jetta 2.0 TDI Comfortline,Volkswagen,2011,350000,120000,Diesel
3060,Santro Xing GLS,Hyundai,2010,180000,55000,Petrol
3061,New Safari Dicor GX 4X2 BS IV,Tata,2008,200000,110000,Diesel
3062,Etios GD,Toyota,2011,375000,80000,Diesel
3063,Brio E MT,Honda,2012,229999,110000,Petrol
3064,Wagon R VXI,Maruti,2006,135000,62900,Petrol
3065,Jetta 2.0L TDI Highline,Volkswagen,2011,425000,120000,Diesel
3066,XUV500 W10 2WD,Mahindra,2016,1350000,70000,Diesel
3067,Endeavour 4x2 XLT Limited Edition,Ford,2009,480000,70000,Diesel
3068,Swift Dzire LDI,Maruti,2017,455000,60000,Diesel
3069,Wagon R VXI Optional,Maruti,2015,320000,60000,Petrol
3070,Elite i20 Sportz Plus BSIV,Hyundai,2019,693000,4000,Petrol
3071,Vitara Brezza ZDi Plus,Maruti,2017,830000,35000,Diesel
3072,Grand i10 Sportz,Hyundai,2016,470000,13500,Petrol
3073,City i VTEC CVT VX,Honda,2017,1100000,26000,Petrol
3074,Zest Quadrajet 1.3 XM,Tata,2016,325000,50000,Diesel
3075,EON Magna Plus,Hyundai,2014,215000,50000,Petrol
3076,Swift VXI,Maruti,2018,560000,25000,Petrol
3077,Celerio VXI AT,Maruti,2017,400000,30000,Petrol
3078,XE 2016-2019 2.0L Diesel Prestige,Jaguar,2017,2625000,9000,Diesel
3079,ES 300h,Lexus,2019,5150000,20000,Petrol
3080,XF 2.0 Diesel Portfolio,Jaguar,2017,3200000,45000,Diesel
3081,Safari Storme EX,Tata,2015,503000,110000,Diesel
3082,XC40 D4 Inscription BSIV,Volvo,2019,3800000,20000,Diesel
3083,Camry 2.5 Hybrid,Toyota,2016,2000000,68089,Petrol
3084,Wagon R LXI,Maruti,2013,225000,58343,Petrol
3085,Baleno Alpha 1.3,Maruti,2018,740000,38817,Diesel
3086,Jazz VX,Honda,2016,550000,56494,Petrol
3087,Innova 2.5 VX (Diesel) 7 Seater,Toyota,2013,750000,79328,Diesel
3088,Swift AMT VVT VXI,Maruti,2019,650000,5621,Petrol
3089,Etios VX,Toyota,2017,625000,25538,Petrol
3090,Swift AMT ZXI,Maruti,2018,600000,69779,Petrol
3091,Grand i10 1.2 CRDi Sportz,Hyundai,2017,450000,56290,Diesel
3092,X4 M Sport X xDrive20d,BMW,2019,5400000,7500,Diesel
3093,X4 M Sport X xDrive20d,BMW,2019,5500000,8500,Diesel
3094,Amaze V CVT Petrol BSIV,Honda,2019,779000,7032,Petrol
3095,Rapid 1.6 MPI AT Elegance,Skoda,2016,645000,11000,Petrol
3096,V40 D3 R-Design,Volvo,2018,2475000,2000,Diesel
3097,Santro GLS I - Euro I,Hyundai,1999,60000,140000,Petrol
3098,EcoSport 1.5 Diesel Titanium Plus BSIV,Ford,2017,725000,45000,Diesel
3099,Wagon R LXI,Maruti,2013,225000,58343,Petrol
3100,Baleno Alpha 1.3,Maruti,2018,740000,38817,Diesel
3101,Swift AMT VVT VXI,Maruti,2019,650000,5621,Petrol
3102,Etios VX,Toyota,2017,625000,25538,Petrol
3103,Swift AMT ZXI,Maruti,2018,600000,69779,Petrol
3104,Grand i10 1.2 CRDi Sportz,Hyundai,2017,450000,56290,Diesel
3105,Brio 1.2 VX MT,Honda,2014,325000,52442,Petrol
3106,i10 Magna,Hyundai,2013,229999,39000,Petrol
3107,New C-Class C 200 Kompressor Elegance AT,Mercedes-Benz,2007,400000,42000,Petrol
3108,Polo 1.2 MPI Highline,Volkswagen,2015,449000,34156,Petrol
3109,Grand i10 1.2 Kappa Sportz BSIV,Hyundai,2017,455000,34152,Petrol
3110,A4 35 TDI Premium Plus,Audi,2015,1750000,37000,Diesel
3111,Innova Crysta 2.8 GX AT BSIV,Toyota,2017,1390000,98000,Diesel
3112,Creta 1.6 SX Option,Hyundai,2019,1150000,31000,Petrol
3113,i20 1.2 Magna Executive,Hyundai,2018,650000,62841,Petrol
3114,Creta 1.6 CRDi SX,Hyundai,2016,950000,38600,Diesel
3115,Swift Dzire AMT ZDI Plus,Maruti,2018,698000,27654,Diesel
3116,Creta 1.6 CRDi SX,Hyundai,2017,975000,48698,Diesel
3117,Wagon R VXI AMT 1.2,Maruti,2018,445000,32995,Petrol
3118,Zest Quadrajet 1.3 75PS XM,Tata,2018,539000,60000,Diesel
3119,Swift Vdi BSIII,Maruti,2010,350000,110000,Diesel
3120,Scorpio VLX 2WD AIRBAG BSIII,Mahindra,2011,550000,260000,Diesel
3121,Duster 85PS Diesel RxE,Renault,2015,550000,130000,Diesel
3122,Polo Diesel Highline 1.2L,Volkswagen,2011,330000,120000,Diesel
3123,EON Era Plus,Hyundai,2014,220000,80000,Petrol
3124,Ritz ZXi,Maruti,2013,415000,60000,Petrol
3125,Alto LX BSIII,Maruti,2007,150000,75000,Petrol
3126,Getz GLS,Hyundai,2005,150000,89000,Petrol
3127,Verna CRDi ABS,Hyundai,2007,240000,110000,Diesel
3128,Alto LX BSIII,Maruti,2009,170000,90000,Petrol
3129,Ciaz ZDi Plus SHVS,Maruti,2015,550000,40000,Diesel
3130,Micra Fashion Edition XL CVT,Nissan,2017,500000,26000,Petrol
3131,Xylo D2,Mahindra,2011,180000,120000,Diesel
3132,KUV 100 mFALCON G80 K4,Mahindra,2017,360000,29000,Petrol
3133,Swift Dzire VXI,Maruti,2014,400000,120000,Petrol
3134,Accent GLE,Hyundai,2009,120000,70000,Petrol
3135,Vitara Brezza ZDi Plus Dual Tone,Maruti,2016,765000,100000,Diesel
3136,Vitara Brezza ZDi Plus Dual Tone,Maruti,2016,919999,90150,Diesel
3137,Platinum Etios 1.4 GXD,Toyota,2018,730000,90000,Diesel
3138,Zest Quadrajet 1.3 75PS XM,Tata,2016,320000,120000,Diesel
3139,Amaze S i-Dtech,Honda,2015,455000,90000,Diesel
3140,GO T Option BSIV,Datsun,2015,350000,50000,Petrol
3141,TUV 300 T8,Mahindra,2016,509999,110000,Diesel
3142,Indigo LS,Tata,2011,175000,85700,Diesel
3143,Bolero 2011-2019 DI NON AC BS III SILVER,Mahindra,2013,325000,178000,Diesel
3144,Indigo CS GLS BSIII,Tata,2011,120000,70000,Petrol
3145,i10 Sportz,Hyundai,2014,300000,30000,Petrol
3146,City i DTEC E,Honda,2015,500000,100000,Diesel
3147,Baleno Delta 1.2,Maruti,2016,562000,25339,Petrol
3148,EON Magna Plus,Hyundai,2014,250000,10000,Petrol
3149,Zest Quadrajet 1.3 XT,Tata,2017,484999,35000,Diesel
3150,i10 Sportz,Hyundai,2013,280000,35000,Petrol
3151,Ertiga VDI,Maruti,2015,571000,68000,Diesel
3152,Swift VXI,Maruti,2013,400000,40000,Petrol
3153,Indigo CS LS (TDI) BS-III,Tata,2015,295000,120000,Diesel
3154,Bolero LX,Mahindra,2006,210000,120000,Diesel
3155,Figo Petrol EXI,Ford,2011,250000,25000,Petrol
3156,Bolero 2011-2019 SLE,Mahindra,2015,610000,40000,Diesel
3157,Indica Vista Quadrajet VX,Tata,2012,175000,60000,Diesel
3158,Figo Diesel Titanium,Ford,2011,204999,70000,Diesel
3159,XUV500 W8 2WD,Mahindra,2013,750000,80000,Diesel
3160,i20 Active SX Diesel,Hyundai,2016,651000,42323,Diesel
3161,X1 sDrive20d M Sport,BMW,2011,1075000,42545,Diesel
3162,S-Cross 2017-2020 Delta DDiS 200 SH,Maruti,2016,690000,32000,Diesel
3163,Swift Dzire VDI Optional,Maruti,2017,589000,41232,Diesel
3164,Bolero B4,Mahindra,2015,445000,40200,Diesel
3165,Ecosport Sports Diesel,Ford,2013,475000,48000,Diesel
3166,Amaze E Diesel BSIV,Honda,2014,465000,27233,Diesel
3167,Manza Aura Safire,Tata,2011,225000,35000,Petrol
3168,Innova 2.5 G (Diesel) 8 Seater BS IV,Toyota,2005,310000,200000,Diesel
3169,Sumo EX,Tata,2016,445000,63000,Diesel
3170,Bolero B4,Mahindra,2015,445000,62000,Diesel
3171,New Safari 3L Dicor LX 4x2,Tata,2012,450000,68240,Diesel
3172,Scorpio 1.99 S10 4WD,Mahindra,2008,450000,78000,Diesel
3173,Swift VDI BSIV,Maruti,2017,525000,38000,Diesel
3174,Wagon R VXI,Maruti,2010,200000,35000,Petrol
3175,Swift Dzire LXI,Maruti,2018,611000,9000,Petrol
3176,Creta 1.6 CRDi Anniversary Edition,Hyundai,2016,819999,39000,Diesel
3177,Creta 1.4 CRDi S,Hyundai,2016,825000,39000,Diesel
3178,Ecosport 1.5 Diesel Titanium,Ford,2015,599000,92651,Diesel
3179,Swift LXi BSIV,Maruti,2018,490000,28000,Petrol
3180,Zest Revotron 1.2 XT,Tata,2020,500000,40000,Petrol
3181,Zest Revotron 1.2 XT,Tata,2020,500000,40000,Petrol
3182,XUV500 W10 2WD,Mahindra,2017,1100000,88754,Diesel
3183,Aspire Titanium BSIV,Ford,2019,675000,7000,Petrol
3184,XUV500 W9 2WD,Mahindra,2018,1350000,40000,Diesel
3185,Grand i10 1.2 Kappa Sportz Dual Tone,Hyundai,2018,570000,20000,Petrol
3186,Grand i10 1.2 CRDi Asta,Hyundai,2017,455000,50000,Diesel
3187,EON Era Plus,Hyundai,2013,165000,45000,Petrol
3188,City i VTEC VX Option BL,Honda,2016,925000,22000,Petrol
3189,Indigo CS eLX BS IV,Tata,2014,215000,100000,Diesel
3190,Swift VXI Optional,Maruti,2016,470000,23700,Petrol
3191,Swift VXI Deca,Maruti,2016,470000,23700,Petrol
3192,Ciaz ZDi Plus SHVS,Maruti,2017,650000,60000,Diesel
3193,Captur 1.5 Diesel RXT,Renault,2017,900000,50000,Diesel
3194,Fiesta 1.6 SXI ABS Duratec,Ford,2011,325000,53287,Petrol
3195,Fiesta Classic 1.4 SXI Duratorq,Ford,2009,190000,100000,Diesel
3196,i20 Active 1.4 SX with AVN,Hyundai,2017,715000,60000,Diesel
3197,Indigo CS eVX,Tata,2013,227999,60000,Diesel
3198,Bolt Quadrajet XE,Tata,2017,450000,50000,Diesel
3199,Beat Diesel LT,Chevrolet,2015,200000,40000,Diesel
3200,Wagon R LXI CNG,Maruti,2017,400000,110000,CNG
3201,Ertiga SHVS VDI,Maruti,2016,725000,110000,Diesel
3202,Figo Diesel Titanium,Ford,2014,300000,80000,Diesel
3203,Innova 2.5 GX (Diesel) 8 Seater,Toyota,2016,1151000,69500,Diesel
3204,GO T BSIV,Datsun,2014,225000,33000,Petrol
3205,i10 Magna 1.1L,Hyundai,2016,380000,80000,Petrol
3206,Elite i20 Magna Plus BSIV,Hyundai,2019,630000,5000,Petrol
3207,i10 Magna 1.2 iTech SE,Hyundai,2014,351000,25000,Petrol
3208,Fabia 1.2 TDI Active Plus,Skoda,2012,199000,50000,Diesel
3209,Hexa XE,Tata,2017,850000,50000,Diesel
3210,Indica Vista Terra Quadrajet 1.3L,Tata,2010,105000,120000,Diesel
3211,Manza Aura (ABS) Quadrajet,Tata,2010,300000,120000,Diesel
3212,Innova 2.5 GX (Diesel) 7 Seater,Toyota,2016,950000,80000,Diesel
3213,TUV 300 T8,Mahindra,2015,430000,110000,Diesel
3214,Endeavour 3.2 Titanium AT 4X4,Ford,2016,2100000,80000,Diesel
3215,Grand i10 1.2 CRDi Sportz,Hyundai,2018,540000,30000,Diesel
3216,Santro Xing GL LPG,Hyundai,2012,175000,60000,LPG
3217,Creta 1.6 CRDi AT SX Plus,Hyundai,2018,1150000,44000,Diesel
3218,Alto 800 LXI,Maruti,2020,350000,5000,Petrol
3219,Elite i20 Petrol Asta Option,Hyundai,2019,690000,18000,Petrol
3220,i20 Asta 1.4 CRDi,Hyundai,2015,535000,80000,Diesel
3221,Vitara Brezza ZDi Plus,Maruti,2016,730000,100000,Diesel
3222,EON Era Plus,Hyundai,2016,280000,19000,Petrol
3223,Swift AMT ZXI,Maruti,2019,650000,33000,Petrol
3224,Innova 2.5 GX 7 STR,Toyota,2012,520000,162000,Diesel
3225,Xcent 1.2 VTVT E,Hyundai,2020,360000,65000,Petrol
3226,Swift Dzire Vdi BSIV,Maruti,2011,250000,170000,Diesel
3227,Ameo 1.5 TDI Trendline,Volkswagen,2017,575000,40000,Diesel
3228,Indigo CS LS (TDI) BS III,Tata,2012,170000,120000,Diesel
3229,Vitara Brezza LDi Option,Maruti,2017,711000,53000,Diesel
3230,Wagon R VXI BSIII,Maruti,2013,250000,90000,Petrol
3231,Swift Dzire VDI Optional,Maruti,2017,675000,35000,Diesel
3232,Wagon R VXI BS IV,Maruti,2016,325000,50000,Petrol
3233,Alto 800 LXI,Maruti,2016,250000,20000,Petrol
3234,Swift AMT ZDI,Maruti,2019,740000,38000,Diesel
3235,Amaze S i-VTEC,Honda,2019,690000,1303,Petrol
3236,Q5 35TDI Premium Plus,Audi,2018,3975000,31800,Diesel
3237,ES 300h,Lexus,2019,5150000,20000,Petrol
3238,XF 2.0 Diesel Portfolio,Jaguar,2017,3200000,45000,Diesel
3239,Wrangler 2016-2019 3.6 4X4,Jeep,2017,4100000,17000,Petrol
3240,Rover Discovery Sport TD4 SE,Land,2019,4500000,21000,Diesel
3241,5 Series 520d Sport Line,BMW,2018,3790000,29500,Diesel
3242,CR-V 2.4L 4WD AT AVN,Honda,2017,1750000,73000,Petrol
3243,Superb LK 1.8 TSI AT,Skoda,2018,1864999,50000,Petrol
3244,Ciaz 1.3 Alpha,Maruti,2017,800000,28050,Diesel
3245,CR-V 2.4L 4WD AT AVN,Honda,2017,1825000,58000,Petrol
3246,Hexa XTA,Tata,2017,1295000,58000,Diesel
3247,Duster 85PS Diesel RxZ,Renault,2014,425000,69000,Diesel
3248,GL-Class 350 CDI Luxury,Mercedes-Benz,2016,4090000,70000,Diesel
3249,Creta 1.6 SX Automatic Diesel,Hyundai,2015,910000,40000,Diesel
3250,Corolla Altis 1.8 G CVT,Toyota,2013,625000,39000,Petrol
3251,XC40 D4 R-Design,Volvo,2018,3400000,22000,Diesel
3252,Ciaz ZDi,Maruti,2015,535000,40000,Diesel
3253,Bolero 2011-2019 SLX,Mahindra,2011,325000,142000,Diesel
3254,Swift VXI Deca,Maruti,2016,500000,22947,Petrol
3255,i10 Sportz,Hyundai,2013,300000,30000,Petrol
3256,EON D Lite Plus,Hyundai,2016,270000,7672,Petrol
3257,Alto LXi,Maruti,2010,160000,36659,Petrol
3258,Omni E MPI STD BS IV,Maruti,2016,210000,60000,Petrol
3259,XUV500 W4,Mahindra,2014,850000,120000,Diesel
3260,XUV500 W4,Mahindra,2014,880000,120000,Diesel
3261,Zen Estilo Sports,Maruti,2010,150000,39000,Petrol
3262,TUV 300 T8 AMT,Mahindra,2015,775000,45000,Diesel
3263,Alto LXi,Maruti,2009,160000,70000,Petrol
3264,Figo Diesel EXI,Ford,2012,220000,100000,Diesel
3265,i20 1.4 Asta Option,Hyundai,2017,670000,48000,Diesel
3266,i20 1.4 Sportz,Hyundai,2018,780000,35000,Diesel
3267,Baleno Sigma 1.2,Maruti,2017,515000,23000,Petrol
3268,i20 2015-2017 Asta 1.4 CRDi,Hyundai,2017,800000,14000,Diesel
3269,i20 2015-2017 Asta 1.4 CRDi,Hyundai,2017,800000,14000,Diesel
3270,XUV500 W8 2WD,Mahindra,2014,850000,60000,Diesel
3271,EON Era Plus,Hyundai,2013,200000,60000,Petrol
3272,Fabia 1.4 TDI Ambiente,Skoda,2008,140000,150000,Diesel
3273,Verna 1.6 VTVT AT SX,Hyundai,2016,800000,80000,Petrol
3274,Alto K10 2010-2014 VXI,Maruti,2013,250000,35000,Petrol
3275,S-Cross 2017-2020 Zeta DDiS 200 SH,Maruti,2017,800000,44500,Diesel
3276,Ciaz ZDi Plus,Maruti,2015,600000,60000,Diesel
3277,Fluence Diesel E4,Renault,2012,250000,120000,Diesel
3278,Amaze S i-DTEC,Honda,2016,500000,80000,Diesel
3279,Gypsy King Soft Top MPI BSIV,Maruti,2019,750000,9900,Petrol
3280,Swift ZDi,Maruti,2014,650000,68000,Diesel
3281,Etios Liva G,Toyota,2012,350000,40000,Petrol
3282,BRV i-DTEC V MT,Honda,2016,950000,60000,Diesel
3283,Tavera Neo 3 LS 10 Seats BSIII,Chevrolet,2015,580000,110000,Diesel
3284,Grand i10 1.2 Kappa Sportz Dual Tone,Hyundai,2019,640000,10000,Petrol
3285,Scorpio VLX 2WD AT BSIII,Mahindra,2014,800000,80000,Diesel
3286,A-Star Vxi,Maruti,2011,347000,30000,Petrol
3287,XUV500 W8 2WD,Mahindra,2014,1000000,120000,Diesel
3288,EON Sportz,Hyundai,2016,300000,35000,Petrol
3289,Tigor 1.2 Revotron XZ,Tata,2017,493000,40000,Petrol
3290,Grand i10 Magna,Hyundai,2014,370000,60000,Petrol
3291,Swift Dzire ZDi,Maruti,2008,250000,90000,Diesel
3292,RediGO 1.0 T Option,Datsun,2017,300000,20000,Petrol
3293,KWID Climber 1.0 AMT,Renault,2017,450000,40000,Petrol
3294,Figo Diesel Titanium,Ford,2010,185000,124316,Diesel
3295,XUV300 W8 Option Dual Tone Diesel BSIV,Mahindra,2019,1225000,6544,Diesel
3296,Innova 2.5 GX (Diesel) 8 Seater,Toyota,2015,1000000,50000,Diesel
3297,i20 Magna 1.2,Hyundai,2016,600000,10000,Petrol
3298,XUV500 W7 BSIV,Mahindra,2018,1100000,50000,Diesel
3299,Grand i10 SportZ Edition,Hyundai,2015,360000,30000,Petrol
3300,Swift Dzire VXi,Maruti,2012,285000,69000,Petrol
3301,KUV 100 mFALCON D75 K8,Mahindra,2016,350000,49600,Diesel
3302,i10 Era,Hyundai,2008,130000,30000,Petrol
3303,Enjoy 1.3 TCDi LTZ 8,Chevrolet,2016,500000,198000,Diesel
3304,i20 Asta (o),Hyundai,2010,350000,80000,Petrol
3305,Baleno Delta Automatic,Maruti,2019,685000,19000,Petrol
3306,Eeco CNG 5 Seater AC BSIV,Maruti,2020,399000,5000,CNG
3307,Grand i10 1.2 Kappa Magna BSIV,Hyundai,2017,525000,10000,Petrol
3308,Ertiga BSIV VXI,Maruti,2017,765000,40000,Petrol
3309,Swift VDI,Maruti,2012,450000,97000,Diesel
3310,Estate Std,Tata,1999,78000,80000,Diesel
3311,Micra Active XV,Nissan,2014,390000,30000,Petrol
3312,Ertiga SHVS ZDI Plus,Maruti,2017,940000,120000,Diesel
3313,Duster 110PS Diesel RxZ,Renault,2013,650000,120000,Diesel
3314,Figo Diesel Titanium,Ford,2012,320000,103994,Diesel
3315,Corolla AE,Toyota,2003,145000,70000,Petrol
3316,Figo Aspire 1.5 TDCi Titanium,Ford,2017,670000,70000,Diesel
3317,SX4 ZDI Leather,Maruti,2011,350000,115000,Diesel
3318,Indica Vista Quadrajet VX,Tata,2012,285000,178000,Diesel
3319,Zen Estilo LX BSIV,Maruti,2011,300000,40000,Petrol
3320,Figo Diesel EXI,Ford,2011,300000,80000,Diesel
3321,Q7 3.0 TDI Quattro,Audi,2009,810000,98000,Diesel
3322,Indica V2 DLS TC,Tata,2009,90000,118000,Diesel
3323,Alto LX,Maruti,2004,100000,100000,Petrol
3324,Indica V2 2001-2011 DLS BSIII,Tata,2009,90000,120000,Diesel
3325,Scorpio Gateway 2WD,Mahindra,2013,459999,120000,Diesel
3326,Innova 2.5 G (Diesel) 8 Seater BS IV,Toyota,2009,525000,217000,Diesel
3327,Wagon R AX BSIV,Maruti,2011,250000,65000,Petrol
3328,i10 Asta,Hyundai,2012,300000,41000,Petrol
3329,Swift ZXI ABS,Maruti,2005,130000,120000,Petrol
3330,Alto K10 LXI,Maruti,2011,199000,70000,Petrol
3331,Duster 85PS Diesel RxL Optional,Renault,2012,545000,90000,Diesel
3332,Ertiga ZDI,Maruti,2014,570000,80000,Diesel
3333,City 2017-2020 VTEC,Honda,2006,150000,120000,Petrol
3334,Alto STD,Maruti,2009,114999,100000,Petrol
3335,Tigor 1.2 Revotron XT,Tata,2018,450000,35000,Petrol
3336,Triber RXT BSIV,Renault,2019,600000,5000,Petrol
3337,Vitara Brezza VDi Option,Maruti,2016,610000,110000,Diesel
3338,i20 1.2 Asta Option,Hyundai,2017,690000,20000,Petrol
3339,Nexon 1.2 Revotron XZ Plus,Tata,2018,790000,15000,Petrol
3340,Alto K10 2010-2014 VXI,Maruti,2014,254999,40000,Petrol
3341,Jazz 1.2 V i VTEC,Honda,2016,500000,41000,Petrol
3342,Bolero SLX,Mahindra,2011,340000,100000,Diesel
3343,Bolero SLX,Mahindra,2007,245000,110000,Diesel
3344,Fiesta Classic 1.4 Duratorq CLXI,Ford,2012,340000,120000,Diesel
3345,Wagon R LXI,Maruti,2008,221000,35008,Petrol
3346,RediGO T,Datsun,2017,270000,31100,Petrol
3347,Xcent 1.1 CRDi Base,Hyundai,2014,455000,42312,Diesel
3348,Etios G Safety,Toyota,2011,300000,72000,Petrol
3349,Etios Liva 1.4 GD,Toyota,2014,480000,54891,Diesel
3350,Verna CRDi 1.6 AT SX Plus,Hyundai,2018,1000000,30000,Diesel
3351,3 Series 320d Luxury Line Plus,BMW,2017,2600000,44000,Diesel
3352,Innova Crysta 2.8 ZX AT BSIV,Toyota,2017,1850000,18890,Diesel
3353,Koleos 2.0 Diesel,Renault,2013,1000000,75010,Diesel
3354,Pulse RxZ Optional,Renault,2012,245000,100000,Diesel
3355,Grand i10 Magna AT,Hyundai,2019,625000,4337,Petrol
3356,Polo 2015-2019 1.0 MPI Trendline,Volkswagen,2018,560000,14495,Petrol
3357,XUV500 W9 BSIV,Mahindra,2018,1475000,24000,Diesel
3358,Corolla Altis Diesel D4DG,Toyota,2010,425000,83585,Diesel
3359,Polo GT TSI,Volkswagen,2014,550000,31000,Petrol
3360,Innova Crysta 2.4 GX MT BSIV,Toyota,2016,1475000,100000,Diesel
3361,Duster 85PS Diesel RxL,Renault,2017,750000,48406,Diesel
3362,i20 Era 1.4 CRDi,Hyundai,2016,570000,56239,Diesel
3363,Baleno Delta 1.2,Maruti,2015,585000,33243,Petrol
3364,Jazz 1.2 S AT i VTEC,Honda,2016,600000,26000,Petrol
3365,Etios GD,Toyota,2012,415000,90000,Diesel
3366,i20 Active 1.2 SX with AVN,Hyundai,2016,530000,120000,Petrol
3367,i20 Asta Option 1.2,Hyundai,2016,540000,38000,Petrol
3368,EON Era Plus,Hyundai,2013,180000,60000,Petrol
3369,Swift Dzire VXI,Maruti,2014,450000,30000,Petrol
3370,Beat LT,Chevrolet,2015,200000,50000,Petrol
3371,Tiago 1.2 Revotron XZ,Tata,2017,425000,42000,Petrol
3372,Sail 1.2 LS ABS,Chevrolet,2016,400000,30000,Petrol
3373,Ikon 1.3 Flair,Ford,2005,150000,15858,Petrol
3374,Alto 800 LXI,Maruti,2017,310000,15000,Petrol
3375,Tavera Neo 3 LT 9 Seats BSIII,Chevrolet,2014,500000,50000,Diesel
3376,Beat Diesel,Chevrolet,2013,200000,60000,Diesel
3377,Lodgy 85PS RxE 7 Seater,Renault,2018,900000,35000,Diesel
3378,CLASSIC 1500 DSL AC,Ambassador,2000,75000,90000,Diesel
3379,Swift LXI Optional-O,Maruti,2015,400000,50000,Petrol
3380,Mobilio RS i DTEC,Honda,2015,650000,110000,Diesel
3381,Swift VDI,Maruti,2015,480000,87847,Diesel
3382,Alto LXi,Maruti,2009,140000,35000,Petrol
3383,Swift VXI 2018,Maruti,2018,550000,5000,Petrol
3384,Wagon R AMT VXI,Maruti,2017,380000,29000,Petrol
3385,Indigo CS LS (TDI) BS-III,Tata,2016,440000,20000,Diesel
3386,Swift Dzire VXI 1.2,Maruti,2018,630000,15000,Petrol
3387,KWID RXL,Renault,2017,250000,40000,Petrol
3388,Alto LX,Maruti,2009,120000,17000,Petrol
3389,Manza Aura Quadrajet BS IV,Tata,2012,287000,120000,Diesel
3390,Baleno Delta 1.2,Maruti,2016,550000,45000,Petrol
3391,Scorpio 1.99 S10 4WD,Mahindra,2016,950000,60000,Diesel
3392,Harrier XZ Dark Edition BSIV,Tata,2019,1630000,25000,Diesel
3393,Fiesta 1.5 TDCi Trend,Ford,2015,501000,80000,Diesel
3394,Bolero 2011-2019 ZLX BSIII,Mahindra,2014,550000,70000,Diesel
3395,Alto 800 LXI,Maruti,2016,300000,25000,Petrol
3396,Wagon R VXI BS IV,Maruti,2015,300000,50000,Petrol
3397,Etios Liva GD,Toyota,2012,280000,100000,Diesel
3398,Figo 1.5P Titanium AT,Ford,2015,416000,40000,Petrol
3399,Omni E MPI STD BS IV,Maruti,2018,260000,30000,Petrol
3400,Sail 1.2 LS ABS,Chevrolet,2016,550000,15000,Petrol
3401,XUV500 W8 2WD,Mahindra,2012,700000,100000,Diesel
3402,Indigo CS eGLX BS IV,Tata,2011,181000,70000,Petrol
3403,Scorpio VLS AT 2.2 mHAWK,Mahindra,2009,365000,110000,Diesel
3404,Santro Xing XO eRLX Euro II,Hyundai,2006,150000,9558,Petrol
3405,Alto K10 VXI AGS Optional,Maruti,2017,400000,10000,Petrol
3406,i10 Sportz,Hyundai,2010,210000,110000,Petrol
3407,Verna 1.6 SX,Hyundai,2013,500000,87000,Diesel
3408,XE 2016-2019 2.0L Diesel Prestige,Jaguar,2017,2711000,9000,Diesel
3409,ES 300h,Lexus,2019,5150000,20000,Petrol
3410,XF 2.0 Diesel Portfolio,Jaguar,2017,3200000,45000,Diesel
3411,Safari Storme EX,Tata,2015,503000,110000,Diesel
3412,XC40 D4 Inscription BSIV,Volvo,2019,3800000,20000,Diesel
3413,Camry 2.5 Hybrid,Toyota,2016,2000000,68089,Petrol
3414,Wagon R LXI,Maruti,2013,225000,58343,Petrol
3415,Baleno Alpha 1.3,Maruti,2018,740000,38817,Diesel
3416,Jazz VX,Honda,2016,550000,56494,Petrol
3417,Innova 2.5 VX (Diesel) 7 Seater,Toyota,2013,750000,79328,Diesel
3418,Swift AMT VVT VXI,Maruti,2019,650000,5621,Petrol
3419,Etios VX,Toyota,2017,625000,25538,Petrol
3420,Swift AMT ZXI,Maruti,2018,600000,69779,Petrol
3421,Grand i10 1.2 CRDi Sportz,Hyundai,2017,450000,56290,Diesel
3422,X4 M Sport X xDrive20d,BMW,2019,5400000,7500,Diesel
3423,X4 M Sport X xDrive20d,BMW,2019,5500000,8500,Diesel
3424,Amaze V CVT Petrol BSIV,Honda,2019,779000,7032,Petrol
3425,Rapid 1.6 MPI AT Elegance,Skoda,2016,645000,11000,Petrol
3426,V40 D3 R-Design,Volvo,2018,2475000,2000,Diesel
3427,Baleno Alpha 1.3,Maruti,2017,735000,70000,Diesel
3428,Zest Revotron 1.2 XT,Tata,2017,550000,120000,Petrol
3429,Ertiga ZDI,Maruti,2013,509999,148000,Diesel
3430,i20 Asta 1.4 CRDi,Hyundai,2013,459999,60000,Diesel
3431,Alto 800 LXI,Maruti,2015,310000,18000,Petrol
3432,Zest Quadrajet 1.3 75PS XMS,Tata,2018,775000,80000,Diesel
3433,Alto LXI,Maruti,2004,105000,96000,Petrol
3434,Amaze S i-Dtech,Honda,2015,430000,97000,Diesel
3435,i20 Sportz 1.4 CRDi,Hyundai,2013,360000,210000,Diesel
3436,Vento Diesel Breeze,Volkswagen,2012,400000,60000,Diesel
3437,Swift Dzire ZDI,Maruti,2014,600000,90000,Diesel
3438,WR-V i-VTEC VX,Honda,2019,580000,35000,Petrol
3439,Verito 1.5 D2 BSIV,Mahindra,2012,140000,120000,Diesel
3440,Indigo TDI,Tata,2008,210000,100000,Diesel
3441,Grand i10 Asta Option,Hyundai,2017,550000,20000,Petrol
3442,Sail Hatchback Petrol LS ABS,Chevrolet,2013,120000,110000,Petrol
3443,Innova 2.5 GX (Diesel) 7 Seater,Toyota,2013,400000,35000,Diesel
3444,WR-V i-DTEC VX,Honda,2018,1035000,15000,Diesel
3445,Ciaz VDi Plus,Maruti,2015,625000,90000,Diesel
3446,i10 Magna,Hyundai,2008,200000,40000,Petrol
3447,Manza Club Class Quadrajet90 EX,Tata,2013,316000,140000,Diesel
3448,Vitara Brezza ZDi,Maruti,2017,813000,110000,Diesel
3449,Innova Crysta 2.8 GX AT BSIV,Toyota,2016,1575000,55000,Diesel
3450,Innova 2.5 VX (Diesel) 8 Seater,Toyota,2013,900000,73000,Diesel
3451,Ertiga VDI,Maruti,2015,650000,100000,Diesel
3452,Figo Aspire 1.5 TDCi Trend,Ford,2015,459999,32000,Diesel
3453,Sunny Diesel XV,Nissan,2012,290000,112072,Diesel
3454,Figo Diesel EXI,Ford,2014,400000,30000,Diesel
3455,Swift VDI BSIV,Maruti,2016,565000,70000,Diesel
3456,Multivan TDI,Volkswagen,2011,2150000,50000,Diesel
3457,Spark 1.0 LS,Chevrolet,2009,150000,80000,Petrol
3458,3 Series 320d Sedan,BMW,2007,480000,110000,Diesel
3459,Zen Estilo 1.1 LX BSIII,Maruti,2007,70000,80000,Petrol
3460,Zen Estilo 1.1 LX BSIII,Maruti,2007,70000,80000,Petrol
3461,E-Class E 250 Elegance,Mercedes-Benz,2011,1190000,80000,Petrol
3462,Santro GLS I - Euro II,Hyundai,2006,140000,100000,Petrol
3463,EcoSport 1.5 Diesel Titanium Plus BSIV,Ford,2018,900000,19000,Diesel
3464,i20 Sportz Option 1.4 CRDi,Hyundai,2015,600000,40000,Diesel
3465,Scorpio S10 7 Seater,Mahindra,2015,1100000,52269,Diesel
3466,Omni LPG CARGO BSIII W IMMOBILISER,Maruti,2010,120000,170000,LPG
3467,Omni E 8 Str STD,Maruti,2009,120000,140000,Petrol
3468,Omni E 8 Str STD,Maruti,2010,120000,170000,Petrol
3469,i20 Magna,Hyundai,2009,229999,60000,Petrol
3470,Amaze i-VTEC Privilege Edition,Honda,2017,570000,15780,Petrol
3471,Verna 1.6 SX,Hyundai,2014,575000,106000,Diesel
3472,Vento Diesel Highline,Volkswagen,2012,280000,80000,Diesel
3473,i20 Active 1.4 SX Dual Tone,Hyundai,2015,580000,74000,Diesel
3474,Ertiga VDI,Maruti,2018,875000,35000,Diesel
3475,Verna 1.6 SX CRDi (O),Hyundai,2013,500000,70000,Diesel
3476,Ciaz ZDi,Maruti,2015,700000,60000,Diesel
3477,Figo 1.2P Titanium MT,Ford,2016,388000,50000,Petrol
3478,i10 Sportz,Hyundai,2011,225000,80000,Petrol
3479,Indigo CS eGLX BS IV,Tata,2011,90000,90000,Petrol
3480,Duster 110PS Diesel RxZ,Renault,2014,600000,114000,Diesel
3481,i20 Magna,Hyundai,2009,235000,100000,Petrol
3482,i20 1.4 CRDi Asta,Hyundai,2011,350000,100000,Diesel
3483,i10 Sportz,Hyundai,2011,235000,80000,Petrol
3484,Alto LXi,Maruti,2010,190000,35000,Petrol
3485,Manza Aura (ABS) Quadrajet BS IV,Tata,2011,325000,79000,Diesel
3486,i20 Asta 1.2,Hyundai,2007,550000,2360457,Petrol
3487,Vento Diesel Highline,Volkswagen,2011,300000,120000,Diesel
3488,Tigor 1.2 Revotron XT,Tata,2017,550000,10000,Petrol
3489,XUV500 W8 AWD,Mahindra,2013,720000,150000,Diesel
3490,Micra XE,Nissan,2011,110000,110000,Petrol
3491,Alto 800 VXI,Maruti,2018,310000,10000,Petrol
3492,Wagon R LXI LPG BSIV,Maruti,2010,150000,70000,LPG
3493,Indica Vista TDI LX,Tata,2012,260000,46000,Diesel
3494,Accent GLS,Hyundai,2002,55000,120000,Petrol
3495,Swift VDI,Maruti,2013,450000,108800,Diesel
3496,i10 Sportz Option,Hyundai,2009,199000,70000,Petrol
3497,Scorpio S3 9 Seater BSIV,Mahindra,2018,1000000,35000,Diesel
3498,Figo Diesel EXI,Ford,2011,240000,72000,Diesel
3499,KWID RXL,Renault,2018,350000,40000,Petrol
3500,Bolero 2011-2019 ZLX BSIII,Mahindra,2014,530000,120000,Diesel
3501,Spark 1.0 LS,Chevrolet,2011,150000,35000,Petrol
3502,Elite i20 Magna Plus BSIV,Hyundai,2019,625000,12500,Petrol
3503,Grand i10 Magna,Hyundai,2014,378000,80000,Petrol
3504,KWID RXT,Renault,2015,210000,210000,Petrol
3505,Swift Dzire VDI,Maruti,2018,700000,100000,Diesel
3506,Santro Xing GL Plus,Hyundai,2011,156000,110000,Petrol
3507,Bolero Power Plus ZLX,Mahindra,2016,700000,103000,Diesel
3508,Wagon R LXI Minor,Maruti,2010,194000,577414,Petrol
3509,Alto LX,Maruti,2006,120000,100000,Petrol
3510,Amaze S AT i-Vtech,Honda,2015,415000,45000,Petrol
3511,Amaze S AT i-Vtech,Honda,2015,450000,45000,Petrol
3512,Brio S MT,Honda,2014,325000,40000,Petrol
3513,Bolero 2011-2019 Plus AC,Mahindra,2014,525000,200000,Diesel
3514,EON Magna Plus,Hyundai,2017,265000,100000,Petrol
3515,Omni 8 Seater BSII,Maruti,2008,100000,120000,Petrol
3516,XE 2016-2019 2.0L Diesel Prestige,Jaguar,2017,2711000,9000,Diesel
3517,ES 300h,Lexus,2019,5150000,20000,Petrol
3518,XF 2.0 Diesel Portfolio,Jaguar,2017,3200000,45000,Diesel
3519,Safari Storme EX,Tata,2015,503000,110000,Diesel
3520,XC40 D4 Inscription BSIV,Volvo,2019,3800000,20000,Diesel
3521,Camry 2.5 Hybrid,Toyota,2016,2000000,68089,Petrol
3522,Wagon R LXI,Maruti,2013,225000,58343,Petrol
3523,Baleno Alpha 1.3,Maruti,2018,740000,38817,Diesel
3524,Jazz VX,Honda,2016,550000,56494,Petrol
3525,Innova 2.5 VX (Diesel) 7 Seater,Toyota,2013,750000,79328,Diesel
3526,Swift AMT VVT VXI,Maruti,2019,650000,5621,Petrol
3527,Etios VX,Toyota,2017,625000,25538,Petrol
3528,Swift AMT ZXI,Maruti,2018,600000,69779,Petrol
3529,Grand i10 1.2 CRDi Sportz,Hyundai,2017,450000,56290,Diesel
3530,X4 M Sport X xDrive20d,BMW,2019,5400000,7500,Diesel
3531,X4 M Sport X xDrive20d,BMW,2019,5500000,8500,Diesel
3532,Amaze V CVT Petrol BSIV,Honda,2019,779000,7032,Petrol
3533,Rapid 1.6 MPI AT Elegance,Skoda,2016,645000,11000,Petrol
3534,V40 D3 R-Design,Volvo,2018,2475000,2000,Diesel
3535,Zest Quadrajet 1.3 XM,Tata,2015,400000,100000,Diesel
3536,i20 Magna Optional 1.4 CRDi,Hyundai,2013,345000,40000,Diesel
3537,Thar CRDe,Mahindra,2018,850000,15000,Diesel
3538,Ignis 1.2 AMT Zeta BSIV,Maruti,2018,620000,15000,Petrol
3539,Baleno Alpha 1.2,Maruti,2018,700000,10000,Petrol
3540,Indica Vista Quadrajet VX,Tata,2012,200000,90000,Diesel
3541,Bolero Power Plus LX,Mahindra,2017,660000,80000,Diesel
3542,Pajero Sport 4X4,Mitsubishi,2015,1700000,39000,Diesel
3543,Indica V2 DLE BSIII,Tata,2009,90000,60000,Diesel
3544,XUV500 W6 2WD,Mahindra,2015,1050000,28000,Diesel
3545,Figo Petrol EXI,Ford,2010,160000,90000,Petrol
3546,Civic 1.8 (E) MT,Honda,2006,150000,80000,Petrol
3547,Zen Estilo LX BSIV,Maruti,2010,200000,35000,Petrol
3548,Corolla Altis Diesel D4DG,Toyota,2011,365000,185000,Diesel
3549,Punto 1.2 Active,Fiat,2009,140000,110000,Petrol
3550,Avventura Power Up 1.3 Active,Fiat,2016,360000,100000,Diesel
3551,City 2017-2020 GXi,Honda,2008,200000,110000,Petrol
3552,Laura Ambiente,Skoda,2010,250000,100000,Diesel
3553,Laura Ambiente 1.9 PD,Skoda,2008,229999,110000,Diesel
3554,Fiesta 1.4 ZXi TDCi ABS,Ford,2011,320000,130000,Diesel
3555,Santro Xing XS eRLX Euro II,Hyundai,2003,85000,68300,Petrol
3556,Creta 1.6 SX,Hyundai,2018,1200000,27000,Petrol
3557,Baleno Zeta Automatic,Maruti,2018,740000,9000,Petrol
3558,i20 Magna Optional 1.4 CRDi,Hyundai,2013,345000,40000,Diesel
3559,Ignis 1.2 AMT Zeta BSIV,Maruti,2019,570000,19000,Petrol
3560,Wagon R VXI 1.2,Maruti,2019,490000,10000,Petrol
3561,Indigo CR4,Tata,2013,250000,100000,Diesel
3562,Wagon R AMT VXI,Maruti,2017,430000,20000,Petrol
3563,EON Era,Hyundai,2014,225000,35000,Petrol
3564,Thar CRDe,Mahindra,2018,850000,15000,Diesel
3565,Ignis 1.2 AMT Zeta BSIV,Maruti,2018,620000,15000,Petrol
3566,i20 Sportz 1.4 CRDi,Hyundai,2014,440000,70000,Diesel
3567,Vitara Brezza ZDi Plus Dual Tone,Maruti,2016,800000,70000,Diesel
3568,Baleno Alpha 1.2,Maruti,2018,700000,10000,Petrol
3569,Swift VDI Optional,Maruti,2016,600000,47000,Diesel
3570,Indica Vista Quadrajet VX,Tata,2012,200000,90000,Diesel
3571,Bolero Power Plus LX,Mahindra,2017,660000,80000,Diesel
3572,Pajero Sport 4X4,Mitsubishi,2015,1700000,39000,Diesel
3573,Grand i10 CRDi Sportz,Hyundai,2015,450000,53000,Diesel
3574,Swift Dzire VDI,Maruti,2013,420000,105000,Diesel
3575,Innova 2.5 EV PS 8 STR BSIV,Toyota,2011,500000,121941,Diesel
3576,Tiago 1.2 Revotron XZ,Tata,2016,350000,15000,Petrol
3577,Xylo D2 BSIV,Mahindra,2014,280000,100000,Diesel
3578,Duster 85PS Diesel RxL Optional with Nav,Renault,2013,425000,152186,Diesel
3579,i10 Magna,Hyundai,2013,295000,82246,Petrol
3580,Swift VXI Optional,Maruti,2016,540000,20000,Petrol
3581,Swift Dzire ZDI,Maruti,2017,754000,40000,Diesel
3582,Innova 2.5 GX 8 STR BSIV,Toyota,2011,650000,89580,Diesel
3583,Innova 2.5 VX 7 STR,Toyota,2011,550000,250000,Diesel
3584,Innova 2.5 V Diesel 7-seater,Toyota,2011,550000,250000,Diesel
3585,Figo 1.2P Titanium MT,Ford,2019,675000,2789,Petrol
3586,Freestyle Titanium Plus Diesel,Ford,2018,700000,35278,Diesel
3587,Freestyle Titanium Diesel,Ford,2018,795000,2860,Diesel
3588,Innova 2.5 VX 7 STR,Toyota,2010,515000,200000,Diesel
3589,KUV 100 G80 K4 Plus,Mahindra,2018,450000,20000,Petrol
3590,Getz 1.1 GVS,Hyundai,2008,155000,60000,Petrol
3591,Etios VXD,Toyota,2011,350000,100000,Diesel
3592,Figo Diesel Titanium,Ford,2011,250000,78562,Diesel
3593,Verna 1.6 SX,Hyundai,2011,450000,96000,Diesel
3594,Verna 1.6 SX,Hyundai,2011,450000,96000,Diesel
3595,800 EX BSII,Maruti,2003,55599,36088,Petrol
3596,i20 Sportz 1.4 CRDi,Hyundai,2014,420000,50000,Diesel
3597,Etios Liva GD SP,Toyota,2012,315000,100000,Diesel
3598,S-Cross 2017-2020 Alpha DDiS 200 SH,Maruti,2018,750000,40000,Diesel
3599,GO T Option,Datsun,2020,450000,10000,Petrol
3600,Swift Vdi BSIII,Maruti,2008,175000,60000,Diesel
3601,i20 Active SX Petrol,Hyundai,2019,650000,10000,Petrol
3602,Ertiga ZDI Plus,Maruti,2018,1050000,10000,Diesel
3603,Verna 1.6 SX CRDi (O),Hyundai,2011,375000,35000,Diesel
3604,Santa Fe 2WD MT,Hyundai,2014,1100000,80000,Diesel
3605,XUV500 W11 BSIV,Mahindra,2019,1550000,28000,Diesel
3606,Figo Aspire 1.5 TDCi Sports Edition,Ford,2017,620000,35000,Diesel
3607,Compass 2.0 Limited 4X4,Jeep,2017,1511000,32000,Diesel
3608,Wagon R LXI,Maruti,2003,135000,40000,Petrol
3609,Verna 1.6 SX CRDi (O),Hyundai,2011,375000,35000,Diesel
3610,KWID RXL,Renault,2019,320000,10000,Petrol
3611,XUV500 W11 AT BSIV,Mahindra,2019,1650000,25000,Diesel
3612,Alto K10 VXI,Maruti,2016,320000,50000,Petrol
3613,Swift Dzire Zdi BSIV,Maruti,2012,400000,129000,Diesel
3614,XUV500 AT W10 FWD,Mahindra,2015,900000,100000,Diesel
3615,Alto 800 LXI,Maruti,2018,310000,30000,Petrol
3616,Nexon 1.2 Revotron XM,Tata,2018,595000,28000,Petrol
3617,SX4 S Cross 2015-2017 DDiS 200 Zeta,Maruti,2017,800000,60000,Diesel
3618,Verito 1.6 G6 Executive BSIII,Mahindra,2013,350000,70000,Petrol
3619,Indica Vista TDI LX,Tata,2013,275000,110000,Diesel
3620,Eeco 5 Seater AC BSIV,Maruti,2019,420000,10000,Petrol
3621,Verna CRDi SX ABS,Hyundai,2008,250000,110000,Diesel
3622,Swift Ldi BSIV,Maruti,2007,250000,100000,Diesel
3623,Scorpio VLX 2WD BSIII,Mahindra,2008,290000,120000,Diesel
3624,Xcent 1.2 Kappa AT SX Option,Hyundai,2016,525000,60000,Petrol
3625,Scorpio LX 2.6 Turbo,Mahindra,2008,250000,110000,Diesel
3626,Santro Xing XL,Hyundai,2007,90000,64000,Petrol
3627,Celerio VXI,Maruti,2017,430000,10000,Petrol
3628,Baleno Zeta 1.2,Maruti,2017,630000,35000,Petrol
3629,Tigor 1.2 Revotron XZ Option,Tata,2018,550000,23000,Petrol
3630,Swift VDI,Maruti,2019,630000,15000,Diesel
3631,TUV 300 Plus P4 BSIV,Mahindra,2018,850000,20000,Diesel
3632,Bolero SLX 2WD,Mahindra,2011,455000,90000,Diesel
3633,Bolero SLX 2WD,Mahindra,2011,445000,90000,Diesel
3634,i20 Sportz 1.4 CRDi,Hyundai,2013,370000,80000,Diesel
3635,Grand i10 Sportz,Hyundai,2016,500000,50000,Petrol
3636,Indica DLS,Tata,2005,95000,50000,Diesel
3637,Indica Vista TDI LX,Tata,2012,140000,185000,Diesel
3638,Swift VXI,Maruti,2019,550000,40000,Petrol
3639,KWID 1.0 RXT Optional,Renault,2017,300000,30000,Petrol
3640,Indigo CS eLX BS IV,Tata,2011,150000,120000,Diesel
3641,Wagon R VXI BS IV,Maruti,2011,229999,500000,Petrol
3642,Scorpio Intelli Hybrid S6 Plus,Mahindra,2017,880000,46000,Diesel
3643,Fortuner 3.0 Diesel,Toyota,2011,900000,120000,Diesel
3644,Scorpio S2 9 Seater,Mahindra,2015,720000,80000,Diesel
3645,i20 Magna 1.4 CRDi,Hyundai,2016,550000,90000,Diesel
3646,Scorpio S2 9 Seater,Mahindra,2015,720000,90000,Diesel
3647,Santro Xing XL,Hyundai,2006,70000,80000,Petrol
3648,Swift VDI BSIV,Maruti,2016,535000,70000,Diesel
3649,Xcent 1.1 CRDi Base,Hyundai,2015,320000,91000,Diesel
3650,i20 Sportz Option 1.4 CRDi,Hyundai,2015,500000,90000,Diesel
3651,Ertiga VDI,Maruti,2014,525000,110000,Diesel
3652,KWID 1.0 RXT BSIV,Renault,2019,220000,90000,Petrol
3653,Tiago 1.2 Revotron XT,Tata,2018,350000,50000,Petrol
3654,TUV 300 mHAWK100 T8,Mahindra,2016,530000,60000,Diesel
3655,Alto 800 LXI,Maruti,2013,215000,35000,Petrol
3656,Vento Diesel Highline,Volkswagen,2012,335000,100000,Diesel
3657,Xcent 1.1 CRDi Base,Hyundai,2015,320000,90000,Diesel
3658,Figo Diesel LXI,Ford,2011,135000,120000,Diesel
3659,A-Star Vxi,Maruti,2009,175000,95000,Petrol
3660,Bolero 2011-2019 ZLX,Mahindra,2017,800000,35000,Diesel
3661,Indica GLS BS IV,Tata,2007,78000,38000,Petrol
3662,City i VTEC VX,Honda,2014,565000,56000,Petrol
3663,i20 2015-2017 Sportz 1.4 CRDi,Hyundai,2017,575000,50000,Diesel
3664,EON Era Plus,Hyundai,2014,170000,70000,Petrol
3665,Alto 800 VXI,Maruti,2014,250999,30000,Petrol
3666,XUV500 W10 2WD,Mahindra,2015,950000,188000,Diesel
3667,City i VTEC E,Honda,2014,650000,60000,Petrol
3668,Safari Storme EX,Tata,2013,550000,133000,Diesel
3669,Innova 2.5 E Diesel PS 7-Seater,Toyota,2010,650000,160000,Diesel
3670,XUV500 W8 4WD,Mahindra,2013,800000,150000,Diesel
3671,Alto 800 VXI,Maruti,2020,250999,30000,Petrol
3672,Alto 800 LXI,Maruti,2013,170000,60000,Petrol
3673,Indigo CS LE (TDI) BS-III,Tata,2013,250000,30000,Diesel
3674,Enjoy Petrol LS 7 Seater,Chevrolet,2014,312000,80000,Petrol
3675,Alto 800 LXI,Maruti,2014,250000,20000,Petrol
3676,EON Magna Plus,Hyundai,2013,200000,80000,Petrol
3677,Scorpio S2 7 Seater,Mahindra,2016,670000,73000,Diesel
3678,EON D Lite Plus,Hyundai,2017,270000,50000,Petrol
3679,Bolero 2011-2019 SLX,Mahindra,2012,360000,200000,Diesel
3680,Swift VDI,Maruti,2018,630000,46000,Diesel
3681,800 EX BSII,Maruti,2003,55599,36088,Petrol
3682,Supro LX 8 Str,Mahindra,2018,400000,50000,Diesel
3683,i20 Sportz 1.4 CRDi,Hyundai,2014,420000,50000,Diesel
3684,Ciaz 1.4 Alpha,Maruti,2018,764000,25000,Petrol
3685,Bolero 2011-2019 SLE,Mahindra,2019,710000,30000,Diesel
3686,Hexa XT,Tata,2018,1575000,30000,Diesel
3687,One SX ABS 7 Seating,Force,2018,1050000,13000,Diesel
3688,XL6 Alpha,Maruti,2019,1000000,15000,Petrol
3689,SX4 S Cross 2015-2017 DDiS 200 Sigma,Maruti,2017,650000,44000,Diesel
3690,EcoSport 1.5 TDCi Titanium BSIV,Ford,2015,600000,63000,Diesel
3691,TUV 300 T8,Mahindra,2016,509999,110000,Diesel
3692,Xcent 1.2 Kappa SX Option,Hyundai,2017,610000,14000,Petrol
3693,Alto 800 VXI,Maruti,2017,310000,35000,Petrol
3694,Bolero 2011-2019 ZLX BSIII,Mahindra,2016,720000,35000,Diesel
3695,Indigo eCS LS TDI BSIII,Tata,2012,158000,110000,Diesel
3696,Indigo LS,Tata,2011,175000,85700,Diesel
3697,Ritz VDi,Maruti,2010,217000,120000,Diesel
3698,Amaze VX i-DTEC,Honda,2013,484999,50000,Diesel
3699,Etios Liva GD SP,Toyota,2012,315000,100000,Diesel
3700,Xcent 1.1 CRDi SX,Hyundai,2016,550000,35000,Diesel
3701,Swift ZXI,Maruti,2012,280000,70000,Petrol
3702,Classic 1.6 Duratec LXI,Ford,2013,350000,90000,Petrol
3703,XUV500 W10 2WD,Mahindra,2017,1150000,42000,Diesel
3704,Grand i10 Magna,Hyundai,2016,420000,30000,Petrol
3705,Ciaz 1.4 Alpha,Maruti,2017,810000,80000,Petrol
3706,i20 1.2 Sportz,Hyundai,2011,290000,90000,Petrol
3707,Beat LT,Chevrolet,2012,180000,60000,Petrol
3708,Eeco 5 Seater AC BSIV,Maruti,2010,160000,162000,Petrol
3709,Nano XE,Tata,2017,66000,70000,Petrol
3710,Wagon R Stingray VXI,Maruti,2015,369000,20000,Petrol
3711,New Safari DICOR 2.2 VX 4x2 BS IV,Tata,2012,300000,80000,Diesel
3712,Bolero PLUS AC,Mahindra,2008,350000,90000,Diesel
3713,i10 Asta Sunroof AT,Hyundai,2008,220000,120000,Petrol
3714,Tavera B3 LT L1 10 Seats BSIII,Chevrolet,2005,160000,220000,Diesel
3715,Swift Ldi BSIV,Maruti,2009,221000,100000,Diesel
3716,Zest Revotron 1.2 XT,Tata,2017,400000,35000,Petrol
3717,Camry V4 (MT),Toyota,2004,250000,120000,Petrol
3718,Bolero DI BSIII,Mahindra,2011,390000,120000,Diesel
3719,Eeco 5 Seater AC BSIV,Maruti,2012,190000,110000,Petrol
3720,KWID RXT,Renault,2017,300000,60000,Petrol
3721,i20 1.4 Asta Dual Tone,Hyundai,2017,750000,27000,Diesel
3722,Swift Dzire VDI,Maruti,2016,650000,50000,Diesel
3723,Amaze i-VTEC Privilege Edition,Honda,2018,635000,40000,Petrol
3724,Verna 1.6 SX,Hyundai,2013,520000,88000,Diesel
3725,Scorpio S11 4WD BSIV,Mahindra,2020,1500000,50000,Diesel
3726,Verna 1.6 SX CRDi (O),Hyundai,2012,415000,80000,Diesel
3727,Elite i20 Diesel Sportz,Hyundai,2019,700000,60000,Diesel
3728,Swift LXI,Maruti,2017,484999,26000,Petrol
3729,Fiesta 1.4 Durasport EXI,Ford,2007,120000,80000,Petrol
3730,EON Era Plus,Hyundai,2014,220000,60000,Petrol
3731,i10 Magna,Hyundai,2014,320000,80000,Petrol
3732,Swift VDI,Maruti,2011,375000,90000,Diesel
3733,Verna 1.6 SX CRDi (O),Hyundai,2012,440000,80000,Diesel
3734,Grand i10 1.2 Kappa Magna AT,Hyundai,2019,550000,15000,Petrol
3735,Swift ZDI BSIV,Maruti,2017,640000,35000,Diesel
3736,Etios GD,Toyota,2014,420000,120000,Diesel
3737,Grand i10 CRDi Sportz,Hyundai,2016,330000,63000,Diesel
3738,Ameo 1.5 TDI Highline Plus,Volkswagen,2019,800000,25000,Diesel
3739,Wagon R LXI BS IV,Maruti,2011,240000,64500,Petrol
3740,KUV 100 mFALCON D75 K2 Plus,Mahindra,2016,360000,100000,Diesel
3741,Verna 1.6 CRDi SX,Hyundai,2017,750000,40000,Diesel
3742,i20 1.2 Magna Executive,Hyundai,2017,570000,15000,Petrol
3743,Etios Liva GD,Toyota,2015,450000,25000,Diesel
3744,Ritz LXi,Maruti,2016,270000,82000,Petrol
3745,Ertiga VDI,Maruti,2012,459999,87000,Diesel
3746,Alto K10 VXI,Maruti,2015,240000,80000,Petrol
3747,Duster 110PS Diesel RxZ,Renault,2012,320000,110000,Diesel
3748,Manza Aura (ABS) Quadrajet BS IV,Tata,2011,149000,148000,Diesel
3749,Scorpio S11 BSIV,Mahindra,2018,1500000,40000,Diesel
3750,Accent Executive,Hyundai,2011,180000,70000,Petrol
3751,Santro Xing GLS LPG,Hyundai,2012,185000,70000,LPG
3752,800 AC,Maruti,2008,65000,40000,Petrol
3753,Indigo LX,Tata,2010,130000,120000,Diesel
3754,Fiesta Classic 1.4 Duratorq CLXI,Ford,2012,330000,60000,Diesel
3755,Manza Aura (ABS) Quadrajet,Tata,2011,190000,90000,Diesel
3756,Swift VDI,Maruti,2014,501000,68000,Diesel
3757,Amaze S i-DTEC,Honda,2017,600000,24500,Diesel
3758,XUV500 W8 4WD,Mahindra,2012,570000,77000,Diesel
3759,Amaze VX O iDTEC,Honda,2015,450000,85000,Diesel
3760,Etios 1.5 V,Toyota,2011,285000,45500,Petrol
3761,Swift VDI,Maruti,2014,490000,67000,Diesel
3762,Swift VDI,Maruti,2014,500000,77000,Diesel
3763,EON Magna Plus,Hyundai,2016,275000,47000,Petrol
3764,Tiago XT,Tata,2017,440000,57000,Petrol
3765,i20 1.4 Asta Option,Hyundai,2018,825000,71500,Diesel
3766,Etios Liva 1.4 GD,Toyota,2012,411000,110000,Diesel
3767,Swift Dzire VDI,Maruti,2013,470000,82000,Diesel
3768,Swift VDI,Maruti,2013,445000,70000,Diesel
3769,Baleno Zeta Diesel,Maruti,2017,752000,28000,Diesel
3770,Rapid 1.5 TDI Style Plus Black Package,Skoda,2016,650000,125000,Diesel
3771,Swift VDI,Maruti,2013,450000,67000,Diesel
3772,City 1.5 V MT,Honda,2011,350000,93500,Petrol
3773,Swift VVT VXI,Maruti,2012,511000,8500,Petrol
3774,Baleno Zeta 1.3,Maruti,2016,700000,80000,Diesel
3775,Innova Crysta 2.8 ZX AT BSIV,Toyota,2016,1800000,30000,Diesel
3776,Figo Aspire 1.2 Ti-VCT Trend,Ford,2018,550000,14200,Petrol
3777,Fiesta 1.4 Duratec EXI Limited Edition,Ford,2007,142000,97000,Petrol
3778,New Safari DICOR 2.2 VX 4x2,Tata,2012,725000,90000,Diesel
3779,i20 1.2 Asta Option,Hyundai,2017,630000,30000,Petrol
3780,i20 Sportz 1.2,Hyundai,2015,480000,50000,Petrol
3781,Alto K10 VXI,Maruti,2016,330000,30000,Petrol
3782,Gypsy King Soft Top MPI BSIV,Maruti,2017,500000,20000,Petrol
3783,Polo Diesel Highline 1.2L,Volkswagen,2012,300000,60300,Diesel
3784,Zest Quadrajet 1.3 XM,Tata,2015,400000,35000,Diesel
3785,Safari DICOR 2.2 EX 4x2,Tata,2011,320000,80000,Diesel
3786,i10 Magna 1.1L,Hyundai,2008,180000,44391,Petrol
3787,Baleno Sigma 1.3,Maruti,2016,530000,58000,Diesel
3788,Bolero 2011-2019 Special Edition,Mahindra,2015,600000,40000,Diesel
3789,Ertiga SHVS ZDI,Maruti,2017,780000,66000,Diesel
3790,City i DTec SV,Honda,2016,700000,110000,Diesel
3791,Beat Diesel,Chevrolet,2013,175000,56315,Diesel
3792,Bolero Power Plus SLE,Mahindra,2017,735000,70000,Diesel
3793,Etios Liva GD,Toyota,2013,325000,120000,Diesel
3794,Tavera LS B3 10 Seats BSII,Chevrolet,2006,225000,100000,Diesel
3795,Zest Quadrajet 1.3 XM,Tata,2015,350000,90000,Diesel
3796,Wagon R LXI DUO BSIII,Maruti,2006,110000,120000,LPG
3797,Zen Estilo LXI BSIII,Maruti,2007,85000,160000,Petrol
3798,Corolla AE,Toyota,2006,150000,100000,Petrol
3799,Swift Dzire VDi,Maruti,2009,225000,120000,Diesel
3800,Indica Vista Terra Quadrajet 1.3L,Tata,2010,111000,100000,Diesel
3801,Wagon R VXI Minor,Maruti,2007,150000,70000,Petrol
3802,EON Era Plus,Hyundai,2017,300000,15151,Petrol
3803,Scorpio 1.99 S6 Plus,Mahindra,2015,630000,60000,Diesel
3804,i10 Era,Hyundai,2011,206000,100000,Petrol
3805,Wagon R LXI,Maruti,2006,70000,110000,Petrol
3806,Grand i10 1.2 Kappa Magna AT,Hyundai,2019,567000,7000,Petrol
3807,Wagon R LXI,Maruti,2005,65000,35000,Petrol
3808,Swift Dzire VDI,Maruti,2016,550000,60000,Diesel
3809,i10 Magna,Hyundai,2010,140000,70000,Petrol
3810,KWID RXT,Renault,2016,300000,30000,Petrol
3811,EcoSport 1.5 Ti VCT MT Titanium BSIV,Ford,2013,500000,70000,Petrol
3812,Grand i10 Sportz,Hyundai,2015,400000,128000,Petrol
3813,Swift VDI BSIV,Maruti,2011,340000,160000,Diesel
3814,Innova 2.5 GX 8 STR,Toyota,2012,850000,120000,Diesel
3815,Swift VDI BSIV,Maruti,2014,570000,15000,Diesel
3816,Swift Dzire VDI,Maruti,2017,699000,60000,Diesel
3817,Brio Exclusive Edition,Honda,2013,355000,80000,Petrol
3818,Swift Dzire VDI Optional,Maruti,2016,690000,80000,Diesel
3819,Fiesta 1.4 Duratorq ZXI,Ford,2006,180000,114321,Diesel
3820,Indica Vista TDI LX,Tata,2013,200000,120000,Diesel
3821,Scorpio VLX 2WD AIRBAG AT BSIV,Mahindra,2012,575000,120000,Diesel
3822,Etios Liva GD,Toyota,2014,415000,146000,Diesel
3823,i10 Magna LPG,Hyundai,2012,350000,30000,LPG
3824,EON D Lite Plus,Hyundai,2017,350000,20000,Petrol
3825,Platinum Etios 1.4 GD,Toyota,2017,632000,150000,Diesel
3826,Eeco CNG 5 Seater AC BSIV,Maruti,2014,325000,70000,CNG
3827,Elantra SX,Hyundai,2013,511000,90000,Petrol
3828,City 1.5 V MT,Honda,2010,300000,100000,Petrol
3829,Wagon R LXI,Maruti,2005,70000,188000,Petrol
3830,i10 Sportz 1.1L,Hyundai,2008,180000,100000,Petrol
3831,XE 2016-2019 2.0L Diesel Prestige,Jaguar,2017,2711000,9000,Diesel
3832,ES 300h,Lexus,2019,5150000,20000,Petrol
3833,XF 2.0 Diesel Portfolio,Jaguar,2017,3200000,45000,Diesel
3834,Safari Storme EX,Tata,2015,503000,110000,Diesel
3835,XC40 D4 Inscription BSIV,Volvo,2019,3800000,20000,Diesel
3836,Camry 2.5 Hybrid,Toyota,2016,2000000,68089,Petrol
3837,Wagon R LXI,Maruti,2013,225000,58343,Petrol
3838,Baleno Alpha 1.3,Maruti,2018,740000,38817,Diesel
3839,Jazz VX,Honda,2016,550000,56494,Petrol
3840,Innova 2.5 VX (Diesel) 7 Seater,Toyota,2013,750000,79328,Diesel
3841,Swift AMT VVT VXI,Maruti,2019,650000,5621,Petrol
3842,Etios VX,Toyota,2017,625000,25538,Petrol
3843,Swift AMT ZXI,Maruti,2018,600000,69779,Petrol
3844,Grand i10 1.2 CRDi Sportz,Hyundai,2017,450000,56290,Diesel
3845,X4 M Sport X xDrive20d,BMW,2019,5400000,7500,Diesel
3846,X4 M Sport X xDrive20d,BMW,2019,5500000,8500,Diesel
3847,Amaze V CVT Petrol BSIV,Honda,2019,779000,7032,Petrol
3848,Rapid 1.6 MPI AT Elegance,Skoda,2016,645000,11000,Petrol
3849,V40 D3 R-Design,Volvo,2018,2475000,2000,Diesel
3850,i20 1.2 Asta,Hyundai,2017,730000,37333,Petrol
3851,Ertiga VDI,Maruti,2014,450000,15000,Diesel
3852,Sonata 2.4 GDi MT,Hyundai,2012,550000,330000,Petrol
3853,Wagon R LXI CNG,Maruti,2017,420000,60000,CNG
3854,Etios GD,Toyota,2016,509999,80000,Diesel
3855,Innova 2.5 G (Diesel) 7 Seater,Toyota,2015,905000,110000,Diesel
3856,Swift VDI BSIV,Maruti,2010,240000,134000,Diesel
3857,Alto LX,Maruti,2011,140000,72000,Petrol
3858,Innova 2.5 G (Diesel) 7 Seater BS IV,Toyota,2006,300000,140000,Diesel
3859,Ritz LXi,Maruti,2015,300000,80000,Petrol
3860,Swift Dzire VDi,Maruti,2010,225000,120000,Diesel
3861,Innova 2.5 G (Diesel) 8 Seater,Toyota,2015,860000,90000,Diesel
3862,Duster 85PS Diesel RxL Optional,Renault,2012,400000,100000,Diesel
3863,Swift Dzire LXi,Maruti,2009,190000,90000,Petrol
3864,Amaze VX i-DTEC,Honda,2013,350000,140000,Diesel
3865,Spark 1.0 LS,Chevrolet,2010,75000,120000,Petrol
3866,Vitara Brezza VDi AMT,Maruti,2019,860000,35000,Diesel
3867,Alto K10 VXI,Maruti,2014,250000,50000,Petrol
3868,Verna 1.4 CRDi,Hyundai,2017,700000,82000,Diesel
3869,Swift VDI BSIV,Maruti,2014,399000,70000,Diesel
3870,Ritz LXi,Maruti,2016,320000,90000,Petrol
3871,Fortuner 4x2 AT,Toyota,2015,2000000,60000,Diesel
3872,Octavia Ambition 2.0 TDI MT,Skoda,2014,1100000,79000,Diesel
3873,Innova 2.5 V Diesel 7-seater,Toyota,2011,750000,291000,Diesel
3874,Innova 2.5 V Diesel 7-seater,Toyota,2010,750000,250000,Diesel
3875,Bolero 2011-2019 Plus Non AC BSIV PS,Mahindra,2018,530000,20000,Diesel
3876,Ciaz ZDi Plus SHVS,Maruti,2017,750000,53000,Diesel
3877,Micra XV CVT,Nissan,2017,560000,21500,Petrol
3878,Tiago 1.05 Revotorq XZ WO Alloy,Tata,2017,450000,89000,Diesel
3879,Swift Dzire VXI,Maruti,2013,459999,35000,Petrol
3880,Zen Estilo LXI BS IV,Maruti,2013,235000,43000,Petrol
3881,Santro Xing GLS,Hyundai,2009,180000,80000,Petrol
3882,Santro Xing XS,Hyundai,2007,140000,80000,Petrol
3883,i20 Asta 1.4 CRDi,Hyundai,2014,620000,110000,Diesel
3884,EON Era,Hyundai,2012,190000,100000,Petrol
3885,EON Sportz,Hyundai,2018,380000,25000,Petrol
3886,EcoSport S Diesel BSIV,Ford,2019,1145000,20000,Diesel
3887,Zest Quadrajet 1.3 75PS XE,Tata,2017,540000,70000,Diesel
3888,Innova 2.5 V Diesel 7-seater,Toyota,2011,800000,197000,Diesel
3889,Wagon R LXI BSIII,Maruti,2006,150000,100000,Petrol
3890,800 Std,Maruti,1995,55000,70000,Petrol
3891,XUV500 W10 2WD,Mahindra,2015,919999,140000,Diesel
3892,Esteem LX,Maruti,2008,75000,86000,Petrol
3893,Alto LXi BSIII,Maruti,2009,135000,50000,Petrol
3894,Tiago 1.2 Revotron XZ,Tata,2017,340000,40300,Petrol
3895,Innova 2.5 G (Diesel) 7 Seater BS IV,Toyota,2010,525000,120000,Diesel
3896,Celerio VXI,Maruti,2016,411000,25000,Petrol
3897,Wagon R LXI Minor,Maruti,2010,150000,155000,Petrol
3898,Jazz 1.2 V AT i VTEC,Honda,2015,575000,50000,Petrol
3899,i20 Asta Option 1.2,Hyundai,2017,595000,30030,Petrol
3900,Xcent 1.2 Kappa SX Option,Hyundai,2017,525000,29029,Petrol
3901,Ritz VDi,Maruti,2012,335000,72072,Diesel
3902,Figo Diesel EXI,Ford,2012,300000,54000,Diesel
3903,i20 2015-2017 Sportz Option 1.4 CRDi,Hyundai,2012,415000,82082,Diesel
3904,XUV500 W8 2WD,Mahindra,2016,925000,48000,Diesel
3905,Ertiga BSIV ZXI Plus,Maruti,2016,750000,20000,Petrol
3906,Verna CRDi 1.6 AT SX Option,Hyundai,2018,1150000,49000,Diesel
3907,GO Plus T BSIV,Datsun,2015,260000,35000,Petrol
3908,Alto 800 CNG LXI,Maruti,2017,260000,67000,CNG
3909,Swift Dzire Vdi BSIV,Maruti,2011,347000,80600,Diesel
3910,EON Magna Optional,Hyundai,2013,195000,58609,Petrol
3911,Punto Pure 1.2L FIRE,Fiat,2016,265000,33003,Petrol
3912,Wagon R LXI CNG,Maruti,2016,320000,43000,CNG
3913,i20 Magna 1.2,Hyundai,2016,590000,16500,Petrol
3914,Innova 2.5 GX 8 STR BSIV,Toyota,2012,650000,138000,Diesel
3915,Scorpio 2009-2014 EX 9S BSIII,Mahindra,2013,509999,165500,Diesel
3916,Swift Dzire ZDi,Maruti,2011,350000,120000,Diesel
3917,Nexon 1.5 Revotorq XM,Tata,2018,749000,30000,Diesel
3918,Indigo CS LS (TDI) BS III,Tata,2010,150000,70000,Diesel
3919,Santro LE,Hyundai,2001,33983,80000,Petrol
3920,Zen LX,Maruti,2003,58000,170000,Petrol
3921,Verito 1.5 D2 BSIV,Mahindra,2011,200000,120000,Diesel
3922,Jeep MM 540,Mahindra,1998,210000,47990,Diesel
3923,Indica Vista Quadrajet LS,Tata,2014,240000,168000,Diesel
3924,Amaze E i-DTEC,Honda,2017,515000,60000,Diesel
3925,Alto LXi,Maruti,2008,145000,120000,Petrol
3926,Wagon R VXI Optional,Maruti,2016,450000,5800,Petrol
3927,A-Star Lxi,Maruti,2010,179000,68700,Petrol
3928,Verna Xi (Petrol),Hyundai,2007,220000,108000,Petrol
3929,Zest Revotron 1.2 XT,Tata,2020,500000,40000,Petrol
3930,Fiesta Classic 1.4 SXI Duratorq,Ford,2009,190000,100000,Diesel
3931,Beat Diesel LT,Chevrolet,2015,200000,40000,Diesel
3932,EcoSport 1.5 Petrol Titanium Plus BSIV,Ford,2018,850000,90000,Petrol
3933,Polo Petrol Highline 1.2L,Volkswagen,2011,270000,60000,Petrol
3934,EON Magna Plus,Hyundai,2016,335000,17000,Petrol
3935,Wagon R VXI Optional,Maruti,2018,459999,5000,Petrol
3936,Vitara Brezza LDi Option,Maruti,2017,710000,60000,Diesel
3937,Swift Dzire LDI,Maruti,2015,330000,140000,Diesel
3938,Compass 2.0 Limited,Jeep,2017,1515000,15000,Diesel
3939,Nexon 1.2 Revotron XZ Plus,Tata,2018,750000,25000,Petrol
3940,Spark 1.0 LT,Chevrolet,2016,160000,50000,Petrol
3941,Beat Diesel LT Option,Chevrolet,2016,215000,60000,Diesel
3942,Nano Cx BSIII,Tata,2012,60000,40000,Petrol
3943,Swift Dzire VXI,Maruti,2014,480000,72000,Petrol
3944,Manza Aqua Quadrajet BS IV,Tata,2012,140000,195000,Diesel
3945,EON D Lite,Hyundai,2012,200000,70000,Petrol
3946,Micra Diesel XL Optional,Nissan,2013,400000,83000,Diesel
3947,EON Era Plus,Hyundai,2012,180000,100000,Petrol
3948,Swift VXI Optional,Maruti,2015,550000,25000,Petrol
3949,Swift VDI Optional,Maruti,2016,550000,50000,Diesel
3950,Ertiga VDI,Maruti,2012,550000,67000,Diesel
3951,Zen Estilo VXI BSIV,Maruti,2011,270000,30000,Petrol
3952,Pulse RxL,Renault,2013,315000,85000,Diesel
3953,Thar CRDe,Mahindra,2018,875000,25000,Diesel
3954,Innova 2.5 G (Diesel) 8 Seater BS IV,Toyota,2007,400000,170000,Diesel
3955,Scorpio EX,Mahindra,2014,540000,110000,Diesel
3956,Wagon R LXI CNG,Maruti,2017,350000,60000,CNG
3957,Verna 1.6 SX CRDi (O),Hyundai,2011,360000,80000,Diesel
3958,Wagon R VXI BS IV,Maruti,2014,300000,31000,Petrol
3959,Grand i10 CRDi Sportz,Hyundai,2014,350000,100000,Diesel
3960,NuvoSport N8,Mahindra,2016,650000,130000,Diesel
3961,Wagon R LXI Optional,Maruti,2016,350000,20000,Petrol
3962,EcoSport 1.5 TDCi Trend Plus BSIV,Ford,2017,700000,60000,Diesel
3963,Swift Dzire VDI,Maruti,2013,415000,102996,Diesel
3964,Marazzo M8,Mahindra,2019,1460000,5000,Diesel
3965,Nexon 1.5 Revotorq XZ Plus,Tata,2017,830000,35000,Diesel
3966,GO T Option BSIV,Datsun,2018,430000,5000,Petrol
3967,EcoSport 1.5 TDCi Platinum Edition BSIV,Ford,2017,850000,60000,Diesel
3968,Swift Dzire ZXI,Maruti,2017,650000,70000,Petrol
3969,Verna CRDi,Hyundai,2008,120000,120000,Diesel
3970,TUV 300 T8,Mahindra,2016,730000,65100,Diesel
3971,Ignis 1.2 AMT Delta BSIV,Maruti,2019,525000,20000,Petrol
3972,i20 Active 1.4 SX,Hyundai,2015,600000,108000,Diesel
3973,Swift LXI,Maruti,2019,500000,15000,Petrol
3974,Santro Xing GLS,Hyundai,2009,150000,77000,Petrol
3975,Wagon R VXI BS IV,Maruti,2015,409999,18500,Petrol
3976,TUV 300 T8,Mahindra,2016,625000,120000,Diesel
3977,KWID RXT,Renault,2015,290000,15200,Petrol
3978,Mobilio V i VTEC,Honda,2015,500000,35000,Petrol
3979,Verna 1.6 SX,Hyundai,2011,475000,80000,Diesel
3980,EON Era Plus,Hyundai,2013,190000,70000,Petrol
3981,XUV500 W6 2WD,Mahindra,2014,750000,80000,Diesel
3982,Terrano XV 110 PS,Nissan,2014,525000,120000,Diesel
3983,Cruze LTZ,Chevrolet,2012,495000,82000,Diesel
3984,i20 Sportz 1.4 CRDi,Hyundai,2015,550000,60000,Diesel
3985,XUV500 W8 4WD,Mahindra,2012,595000,129000,Diesel
3986,Grande Punto EVO 1.3 Dynamic,Fiat,2015,550000,67000,Diesel
3987,Fortuner 2.5 4x2 MT TRD Sportivo,Toyota,2015,2000000,120000,Diesel
3988,Safari DICOR 2.2 EX 4x2,Tata,2010,400000,120000,Diesel
3989,Avventura Power Up 1.3 Emotion,Fiat,2015,500000,96500,Diesel
3990,Wagon R LXI BSIII,Maruti,2017,340000,52412,Petrol
3991,Scorpio SLE BS IV,Mahindra,2012,480000,85472,Diesel
3992,EcoSport 1.5 TDCi Titanium Plus BSIV,Ford,2013,480000,87452,Diesel
3993,EcoSport 1.5 Diesel Ambiente BSIV,Ford,2018,750000,17000,Diesel
3994,Wagon R LXI Minor,Maruti,2008,100000,66530,Petrol
3995,i20 Magna,Hyundai,2013,290000,40000,Petrol
3996,Avventura Power Up 1.3 Emotion,Fiat,2015,425000,96500,Diesel
3997,City V MT,Honda,2010,285000,79000,Petrol
3998,TUV 300 mHAWK100 T8,Mahindra,2016,625000,50000,Diesel
3999,Grande Punto Active (Diesel),Fiat,2012,170000,60000,Diesel
4000,Zest Revotron 1.2T XMS,Tata,2018,459999,35000,Petrol
4001,Avventura MULTIJET Emotion,Fiat,2015,450000,120000,Diesel
4002,Swift Dzire AMT VXI,Maruti,2019,650000,10000,Petrol
4003,i20 Active 1.2 S,Hyundai,2017,600000,15000,Petrol
4004,Alto 800 CNG LXI,Maruti,2013,178000,70000,CNG
4005,Alto 800 LXI,Maruti,2016,300000,5000,Petrol
4006,Alto LXi,Maruti,2009,150000,40000,Petrol
4007,Elite i20 Petrol Magna Exective,Hyundai,2019,590000,10000,Petrol
4008,EON Era Plus,Hyundai,2016,310000,25000,Petrol
4009,Zest Revotron 1.2T XMS,Tata,2017,400000,53000,Petrol
4010,Scorpio LX,Mahindra,2014,520000,110000,Diesel
4011,Leyland Stile LE,Ashok,2013,300000,200000,Diesel
4012,XUV300 W8 Option BSIV,Mahindra,2019,1000000,22000,Petrol
4013,Wagon R VXI,Maruti,2003,65000,70000,Petrol
4014,Amaze VX i-DTEC,Honda,2015,509999,75000,Diesel
4015,Wagon R VXI BSIII,Maruti,2012,221000,70000,Petrol
4016,Vento 1.6 Highline,Volkswagen,2014,390000,64000,Petrol
4017,Gypsy King Soft Top MPI BSIV,Maruti,2002,350000,60000,Petrol
4018,Alto LXi,Maruti,2009,195000,40000,Petrol
4019,Q7 3.0 TDI Quattro,Audi,2010,1750000,110000,Diesel
4020,Scorpio VLX 2WD AIRBAG BSIII,Mahindra,2013,600000,60000,Diesel
4021,i20 Sportz Option 1.4 CRDi,Hyundai,2015,615000,72000,Diesel
4022,i20 Magna 1.4 CRDi (Diesel),Hyundai,2013,350000,70000,Diesel
4023,Beat Diesel LS,Chevrolet,2012,140000,75000,Diesel
4024,i20 1.4 Sportz,Hyundai,2017,650000,32331,Diesel
4025,Creta 1.6 CRDi SX Plus,Hyundai,2016,1100000,70000,Diesel
4026,i20 1.4 CRDi Sportz,Hyundai,2010,285000,80000,Diesel
4027,Spark 1.0 LT,Chevrolet,2011,190000,20000,Petrol
4028,Sunny XL,Nissan,2012,350000,110000,Petrol
4029,Grand i10 Asta,Hyundai,2014,400000,40000,Petrol
4030,Innova Crysta 2.7 ZX AT BSIV,Toyota,2016,2100000,40000,Petrol
4031,i20 Sportz 1.2,Hyundai,2015,434999,90000,Petrol
4032,Swift Dzire VXI,Maruti,2014,450000,50000,Petrol
4033,Matiz SD,Daewoo,2001,45000,137000,Petrol
4034,i20 Asta 1.2,Hyundai,2015,450000,60000,Petrol
4035,Swift VDI Optional,Maruti,2017,580000,30000,Diesel
4036,Creta 1.6 CRDi SX,Hyundai,2016,900000,98000,Diesel
4037,Ertiga SHVS ZDI,Maruti,2016,750000,50000,Diesel
4038,Indigo CS LS (TDI) BS III,Tata,2009,140000,120000,Diesel
4039,Grand i10 1.2 Kappa Sportz BSIV,Hyundai,2017,525000,30000,Petrol
4040,Indigo CS LS (TDI) BS III,Tata,2009,114999,120000,Diesel
4041,Tiago 1.2 Revotron XZ,Tata,2016,399000,40000,Petrol
4042,Santro Xing XL eRLX Euro II,Hyundai,2006,150000,100000,Petrol
4043,Indica V2 Turbomax DLS BS IV,Tata,2012,275000,90000,Diesel
4044,i20 1.4 CRDi Magna,Hyundai,2011,340000,80000,Diesel
4045,EON LPG Era Plus,Hyundai,2012,222000,120000,LPG
4046,Ssangyong Rexton RX7,Mahindra,2013,850000,200000,Diesel
4047,Indica V2 DLS,Tata,2007,70000,110000,Diesel
4048,Tiago 1.2 Revotron XT,Tata,2017,430000,38000,Petrol
4049,Tiago 1.2 Revotron XT,Tata,2017,430000,35000,Petrol
4050,Wagon R VXI BS IV,Maruti,2014,320000,70000,Petrol
4051,Santro Xing XG,Hyundai,2005,95000,125000,Petrol
4052,Fluence Diesel E4,Renault,2012,500000,120000,Diesel
4053,Duster 110PS Diesel RxL,Renault,2012,500000,110000,Diesel
4054,Indica Vista Aura Plus 1.3 Quadrajet BS IV,Tata,2010,229999,140000,Diesel
4055,Scorpio VLS AT 2.2 mHAWK,Mahindra,2009,600000,155000,Diesel
4056,Santro Xing XL,Hyundai,2007,200000,120000,Petrol
4057,Pulse RxL Optional,Renault,2017,500000,80000,Diesel
4058,Bolero SLX 2WD,Mahindra,2010,315000,120000,Diesel
4059,Wagon R VXI Minor,Maruti,2011,265000,80000,Petrol
4060,Figo 1.5D Base MT,Ford,2015,350000,110000,Diesel
4061,Indigo CR4,Tata,2012,200000,230000,Diesel
4062,Indica V2 DLE BSIII,Tata,2011,114999,172000,Diesel
4063,i20 Magna 1.2,Hyundai,2014,425000,25000,Petrol
4064,EcoSport 1.5 Diesel Trend BSIV,Ford,2019,900000,35000,Diesel
4065,Scorpio 2009-2014 SLE 7S BSIV,Mahindra,2014,550000,126000,Diesel
4066,WR-V i-DTEC VX,Honda,2018,900000,30000,Diesel
4067,i10 Era,Hyundai,2011,165000,97000,Petrol
4068,Verna 1.6 CRDI AT SX Option,Hyundai,2016,850000,120000,Diesel
4069,Verna 1.6 CRDi S Option,Hyundai,2016,850000,120000,Diesel
4070,Thar CRDe AC,Mahindra,2014,550000,80000,Diesel
4071,Swift Dzire Vdi BSIV,Maruti,2011,500000,60000,Diesel
4072,Swift Dzire VXI 1.2,Maruti,2018,630000,15000,Petrol
4073,i10 Era,Hyundai,2011,160000,60000,Petrol
4074,City i DTEC VX,Honda,2015,670000,60000,Diesel
4075,Swift ZDi,Maruti,2014,430000,90000,Diesel
4076,Xcent 1.2 Kappa Base,Hyundai,2015,375000,30000,Petrol
4077,i20 Asta Option 1.2,Hyundai,2016,650000,35000,Petrol
4078,Swift Dzire LDI,Maruti,2016,500000,35000,Diesel
4079,Swift Dzire LDI,Maruti,2016,500000,35000,Diesel
4080,XUV500 W10 2WD,Mahindra,2017,1350000,25000,Diesel
4081,Ameo 1.5 TDI Comfortline,Volkswagen,2018,600000,40000,Diesel
4082,Creta 1.6 CRDi SX Plus,Hyundai,2017,1200000,25000,Diesel
4083,X6 xDrive30d,BMW,2013,3750000,56000,Diesel
4084,Swift Dzire ZXI Plus,Maruti,2018,795000,41779,Petrol
4085,Jazz 1.2 V i VTEC,Honda,2016,625000,54000,Petrol
4086,E-Class E250 CDI Avantgarde,Mercedes-Benz,2016,2900000,31000,Diesel
4087,Ignis 1.3 AMT Zeta,Maruti,2017,625000,37000,Diesel
4088,Cruze LTZ AT,Chevrolet,2011,440000,90000,Diesel
4089,Corolla Altis 1.8 G,Toyota,2018,1400000,13534,Petrol
4090,Corolla Altis 1.8 VL AT,Toyota,2017,1450000,7000,Petrol
4091,GLA Class 200 CDI SPORT,Mercedes-Benz,2017,2700000,23000,Diesel
4092,Grand i10 Sportz,Hyundai,2017,550000,23456,Petrol
4093,Innova Crysta 2.8 GX AT 8S BSIV,Toyota,2019,1925000,43000,Diesel
4094,XUV500 W10 2WD,Mahindra,2015,1225000,39000,Diesel
4095,WR-V i-VTEC S,Honda,2017,700000,15000,Petrol
4096,Swift Dzire VDI,Maruti,2013,530000,40000,Diesel
4097,Seltos HTX Plus AT D,Kia,2020,1900000,5000,Diesel
4098,Ciaz RS ZDi Plus SHVS,Maruti,2017,844999,70000,Diesel
4099,Rapid 1.5 TDI AT Style Plus,Skoda,2016,650000,99000,Diesel
4100,Swift ZXI 2018,Maruti,2018,750000,15000,Petrol
4101,6 Series GT 630d Luxury Line,BMW,2018,6000000,28156,Diesel
4102,Jazz 1.2 SV i VTEC,Honda,2015,610000,30000,Petrol
4103,Beat LT,Chevrolet,2010,150000,70000,Petrol
4104,Swift Dzire VXI,Maruti,2014,475000,40000,Petrol
4105,Scorpio SLX 4WD,Mahindra,2008,375000,136500,Diesel
4106,KUV 100 mFALCON D75 K6 Plus,Mahindra,2016,425000,70000,Diesel
4107,City i DTEC VX,Honda,2015,800000,90000,Diesel
4108,800 DX,Maruti,1996,40000,32000,Petrol
4109,Wagon R AMT VXI Option,Maruti,2018,509999,8000,Petrol
4110,Etios Liva VD,Toyota,2015,387000,170000,Diesel
4111,Alto 800 VXI,Maruti,2014,235000,25000,Petrol
4112,Sumo SE Plus BSII,Tata,2000,95000,120000,Diesel
4113,Swift Vdi BSIII,Maruti,2010,340000,110000,Diesel
4114,XUV500 W6 2WD,Mahindra,2016,1000000,100000,Diesel
4115,Ikon 1.4 TDCi DuraTorq,Ford,2009,160000,115000,Diesel
4116,Scorpio SLX 4WD LE,Mahindra,2008,365000,120000,Diesel
4117,Fabia 1.2L Diesel Elegance,Skoda,2011,300000,265000,Diesel
4118,Swift Vdi BSIII,Maruti,2008,260000,90000,Diesel
4119,Jazz V CVT,Honda,2018,860000,40000,Petrol
4120,Verna 1.6 Xi ABS,Hyundai,2008,114999,55000,Petrol
4121,Alto LXi,Maruti,2007,100000,90000,Petrol
4122,Vento 1.5 TDI Highline,Volkswagen,2014,565000,111000,Diesel
4123,Xylo E4 BS III,Mahindra,2013,450000,120000,Diesel
4124,Baleno Zeta 1.2,Maruti,2017,625000,15000,Petrol
4125,Alto 800 VXI,Maruti,2016,280000,30000,Petrol
4126,Alto K10 VXI,Maruti,2017,330000,50000,Petrol
4127,Creta 1.6 CRDi Anniversary Edition,Hyundai,2015,1300000,40000,Diesel
4128,Indica V2 GLX BSIII,Tata,2008,65000,50000,Petrol
4129,Tiago 1.2 Revotron XZ,Tata,2018,480000,45000,Petrol
4130,Tiago 1.05 Revotorq XZ,Tata,2016,400000,35000,Diesel
4131,New Safari DICOR 2.2 GX 4x2,Tata,2009,500000,80000,Diesel
4132,Xylo E4 ABS BS IV,Mahindra,2012,320000,120000,Diesel
4133,XUV500 W8 2WD,Mahindra,2014,750000,90000,Diesel
4134,Bolero Power Plus SLE,Mahindra,2017,620000,100000,Diesel
4135,Swift Dzire ZDi,Maruti,2011,300000,120000,Diesel
4136,Creta 1.6 SX Option Executive,Hyundai,2018,1405000,15000,Petrol
4137,Alto 800 LX,Maruti,2017,282000,15000,Petrol
4138,Swift Dzire AMT VXI,Maruti,2017,700000,15000,Petrol
4139,Figo Aspire 1.5 TDCi Titanium,Ford,2017,700000,70000,Diesel
4140,EcoSport 1.5 TDCi Titanium BSIV,Ford,2015,600000,135000,Diesel
4141,Rapid 1.6 TDI Ambition,Skoda,2012,290000,80000,Diesel
4142,Cruze LTZ AT,Chevrolet,2011,430000,80000,Diesel
4143,i20 1.2 Magna Executive,Hyundai,2017,575000,19000,Petrol
4144,Creta 1.6 VTVT E Plus,Hyundai,2017,875000,42000,Petrol
4145,Wagon R LXI BSIII,Maruti,2010,180000,77000,Petrol
4146,Ritz VDi,Maruti,2012,229999,120000,Diesel
4147,Glanza G CVT,Toyota,2019,800000,10000,Petrol
4148,Spark 1.0 LT Option Pack w/ Airbag,Chevrolet,2009,60000,110000,Petrol
4149,SX4 Vxi BSIII,Maruti,2009,150000,110000,Petrol
4150,Indigo Grand Dicor,Tata,2007,100000,90000,Diesel
4151,Creta 1.6 Gamma SX Plus,Hyundai,2015,900000,90000,Petrol
4152,i20 1.4 Asta Option,Hyundai,2018,850000,50000,Diesel
4153,Beat Diesel LT,Chevrolet,2014,220000,50000,Diesel
4154,Alto 800 LXI,Maruti,2014,250000,40000,Petrol
4155,Indica Vista Quadrajet LS,Tata,2012,125000,120000,Diesel
4156,Creta 1.6 SX,Hyundai,2018,1200000,27000,Petrol
4157,Indigo CR4,Tata,2013,250000,100000,Diesel
4158,i20 Sportz 1.4 CRDi,Hyundai,2014,440000,70000,Diesel
4159,Tiago 1.2 Revotron XT,Tata,2017,400000,40000,Petrol
4160,800 Std,Maruti,2002,50000,62000,Petrol
4161,Verna VTVT 1.6 SX Option,Hyundai,2018,1000000,10000,Petrol
4162,City i DTEC VX,Honda,2014,600000,160000,Diesel
4163,i20 1.2 Asta,Hyundai,2010,250000,60000,Petrol
4164,Bolero SLE,Mahindra,2009,310000,110000,Diesel
4165,Wagon R VXI,Maruti,2005,120000,60000,Petrol
4166,Xylo E4 BS III,Mahindra,2014,390000,78000,Diesel
4167,Santro Sportz BSIV,Hyundai,2019,458000,30000,Petrol
4168,EcoSport 1.5 Diesel Titanium BSIV,Ford,2018,950000,20000,Diesel
4169,Swift Dzire VXI 1.2 BS IV,Maruti,2017,650000,21000,Petrol
4170,Swift Star VDI,Maruti,2013,400000,70000,Diesel
4171,Grand i10 AT Asta,Hyundai,2015,400000,70000,Petrol
4172,Alto LX,Maruti,2006,100000,42500,Petrol
4173,i10 Asta,Hyundai,2012,350000,25000,Petrol
4174,Aria Prestige 4x2,Tata,2013,450000,80000,Diesel
4175,Scorpio 2.6 DX,Mahindra,2006,350000,90000,Diesel
4176,Polo Diesel Trendline 1.2L,Volkswagen,2010,250000,80000,Diesel
4177,Bolero 2011-2019 ZLX,Mahindra,2013,450000,146000,Diesel
4178,800 AC BSIII,Maruti,2013,157000,47200,Petrol
4179,XUV500 W11 Option BSIV,Mahindra,2018,1500000,60000,Diesel
4180,XUV500 W11 Option BSIV,Mahindra,2018,1500000,60000,Diesel
4181,Indica GLS BS IV,Tata,2007,75000,100000,Petrol
4182,Tavera B1-10 seats BSII,Chevrolet,2010,280000,100000,Diesel
4183,i20 Magna 1.2,Hyundai,2015,600000,35000,Petrol
4184,Sumo CX,Tata,2012,250999,120000,Diesel
4185,Corolla Altis 1.8 Sport,Toyota,2010,350000,80000,Petrol
4186,KWID 1.0 RXT Optional,Renault,2016,300000,34000,Petrol
4187,Duster 85PS Diesel RxS,Renault,2017,819999,50000,Diesel
4188,Indigo TDI,Tata,2010,409999,100000,Diesel
4189,Verna 1.6 Xi ABS,Hyundai,2008,275000,52000,Petrol
4190,Ertiga VDI,Maruti,2013,497000,110000,Diesel
4191,i20 Asta 1.2,Hyundai,2015,500000,70000,Petrol
4192,Bolero 2011-2019 Camper,Mahindra,2006,170000,120000,Diesel
4193,Ecosport 1.5 DV5 MT Trend,Ford,2016,515000,68609,Diesel
4194,EcoSport 1.5 TDCi Titanium BE BSIV,Ford,2018,925000,33360,Diesel
4195,Marazzo M8,Mahindra,2019,1460000,5000,Diesel
4196,MUX 2WD,Isuzu,2019,2700000,10000,Diesel
4197,Nexon 1.5 Revotorq XZ Plus,Tata,2017,830000,35000,Diesel
4198,EcoSport 1.5 Diesel Titanium BSIV,Ford,2019,975000,30000,Diesel
4199,Aspire Trend Plus,Ford,2018,620000,15000,Petrol
4200,Kicks XL BSIV,Nissan,2019,860000,14317,Petrol
4201,GO T Option BSIV,Datsun,2018,430000,5000,Petrol
4202,City i-VTEC CVT ZX,Honda,2019,1227000,5000,Petrol
4203,City i VTEC V,Honda,2017,860000,28000,Petrol
4204,EcoSport 1.5 Diesel Titanium Plus BSIV,Ford,2018,950000,40000,Diesel
4205,Figo Diesel Titanium,Ford,2012,225000,87237,Diesel
4206,Captiva LT,Chevrolet,2011,500000,99500,Diesel
4207,Figo 1.5D Trend MT,Ford,2017,500000,62960,Diesel
4208,Hector Smart DCT,MG,2019,1700000,16500,Petrol
4209,Ertiga VDI,Maruti,2014,545000,110000,Diesel
4210,Swift VDI,Maruti,2011,400000,72000,Diesel
4211,Swift Dzire LDI,Maruti,2018,650000,50000,Diesel
4212,Verna 1.6 Xi ABS,Hyundai,2008,114999,55000,Petrol
4213,Baleno Sigma 1.3,Maruti,2015,562000,60000,Diesel
4214,Sumo SE,Tata,2002,96000,120000,Diesel
4215,XE 2016-2019 2.0L Diesel Prestige,Jaguar,2017,2711000,9000,Diesel
4216,ES 300h,Lexus,2019,5150000,20000,Petrol
4217,XF 2.0 Diesel Portfolio,Jaguar,2017,3200000,45000,Diesel
4218,Safari Storme EX,Tata,2015,503000,110000,Diesel
4219,XC40 D4 Inscription BSIV,Volvo,2019,3800000,20000,Diesel
4220,Camry 2.5 Hybrid,Toyota,2016,2000000,68089,Petrol
4221,Wagon R LXI,Maruti,2013,225000,58343,Petrol
4222,Baleno Alpha 1.3,Maruti,2018,740000,38817,Diesel
4223,Jazz VX,Honda,2016,550000,56494,Petrol
4224,Innova 2.5 VX (Diesel) 7 Seater,Toyota,2013,750000,79328,Diesel
4225,Swift AMT VVT VXI,Maruti,2019,650000,5621,Petrol
4226,Etios VX,Toyota,2017,625000,25538,Petrol
4227,Swift AMT ZXI,Maruti,2018,600000,69779,Petrol
4228,Grand i10 1.2 CRDi Sportz,Hyundai,2017,450000,56290,Diesel
4229,X4 M Sport X xDrive20d,BMW,2019,5400000,7500,Diesel
4230,X4 M Sport X xDrive20d,BMW,2019,5500000,8500,Diesel
4231,Amaze V CVT Petrol BSIV,Honda,2019,779000,7032,Petrol
4232,Rapid 1.6 MPI AT Elegance,Skoda,2016,645000,11000,Petrol
4233,V40 D3 R-Design,Volvo,2018,2475000,2000,Diesel
4234,XE 2016-2019 2.0L Diesel Prestige,Jaguar,2017,2711000,9000,Diesel
4235,ES 300h,Lexus,2019,5150000,20000,Petrol
4236,XF 2.0 Diesel Portfolio,Jaguar,2017,3200000,45000,Diesel
4237,Safari Storme EX,Tata,2015,503000,110000,Diesel
4238,XC40 D4 Inscription BSIV,Volvo,2019,3800000,20000,Diesel
4239,Camry 2.5 Hybrid,Toyota,2016,2000000,68089,Petrol
4240,Wagon R LXI,Maruti,2013,225000,58343,Petrol
4241,Baleno Alpha 1.3,Maruti,2018,740000,38817,Diesel
4242,Jazz VX,Honda,2016,550000,56494,Petrol
4243,Innova 2.5 VX (Diesel) 7 Seater,Toyota,2013,750000,79328,Diesel
4244,Swift AMT VVT VXI,Maruti,2019,650000,5621,Petrol
4245,Etios VX,Toyota,2017,625000,25538,Petrol
4246,Swift AMT ZXI,Maruti,2018,600000,69779,Petrol
4247,Grand i10 1.2 CRDi Sportz,Hyundai,2017,450000,56290,Diesel
4248,X4 M Sport X xDrive20d,BMW,2019,5400000,7500,Diesel
4249,X4 M Sport X xDrive20d,BMW,2019,5500000,8500,Diesel
4250,Amaze V CVT Petrol BSIV,Honda,2019,779000,7032,Petrol
4251,Rapid 1.6 MPI AT Elegance,Skoda,2016,645000,11000,Petrol
4252,V40 D3 R-Design,Volvo,2018,2475000,2000,Diesel
4253,Lancer 2.0 LXd,Mitsubishi,1999,155000,100000,Diesel
4254,Swift VDI BSIV,Maruti,2009,210000,120000,Diesel
4255,XE 2016-2019 2.0L Diesel Prestige,Jaguar,2017,2711000,9000,Diesel
4256,ES 300h,Lexus,2019,5150000,20000,Petrol
4257,XF 2.0 Diesel Portfolio,Jaguar,2017,3200000,45000,Diesel
4258,Safari Storme EX,Tata,2015,503000,110000,Diesel
4259,XC40 D4 Inscription BSIV,Volvo,2019,3800000,20000,Diesel
4260,Camry 2.5 Hybrid,Toyota,2016,2000000,68089,Petrol
4261,Wagon R LXI,Maruti,2013,225000,58343,Petrol
4262,Baleno Alpha 1.3,Maruti,2018,740000,38817,Diesel
4263,Jazz VX,Honda,2016,550000,56494,Petrol
4264,Innova 2.5 VX (Diesel) 7 Seater,Toyota,2013,750000,79328,Diesel
4265,Swift AMT VVT VXI,Maruti,2019,650000,5621,Petrol
4266,Etios VX,Toyota,2017,625000,25538,Petrol
4267,Swift AMT ZXI,Maruti,2018,600000,69779,Petrol
4268,Grand i10 1.2 CRDi Sportz,Hyundai,2017,450000,56290,Diesel
4269,X4 M Sport X xDrive20d,BMW,2019,5400000,7500,Diesel
4270,X4 M Sport X xDrive20d,BMW,2019,5500000,8500,Diesel
4271,Amaze V CVT Petrol BSIV,Honda,2019,779000,7032,Petrol
4272,Rapid 1.6 MPI AT Elegance,Skoda,2016,645000,11000,Petrol
4273,V40 D3 R-Design,Volvo,2018,2475000,2000,Diesel
4274,Fiesta 1.5 TDCi Titanium,Ford,2015,590000,80000,Diesel
4275,Xcent 1.1 CRDi S,Hyundai,2016,350000,120000,Diesel
4276,Ignis 1.2 Zeta BSIV,Maruti,2017,484999,30000,Petrol
4277,Indica Vista TDI LS,Tata,2015,240000,110000,Diesel
4278,Innova 2.5 G (Diesel) 8 Seater BS IV,Toyota,2008,500000,219000,Diesel
4279,Alto 800 LXI,Maruti,2017,300000,80000,Petrol
4280,Ciaz RS ZDi Plus SHVS,Maruti,2016,750000,80000,Diesel
4281,Swift Dzire VXI,Maruti,2016,574000,35000,Petrol
4282,Indica Vista Quadrajet 90 VX,Tata,2013,200000,167000,Diesel
4283,Creta 1.6 CRDi SX Option,Hyundai,2016,1100000,94000,Diesel
4284,Santro Xing GL Plus,Hyundai,2012,350000,80000,Petrol
4285,800 DX,Maruti,1998,70000,100000,Petrol
4286,Ikon 1.3 Flair,Ford,2005,120000,90000,Petrol
4287,Innova 2.5 G (Diesel) 7 Seater,Toyota,2012,700000,246000,Diesel
4288,Baleno Sigma 1.2,Maruti,2019,500000,10000,Petrol
4289,Indigo CS LS (TDI) BS-III,Tata,2016,370000,90000,Diesel
4290,Tigor 2017-2020 XZ Plus,Tata,2019,600000,5200,Petrol
4291,Zen LX - BS III,Maruti,2006,100000,120000,Petrol
4292,Swift VDI,Maruti,2013,409999,90000,Diesel
4293,City i VTEC CVT SV,Honda,2016,750000,50000,Petrol
4294,Grand i10 1.2 Kappa Asta,Hyundai,2017,600000,5000,Petrol
4295,KUV 100 G80 K8 Dual Tone,Mahindra,2018,550000,10500,Petrol
4296,Duster 110PS Diesel RxZ,Renault,2018,950000,26000,Diesel
4297,Scorpio VLX 2WD ABS AT BSIII,Mahindra,2014,645000,139000,Diesel
4298,XUV500 W8 2WD,Mahindra,2014,750000,60000,Diesel
4299,New C-Class C 200 Kompressor Elegance MT,Mercedes-Benz,2006,650000,40000,Petrol
4300,EcoSport 1.5 Ti VCT MT Titanium BSIV,Ford,2015,800000,25000,Petrol
4301,Corolla Altis 1.8 J,Toyota,2010,350000,60000,Petrol
4302,EcoSport 1.5 Ti VCT MT Titanium BSIV,Ford,2015,700000,25000,Petrol
4303,Swift Dzire ZXi,Maruti,2011,335000,15000,Petrol
4304,Swift Dzire LDi,Maruti,2012,270000,110000,Diesel
4305,Santro GLS I - Euro II,Hyundai,2001,52000,70000,Petrol
4306,Swift Dzire ZDi,Maruti,2010,320000,100000,Diesel
4307,Santro Xing XS,Hyundai,2007,120000,120000,Petrol
4308,A4 1.8 TFSI,Audi,2010,730000,55000,Petrol
4309,SX4 Vxi BSIII,Maruti,2007,125000,120000,Petrol
4310,Zen Estilo 1.1 LXI BSIII,Maruti,2007,150000,35000,Petrol
4311,Alto 800 LXI,Maruti,2018,310000,13000,Petrol
4312,Swift Dzire VDI,Maruti,2015,625000,50000,Diesel
4313,i10 Magna,Hyundai,2012,267000,40000,Petrol
4314,i20 Active 1.2 SX Dual Tone,Hyundai,2016,600000,25000,Petrol
4315,Eeco 7 Seater Standard BSIV,Maruti,2011,180000,110000,Petrol
4316,Glanza G Smart Hybrid,Toyota,2019,700000,5000,Petrol
4317,800 AC,Maruti,2013,121000,50000,Petrol
4318,Grand i10 Asta,Hyundai,2014,350000,80000,Petrol
4319,Innova 2.5 G (Diesel) 8 Seater,Toyota,2012,869999,225000,Diesel
4320,XE 2016-2019 2.0L Diesel Prestige,Jaguar,2017,2711000,9000,Diesel
4321,ES 300h,Lexus,2019,5150000,20000,Petrol
4322,XF 2.0 Diesel Portfolio,Jaguar,2017,3200000,45000,Diesel
4323,Safari Storme EX,Tata,2015,503000,110000,Diesel
4324,XC40 D4 Inscription BSIV,Volvo,2019,3800000,20000,Diesel
4325,Camry 2.5 Hybrid,Toyota,2016,2000000,68089,Petrol
4326,Wagon R LXI,Maruti,2013,225000,58343,Petrol
4327,Baleno Alpha 1.3,Maruti,2018,740000,38817,Diesel
4328,Jazz VX,Honda,2016,550000,56494,Petrol
4329,Innova 2.5 VX (Diesel) 7 Seater,Toyota,2013,750000,79328,Diesel
4330,Swift AMT VVT VXI,Maruti,2019,650000,5621,Petrol
4331,Etios VX,Toyota,2017,625000,25538,Petrol
4332,Swift AMT ZXI,Maruti,2018,600000,69779,Petrol
4333,Grand i10 1.2 CRDi Sportz,Hyundai,2017,450000,56290,Diesel
4334,X4 M Sport X xDrive20d,BMW,2019,5400000,7500,Diesel
4335,X4 M Sport X xDrive20d,BMW,2019,5500000,8500,Diesel
4336,Amaze V CVT Petrol BSIV,Honda,2019,779000,7032,Petrol
4337,Rapid 1.6 MPI AT Elegance,Skoda,2016,645000,11000,Petrol
4338,V40 D3 R-Design,Volvo,2018,2475000,2000,Diesel
4339,Wagon R LX BSIII,Maruti,2008,80000,100000,Petrol
4340,i10 Era 1.1,Hyundai,2008,120000,93331,Petrol
4341,Scorpio M2DI,Mahindra,2012,370000,120000,Diesel
4342,Terrano XL 110 PS,Nissan,2015,750000,70000,Diesel
4343,Bolero Power Plus Plus Non AC BSIV PS,Mahindra,2015,484999,100000,Diesel
4344,Accent CRDi,Hyundai,2006,120000,90000,Diesel
4345,City i VTEC V,Honda,2017,860000,28000,Petrol
4346,Swift Dzire LDI,Maruti,2018,650000,50000,Diesel
4347,Ertiga ZDI,Maruti,2014,650000,90000,Diesel
4348,Verna 1.4 CRDi,Hyundai,2016,710000,40000,Diesel
4349,Figo 1.5D Base MT,Ford,2017,430000,113000,Diesel
4350,Swift Vdi BSIII,Maruti,2011,305000,188000,Diesel
4351,Figo Diesel Titanium,Ford,2011,220000,100000,Diesel
4352,Sumo MKII Turbo 2.0 LX,Tata,2010,150000,225000,Diesel
4353,TUV 300 mHAWK100 T8,Mahindra,2017,660000,67000,Diesel
4354,Beat Diesel LT Option,Chevrolet,2011,140000,70000,Diesel
4355,Corolla Altis JS MT,Toyota,2015,1100000,50000,Petrol
4356,XF 2.2 Litre Luxury,Jaguar,2013,2450000,60000,Diesel
4357,Ameo 1.5 TDI Comfortline AT,Volkswagen,2017,625000,34000,Diesel
4358,City 1.5 GXI,Honda,2004,198000,110000,Petrol
4359,Santro GS zipPlus,Hyundai,2001,60000,71000,Petrol
4360,Wagon R LXI,Maruti,2005,130000,140000,Petrol
4361,City Corporate Edition,Honda,2012,540000,100000,Petrol
4362,Grand i10 1.2 Kappa Sportz AT,Hyundai,2017,550000,10000,Petrol
4363,Celerio ZXI Optional,Maruti,2018,475000,30000,Petrol
4364,Fortuner 2.8 4WD AT BSIV,Toyota,2016,3100000,90000,Diesel
4365,Ritz VDi,Maruti,2010,217000,120000,Diesel
4366,Santro LE,Hyundai,2002,35000,184000,Petrol
4367,Swift Dzire AMT ZXI Plus,Maruti,2019,750000,6500,Petrol
4368,Gypsy King ST BSIII,Maruti,2010,350000,80000,Petrol
4369,Scorpio VLS 2.2 mHawk,Mahindra,2008,400000,100000,Diesel
4370,Etios VD,Toyota,2015,570000,120000,Diesel
4371,EON Era Plus,Hyundai,2012,180000,120000,Petrol
4372,Astra 1.6,Opel,1998,68000,110000,Petrol
4373,Octavia Classic 1.9 TDI MT,Skoda,2006,280000,150000,Diesel
4374,Indigo LS,Tata,2005,90000,120000,Diesel
4375,M-Class ML 250 CDI,Mercedes-Benz,2015,2600000,100000,Diesel
4376,Sumo Gold EX,Tata,2018,700000,63000,Diesel
4377,GLA Class 200 CDI,Mercedes-Benz,2016,1850000,40000,Diesel
4378,Ecosport 1.5 DV5 MT Titanium,Ford,2015,685000,109000,Diesel
4379,Swift VDI Windsong Limited edition,Maruti,2015,565000,114000,Diesel
4380,Octavia Elegance 1.8 TSI AT,Skoda,2017,1600000,33000,Petrol
4381,Grand i10 CRDi Asta Option,Hyundai,2014,395000,160000,Diesel
4382,i20 Sportz 1.4 CRDi,Hyundai,2013,425000,101000,Diesel
4383,Vento 1.5 TDI Highline BSIV,Volkswagen,2019,1350000,5400,Diesel
4384,Tucson 2.0 e-VGT 2WD AT GLS,Hyundai,2016,1950000,45000,Diesel
4385,KWID AMT RXL,Renault,2018,535000,31000,Petrol
4386,KWID 1.0 RXT Optional,Renault,2018,500000,31000,Petrol
4387,Wagon R VXI Opt 1.2,Maruti,2016,434999,55000,Petrol
4388,Nano XTA,Tata,2018,250000,55000,Petrol
4389,Verna 1.6 SX,Hyundai,2014,700000,117000,Diesel
4390,3 Series 320d Luxury Line,BMW,2010,1100000,102000,Diesel
4391,Passat 2.0 TDI AT Highline,Volkswagen,2012,900000,108000,Diesel
4392,Wagon R VXI 1.2,Maruti,2015,425000,75000,Petrol
4393,E-Class E 220 CDI Avantgarde,Mercedes-Benz,2011,1600000,74000,Diesel
4394,Figo Titanium Diesel,Ford,2013,325000,158000,Diesel
4395,MUX 2WD,Isuzu,2019,2700000,10000,Diesel
4396,EcoSport 1.5 Diesel Titanium Plus BSIV,Ford,2018,950000,40000,Diesel
4397,Nexon 1.5 Revotorq XZA Plus,Tata,2019,1140000,10000,Diesel
4398,Hexa XE,Tata,2017,980000,53000,Diesel
4399,Compass 2.0 Limited Option 4X4,Jeep,2017,1920000,20000,Diesel
4400,Polo 1.0 TSI Highline Plus,Volkswagen,2020,808000,5000,Petrol
4401,Swift Dzire VXI,Maruti,2014,550000,30000,Petrol
4402,Alto LXi,Maruti,2010,215000,64000,Petrol
4403,Figo 1.2P Titanium Opt MT,Ford,2016,512000,10500,Petrol
4404,Alto LXi,Maruti,2011,215000,50000,Petrol
4405,Rapid 1.6 TDI Elegance,Skoda,2012,500000,60000,Diesel
4406,Rapid 1.5 TDI Elegance Black Package,Skoda,2015,700000,35000,Diesel
4407,Safari DICOR 2.2 LX 4x2,Tata,2012,525000,135000,Diesel
4408,Scorpio LX BSIV,Mahindra,2011,550000,70000,Diesel
4409,Vitara Brezza ZDi,Maruti,2016,750000,80000,Diesel
4410,Celerio X VXI Option BSIV,Maruti,2017,395000,25000,Petrol
4411,i20 2015-2017 Sportz 1.2,Hyundai,2017,675000,5000,Petrol
4412,Santro Xing GLS,Hyundai,2008,140000,80000,Petrol
4413,Scorpio VLX 2WD BSIV,Mahindra,2011,430000,120000,Diesel
4414,XE 2016-2019 2.0L Diesel Prestige,Jaguar,2017,2711000,9000,Diesel
4415,ES 300h,Lexus,2019,5150000,20000,Petrol
4416,XF 2.0 Diesel Portfolio,Jaguar,2017,3200000,45000,Diesel
4417,Safari Storme EX,Tata,2015,503000,110000,Diesel
4418,XC40 D4 Inscription BSIV,Volvo,2019,3800000,20000,Diesel
4419,Camry 2.5 Hybrid,Toyota,2016,2000000,68089,Petrol
4420,Wagon R LXI,Maruti,2013,225000,58343,Petrol
4421,Baleno Alpha 1.3,Maruti,2018,740000,38817,Diesel
4422,Jazz VX,Honda,2016,550000,56494,Petrol
4423,Innova 2.5 VX (Diesel) 7 Seater,Toyota,2013,750000,79328,Diesel
4424,Swift AMT VVT VXI,Maruti,2019,650000,5621,Petrol
4425,Etios VX,Toyota,2017,625000,25538,Petrol
4426,Swift AMT ZXI,Maruti,2018,600000,69779,Petrol
4427,Grand i10 1.2 CRDi Sportz,Hyundai,2017,450000,56290,Diesel
4428,X4 M Sport X xDrive20d,BMW,2019,5400000,7500,Diesel
4429,X4 M Sport X xDrive20d,BMW,2019,5500000,8500,Diesel
4430,Amaze V CVT Petrol BSIV,Honda,2019,779000,7032,Petrol
4431,Rapid 1.6 MPI AT Elegance,Skoda,2016,645000,11000,Petrol
4432,V40 D3 R-Design,Volvo,2018,2475000,2000,Diesel
4433,Etios V,Toyota,2011,270000,167000,Petrol
4434,Etios V,Toyota,2011,270000,167000,Petrol
4435,Wagon R LXI BS IV,Maruti,2014,300000,10000,Petrol
4436,Sail Hatchback Diesel,Chevrolet,2013,355000,68000,Diesel
4437,Alto 800 VXI,Maruti,2015,180000,35000,Petrol
4438,Indigo eCS VX BSIV,Tata,2013,280000,70000,Diesel
4439,Manza ELAN Quadrajet BS III,Tata,2011,250000,70000,Diesel
4440,Indica GLS BS IV,Tata,2007,125000,50000,Petrol
4441,Swift VDI BSIV,Maruti,2006,150000,80000,Diesel
4442,Santro Xing XL,Hyundai,2006,95000,60898,Petrol
4443,S-Cross 2017-2020 Zeta DDiS 200 SH,Maruti,2018,810000,29700,Diesel
4444,i20 1.4 Magna AT,Hyundai,2018,671000,20000,Petrol
4445,Alto 800 VXI,Maruti,2018,295000,20000,Petrol
4446,Ertiga SHVS ZDI Plus,Maruti,2017,850000,40000,Diesel
4447,Swift ZDi,Maruti,2013,409999,90000,Diesel
4448,Ertiga VXI,Maruti,2015,600000,90000,Petrol
4449,Bolero 2011-2019 ZLX,Mahindra,2015,600000,80000,Diesel
4450,Wagon R LXI BSIII,Maruti,2012,220000,60000,Petrol
4451,Swift Dzire VDI,Maruti,2013,550000,56000,Diesel
4452,Scorpio EX,Mahindra,2014,650000,50000,Diesel
4453,Scorpio 2009-2014 EX 2WD 9S,Mahindra,2014,655000,50000,Diesel
4454,Sumo GX 7 Str BSII,Tata,2006,130000,74000,Diesel
4455,Duster 110PS Diesel RxL,Renault,2014,400000,123000,Diesel
4456,Swift 1.3 LXI,Maruti,2007,250000,60000,Petrol
4457,Alto LXi,Maruti,2009,155000,54000,Petrol
4458,Indigo CS eGLS BS IV,Tata,2013,250000,50000,Petrol
4459,Grand i10 Sportz,Hyundai,2014,400000,80000,Petrol
4460,GO A Option Petrol,Datsun,2019,500000,10000,Petrol
4461,Santro Sportz AMT BSIV,Hyundai,2018,565000,10000,Petrol
4462,EcoSport 1.5 Diesel Titanium BSIV,Ford,2018,900000,40000,Diesel
4463,Bolero Power Plus SLE,Mahindra,2017,650000,120000,Diesel
4464,Bolero 2011-2019 ZLX,Mahindra,2013,600000,45000,Diesel
4465,Swift Dzire VDI,Maruti,2018,800000,35000,Diesel
4466,i20 Sportz 1.4 CRDi,Hyundai,2015,575000,60000,Diesel
4467,Figo 1.5P Titanium AT,Ford,2016,550000,40000,Petrol
4468,SX4 Vxi BSIV,Maruti,2011,190000,80000,Petrol
4469,EcoSport 1.5 Diesel Trend Plus BSIV,Ford,2017,750000,37000,Diesel
4470,Baleno Delta 1.2,Maruti,2018,625000,22000,Petrol
4471,i20 1.4 Asta,Hyundai,2018,799000,60000,Diesel
4472,Wagon R VXI BS IV,Maruti,2013,300000,57000,Petrol
4473,Ciaz 1.4 Alpha,Maruti,2017,850000,27000,Petrol
4474,Spark 1.0 LT,Chevrolet,2012,130000,70000,Petrol
4475,Alto K10 2010-2014 VXI,Maruti,2011,229999,40000,Petrol
4476,Celerio ZXI,Maruti,2015,400000,60000,Petrol
4477,Thar CRDe,Mahindra,2018,900000,35000,Diesel
4478,Scorpio 1.99 S4,Mahindra,2015,800000,70000,Diesel
4479,EON Era Plus,Hyundai,2015,250999,43000,Petrol
4480,Manza Aqua Safire,Tata,2011,250000,110000,Petrol
4481,Punto 1.2 Active,Fiat,2009,100000,100000,Petrol
4482,Swift VXI Optional,Maruti,2016,450000,64000,Petrol
4483,Duster 85PS Diesel STD,Renault,2017,575000,96000,Diesel
4484,Duster 85PS Diesel RxL Optional,Renault,2013,400000,96000,Diesel
4485,Celerio X ZXI BSIV,Maruti,2019,480000,7600,Petrol
4486,Celerio X ZXI BSIV,Maruti,2019,490000,7000,Petrol
4487,Indigo LX,Tata,2007,150000,120000,Diesel
4488,Bolt Quadrajet XM,Tata,2017,600000,50000,Diesel
4489,Xcent 1.1 CRDi SX Option,Hyundai,2015,500000,50000,Diesel
4490,Zest Quadrajet 1.3 Anniversary Edition,Tata,2015,425000,80000,Diesel
4491,Accent DLS,Hyundai,2003,108000,200000,Diesel
4492,Innova 2.5 ZX Diesel 7 Seater BSIII,Toyota,2015,1030000,190000,Diesel
4493,Wagon R VXI Optional,Maruti,2015,360000,34000,Petrol
4494,Polo Petrol Comfortline 1.2L,Volkswagen,2012,290000,80000,Petrol
4495,Swift VDI,Maruti,2011,400000,72000,Diesel
4496,Esteem DI,Maruti,2003,70000,20000,Diesel
4497,Sumo CX,Tata,2012,320000,70000,Diesel
4498,EcoSport 1.5 Diesel Titanium BSIV,Ford,2019,975000,30000,Diesel
4499,City i-VTEC CVT ZX,Honda,2019,1227000,5000,Petrol
4500,Verna 1.6 SX CRDi (O),Hyundai,2014,755000,29340,Diesel
4501,Figo Diesel LXI,Ford,2011,215000,120000,Diesel
4502,Innova 2.5 G4 Diesel 7-seater,Toyota,2011,735000,200000,Diesel
4503,i10 Era,Hyundai,2007,190000,70000,Petrol
4504,Innova 2.5 VX (Diesel) 8 Seater,Toyota,2014,1365000,80800,Diesel
4505,Jazz 1.2 VX i VTEC,Honda,2018,675000,24265,Petrol
4506,Swift Dzire VDI,Maruti,2014,438999,81000,Diesel
4507,Lodgy Stepway 110PS RXZ 7S,Renault,2015,550000,240000,Diesel
4508,Swift Dzire VXI,Maruti,2013,409999,35000,Petrol
4509,KWID RXT Optional,Renault,2019,350000,15000,Petrol
4510,Beat Diesel,Chevrolet,2012,135000,49000,Diesel
4511,Innova Crysta 2.4 GX MT 8S BSIV,Toyota,2016,1490000,56900,Diesel
4512,Swift VDI BSIV,Maruti,2014,520000,70000,Diesel
4513,Swift Dzire VDi,Maruti,2010,315000,180000,Diesel
4514,A-Star Lxi,Maruti,2010,235000,50000,Petrol
4515,Accent GLE,Hyundai,2005,80500,50000,Petrol
4516,Ritz VDi,Maruti,2013,375000,88200,Diesel
4517,Swift VXi BSIV,Maruti,2006,189000,93000,Petrol
4518,Amaze E Option i-DTEC,Honda,2017,550000,120000,Diesel
4519,Fiesta EXi 1.4 TDCi Ltd,Ford,2011,260000,110000,Diesel
4520,Swift Dzire AMT ZDI,Maruti,2016,650000,50000,Diesel
4521,Swift Dzire VDI,Maruti,2013,480000,80000,Diesel
4522,i20 Asta Option 1.4 CRDi,Hyundai,2016,700000,40000,Diesel
4523,Ertiga VDI,Maruti,2015,650000,110000,Diesel
4524,Creta 1.6 CRDi SX Plus Dual Tone,Hyundai,2015,1300000,48000,Diesel
4525,Jetta 2.0L TDI Highline AT,Volkswagen,2016,1350000,97000,Diesel
4526,Vento 1.5 TDI Highline AT,Volkswagen,2016,1000000,60000,Diesel
4527,M-Class ML 350 4Matic,Mercedes-Benz,2011,1700000,110000,Diesel
4528,Yaris V CVT BSIV,Toyota,2018,1080000,12800,Petrol
4529,EON D Lite,Hyundai,2012,170000,40000,Petrol
4530,Swift DDiS VDI,Maruti,2017,610000,49000,Diesel
4531,Ritz VXi,Maruti,2014,350000,25000,Petrol
4532,Alto 800 LXI,Maruti,2016,260000,65000,Petrol
4533,Linea 1.3 Multijet Emotion,Fiat,2015,700000,20000,Diesel
4534,Polo 2015-2019 1.0 MPI Highline Plus,Volkswagen,2018,678000,17000,Petrol
4535,SX4 S Cross 2015-2017 DDiS 200 Zeta,Maruti,2015,800000,15000,Diesel
4536,Etios GD,Toyota,2014,400000,120000,Diesel
4537,i20 Magna,Hyundai,2010,300000,49000,Petrol
4538,i20 2015-2017 Magna 1.2,Hyundai,2016,520000,29000,Petrol
4539,Terrano XV D Premium AMT,Nissan,2017,850000,55000,Diesel
4540,Alto K10 VXI,Maruti,2015,300000,40000,Petrol
4541,City 1.5 S Inspire,Honda,2010,350000,120000,Petrol
4542,Omni LPG STD BSIV,Maruti,1999,70000,100000,LPG
4543,Vitara Brezza ZDi,Maruti,2019,892000,10000,Diesel
4544,Grande Punto Sport 90BHP,Fiat,2012,285000,70000,Diesel
4545,i10 Magna LPG,Hyundai,2012,300000,60000,LPG
4546,Ciaz VDI SHVS,Maruti,2016,620000,90000,Diesel
4547,Vitara Brezza ZDi,Maruti,2017,750000,90000,Diesel
4548,Alto 800 LXI,Maruti,2016,270000,35000,Petrol
4549,Ertiga ZDI,Maruti,2014,560000,90000,Diesel
4550,Santro Xing GLS,Hyundai,2012,300000,40000,Petrol
4551,Santro Xing GLS,Hyundai,2012,300000,40000,Petrol
4552,Grand i10 1.2 Kappa Sportz Dual Tone,Hyundai,2018,570000,20000,Petrol
4553,Indigo CS eLX BS IV,Tata,2011,220000,80000,Diesel
4554,SX4 Vxi BSIV,Maruti,2012,260000,99000,Petrol
4555,Swift AMT VXI,Maruti,2019,600000,7500,Petrol
4556,Nano XE,Tata,2015,80000,60000,Petrol
4557,EON Magna Plus,Hyundai,2016,300000,40800,Petrol
4558,Zest Revotron 1.2T XM,Tata,2015,300000,70000,Petrol
4559,KUV 100 mFALCON G80 K8 5str,Mahindra,2016,400000,100000,Petrol
4560,Swift VXI BSIV,Maruti,2016,550000,8588,Petrol
4561,City i-DTEC V,Honda,2019,1200000,40000,Diesel
4562,Figo 1.5D Trend MT,Ford,2015,500000,60000,Diesel
4563,Esteem Vxi - BSIII,Maruti,2005,93000,80000,Petrol
4564,City i DTEC SV,Honda,2014,500000,110000,Diesel
4565,Platinum Etios 1.4 GXD,Toyota,2018,670000,150000,Diesel
4566,Innova 2.5 VX 7 STR,Toyota,2012,750000,120000,Diesel
4567,Alto K10 VXI,Maruti,2017,370000,30000,Petrol
4568,800 Std,Maruti,2012,100000,70000,Petrol
4569,i10 Sportz 1.1L,Hyundai,2016,425000,50000,Petrol
4570,Innova 2.5 V Diesel 8-seater,Toyota,2006,370000,305000,Diesel
4571,Etios GD,Toyota,2012,400000,158500,Diesel
4572,New Safari DICOR 2.2 EX 4x2,Tata,2009,229999,212000,Diesel
4573,Ertiga SHVS VDI,Maruti,2016,850000,35000,Diesel
4574,Verito 1.5 D4 BSIV,Mahindra,2018,750000,22000,Diesel
4575,Winger Deluxe - Flat Roof (Non-AC),Tata,2010,235000,50000,Diesel
4576,WR-V i-DTEC S,Honda,2017,700000,70000,Diesel
4577,Grand i10 CRDi Magna,Hyundai,2016,480000,56000,Diesel
4578,Zest Quadrajet 1.3 75PS XM,Tata,2016,475000,50000,Diesel
4579,Rapid 1.5 TDI Ambition,Skoda,2015,610000,120000,Diesel
4580,Innova 2.5 G4 Diesel 8-seater,Toyota,2011,650000,120000,Diesel
4581,WR-V i-DTEC S,Honda,2017,800000,70000,Diesel
4582,New Safari DICOR 2.2 EX 4x2,Tata,2015,520000,120000,Diesel
4583,Indica V2 eLS,Tata,2014,160000,90000,Diesel
4584,S-Cross 2017-2020 Zeta DDiS 200 SH,Maruti,2018,1000000,70000,Diesel
4585,Ertiga VDI,Maruti,2015,700000,120000,Diesel
4586,Amaze S i-DTEC,Honda,2017,590000,70000,Diesel
4587,Wagon R VXI,Maruti,2002,140000,80000,Petrol
4588,TUV 300 mHAWK100 T8,Mahindra,2017,725000,100000,Diesel
4589,Innova Crysta 2.4 ZX MT BSIV,Toyota,2017,1680000,157000,Diesel
4590,Swift Dzire VDI,Maruti,2015,550000,50000,Diesel
4591,Ritz VDi,Maruti,2012,240000,90000,Diesel
4592,Captiva 2.2 LT,Chevrolet,2013,667000,65000,Diesel
4593,Jazz 1.5 S i DTEC,Honda,2017,670000,50000,Diesel
4594,Swift Dzire VDI,Maruti,2015,550000,110000,Diesel
4595,Celerio ZXI,Maruti,2015,400000,30000,Petrol
4596,Verna 1.6 SX,Hyundai,2014,545000,80000,Diesel
4597,Ertiga LXI,Maruti,2015,599000,70000,Petrol
4598,Creta 1.4 CRDi S,Hyundai,2016,725000,100000,Diesel
4599,City i VTEC V,Honda,2015,525000,120000,Petrol
4600,Ritz VDi,Maruti,2011,204999,85000,Diesel
4601,Fabia Scout 1.2 TDI,Skoda,2012,190000,110000,Diesel
4602,Grand i10 CRDi Sportz,Hyundai,2015,310000,60000,Diesel
4603,Grand i10 CRDi Sportz,Hyundai,2016,380000,90000,Diesel
4604,Alto K10 2010-2014 VXI,Maruti,2012,204000,110000,Petrol
4605,EON 1.0 Era Plus,Hyundai,2018,350000,25000,Petrol
4606,Vento Diesel Highline,Volkswagen,2013,350000,100000,Diesel
4607,Figo Diesel Titanium,Ford,2012,175000,120000,Diesel
4608,Vento Diesel Highline,Volkswagen,2011,340000,90000,Diesel
4609,City i-VTEC VX,Honda,2017,950000,35000,Petrol
4610,City i VTEC V,Honda,2017,894999,35000,Petrol
4611,Sumo Gold EX,Tata,2014,350000,101200,Diesel
4612,Indigo GLX,Tata,2005,100000,90000,Petrol
4613,Swift Dzire VDI,Maruti,2016,550000,76000,Diesel
4614,Indigo LX,Tata,2004,100000,60000,Diesel
4615,XUV500 W6 2WD,Mahindra,2016,800000,90000,Diesel
4616,Bolero 2011-2019 ZLX BSIII,Mahindra,2013,525000,80000,Diesel
4617,New Safari DICOR 2.2 EX 4x2,Tata,2008,500000,179150,Diesel
4618,800 Std MPFi,Maruti,2003,42000,62000,Petrol
4619,Swift Dzire 1.2 Lxi BSIV,Maruti,2009,190000,160000,Petrol
4620,Swift Dzire VDI,Maruti,2019,694000,35000,Diesel
4621,XUV500 AT W6 2WD,Mahindra,2016,861999,120000,Diesel
4622,Amaze SX i-DTEC,Honda,2017,650000,50000,Diesel
4623,Swift Dzire ZDi,Maruti,2011,310000,70000,Diesel
4624,Swift VDI,Maruti,2013,360000,97000,Diesel
4625,Swift Dzire LDi,Maruti,2011,240000,90000,Diesel
4626,XUV500 W8 AWD,Mahindra,2012,500000,84487,Diesel
4627,Innova 2.5 GX 7 STR,Toyota,2010,475000,100000,Diesel
4628,Alto LX,Maruti,2007,100000,60000,Petrol
4629,SX4 Zxi BSIII,Maruti,2009,200000,110000,Petrol
4630,Innova 2.5 G2,Toyota,2006,430000,264000,Diesel
4631,Xylo E4 BS IV,Mahindra,2010,245000,146000,Diesel
4632,Swift Dzire VDI,Maruti,2014,450000,70000,Diesel
4633,Vitara Brezza VDi Option,Maruti,2017,800000,51146,Diesel
4634,Ritz LXI,Maruti,2011,215000,40000,Petrol
4635,Vitara Brezza VDi Option,Maruti,2017,760000,50000,Diesel
4636,Polo 1.5 TDI Comfortline,Volkswagen,2015,416000,80000,Diesel
4637,Wagon R LXI BSIII,Maruti,2011,195000,120000,Petrol
4638,Alto 800 VXI,Maruti,2017,325000,23000,Petrol
4639,Alto K10 LXI,Maruti,2010,145000,70000,Petrol
4640,Swift VDI,Maruti,2018,675000,23000,Diesel
4641,Wagon R VXI Optional,Maruti,2016,340000,30000,Petrol
4642,Manza Aura Plus Quadrajet BS IV,Tata,2011,340000,50000,Diesel
4643,Omni MPI STD BSIV,Maruti,2014,260000,40000,Petrol
4644,Alto 800 LXI,Maruti,2015,300000,50000,Petrol
4645,800 AC,Maruti,2007,75000,60000,Petrol
4646,Indica Vista TDI LX,Tata,2011,350000,80000,Diesel
4647,XL6 Alpha,Maruti,2019,1000000,15000,Petrol
4648,Manza Aura (ABS) Quadrajet BS IV,Tata,2010,170000,150000,Diesel
4649,Swift Dzire Tour S CNG,Maruti,2018,600000,40000,Petrol
4650,City 1.5 V AT,Honda,2010,800000,25000,Petrol
4651,One EX,Force,2018,850000,120000,Diesel
4652,XUV500 W6 2WD,Mahindra,2014,980000,120000,Diesel
4653,Endeavour 2.5L 4X2,Ford,2011,850000,298000,Diesel
4654,Sumo Gold GX BSIII,Tata,2012,340000,270000,Diesel
4655,Vitara Brezza ZDi AMT,Maruti,2018,900000,50000,Diesel
4656,Swift Dzire VDi,Maruti,2010,310000,120000,Diesel
4657,Ertiga ZDI,Maruti,2013,600000,60000,Diesel
4658,Swift Dzire ZDi,Maruti,2008,270000,149000,Diesel
4659,Santro Sportz BSIV,Hyundai,2019,509999,5000,Petrol
4660,Indica Vista TDI LX,Tata,2013,225000,70000,Diesel
4661,i10 Magna,Hyundai,2015,280000,55000,Petrol
4662,Tiago 1.05 Revotorq XZ WO Alloy,Tata,2016,490000,100000,Diesel
4663,Bolero 2011-2019 Plus AC,Mahindra,2013,440000,120000,Diesel
4664,Safari Storme EX,Tata,2014,500000,291977,Diesel
4665,CR-V 2.4L 4WD,Honda,2005,476999,85000,Petrol
4666,i20 Active 1.2 S,Hyundai,2015,590000,70000,Petrol
4667,Endeavour 2.5L 4X2 MT,Ford,2010,500000,120000,Diesel
4668,EcoSport 1.5 TDCi Titanium BSIV,Ford,2015,600000,40000,Diesel
4669,Scorpio 1.99 S4,Mahindra,2016,750000,70000,Diesel
4670,3 Series 320d GT Luxury Line,BMW,2017,2950000,39000,Diesel
4671,5 Series 520d Luxury Line,BMW,2019,5200000,10000,Diesel
4672,Polo 1.5 TDI Comfortline,Volkswagen,2019,695000,36800,Diesel
4673,Swift Dzire VDI Optional,Maruti,2018,690000,52200,Diesel
4674,Grand i10 1.2 CRDi Magna,Hyundai,2016,409999,78000,Diesel
4675,Harrier XZ Plus,Tata,2020,1650000,16000,Diesel
4676,Q3 2.0 TDI Quattro Premium Plus,Audi,2016,2375000,30000,Diesel
4677,Grand i10 1.2 CRDi Sportz,Hyundai,2017,525000,29000,Diesel
4678,Compass 2.0 Limited Plus 4X4,Jeep,2019,2150000,25000,Diesel
4679,XUV500 W8 2WD,Mahindra,2013,540000,60000,Diesel
4680,Fortuner 4x4 AT,Toyota,2017,2750000,60000,Diesel
4681,Scorpio 1.99 S10 4WD,Mahindra,2016,1000000,112000,Diesel
4682,A4 35 TDI Premium Plus,Audi,2018,2900000,15000,Diesel
4683,TUV 300 mHAWK100 T8,Mahindra,2017,725000,40000,Diesel
4684,Ciaz Alpha Diesel,Maruti,2018,975000,36000,Diesel
4685,Wagon R VXI,Maruti,2016,355000,60000,Petrol
4686,CR-V 2.4L 4WD MT,Honda,2008,400000,120000,Petrol
4687,Alto 800 VXI BSIV,Maruti,2015,265000,48000,Petrol
4688,Polo 2015-2019 1.5 TDI Highline Plus,Volkswagen,2018,650000,40000,Diesel
4689,Ciaz 1.3 Alpha,Maruti,2017,720000,60000,Diesel
4690,Verna 1.6 VTVT S,Hyundai,2016,850000,25000,Petrol
4691,Alto K10 VXI,Maruti,2015,290000,42000,Petrol
4692,E-Class E 250 Elegance,Mercedes-Benz,2010,1200000,35000,Petrol
4693,TUV 300 T8 AMT,Mahindra,2016,600000,90000,Diesel
4694,Ritz VDi,Maruti,2011,300000,90000,Diesel
4695,Pulse RxL,Renault,2012,225000,110000,Diesel
4696,Swift Dzire VDi,Maruti,2009,240000,70000,Diesel
4697,Verna 1.6 SX,Hyundai,2014,700000,80000,Diesel
4698,Swift VDI BSIV,Maruti,2014,470000,70000,Diesel
4699,i20 Active 1.4 SX Dual Tone,Hyundai,2016,800000,80000,Diesel
4700,Duster 110PS Diesel RxZ,Renault,2012,450000,90000,Diesel
4701,Indica V2 DLE BSII,Tata,2007,90000,90000,Diesel
4702,Corolla Altis Diesel D4DG,Toyota,2010,450000,120000,Diesel
4703,Etios Liva GD,Toyota,2012,400000,107500,Diesel
4704,Innova Crysta 2.8 GX AT BSIV,Toyota,2017,1465000,62000,Diesel
4705,Creta 1.6 CRDi SX Plus,Hyundai,2016,925000,79000,Diesel
4706,Innova Crysta 2.4 GX MT BSIV,Toyota,2016,1385000,60000,Diesel
4707,Fortuner 4x4 MT,Toyota,2015,2000000,20000,Diesel
4708,Indigo LS,Tata,2004,80000,248200,Diesel
4709,Scorpio SLX 2.6 Turbo 8 Str,Mahindra,2007,300000,110000,Diesel
4710,Swift Dzire VDi,Maruti,2009,360000,100000,Diesel
4711,Verna Transform CRDi VGT SX ABS,Hyundai,2010,320000,70000,Diesel
4712,Classic 2000 DSZ AC PS,Ambassador,1994,99000,100000,Diesel
4713,Ertiga SHVS ZDI,Maruti,2016,780000,50000,Diesel
4714,Ertiga VDI,Maruti,2013,620000,139000,Diesel
4715,Octavia RS 1.8 Turbo Petrol MT,Skoda,2006,100000,120000,Petrol
4716,Indica Vista Safire GLX,Tata,2014,210000,35000,Petrol
4717,Bolero 2011-2019 SLE,Mahindra,2015,375000,80000,Diesel
4718,Triber RXZ,Renault,2019,786000,7720,Petrol
4719,XUV500 W8 AWD,Mahindra,2014,1000000,50000,Diesel
4720,Zen D,Maruti,2002,120000,60000,Diesel
4721,Verito Vibe 1.5 dCi D6,Mahindra,2016,750000,100000,Diesel
4722,i20 Magna 1.2,Hyundai,2016,550000,57882,Petrol
4723,Safari Storme LX,Tata,2018,875000,142000,Diesel
4724,Safari Storme LX,Tata,2018,890000,140000,Diesel
4725,Ertiga ZXI,Maruti,2015,700000,35000,Petrol
4726,Bolero 2011-2019 SLX,Mahindra,2015,550000,30000,Diesel
4727,GO T Petrol,Datsun,2018,400000,10000,Petrol
4728,Celerio VXI,Maruti,2015,290000,30000,Petrol
4729,Indigo CS LS (TDI) BS III,Tata,2012,150000,90000,Diesel
4730,Eeco 7 Seater Standard BSIV,Maruti,2015,300000,35000,Petrol
4731,Swift 1.3 VXi,Maruti,2009,220000,25000,Petrol
4732,Wagon R LXI,Maruti,2008,221000,35008,Petrol
4733,RediGO T,Datsun,2017,270000,31100,Petrol
4734,Xcent 1.1 CRDi Base,Hyundai,2014,455000,42312,Diesel
4735,Etios G Safety,Toyota,2011,300000,72000,Petrol
4736,Etios Liva 1.4 GD,Toyota,2014,480000,54891,Diesel
4737,Verna CRDi 1.6 AT SX Plus,Hyundai,2018,1000000,30000,Diesel
4738,3 Series 320d Luxury Line Plus,BMW,2017,2600000,44000,Diesel
4739,Innova Crysta 2.8 ZX AT BSIV,Toyota,2017,1850000,18890,Diesel
4740,Santro Magna BSIV,Hyundai,2019,500000,5000,Petrol
4741,Ssangyong Rexton RX7,Mahindra,2013,800000,117000,Diesel
4742,Koleos 2.0 Diesel,Renault,2013,1000000,75010,Diesel
4743,Manza Club Class Quadrajet90 LS,Tata,2013,250000,50000,Diesel
4744,Pulse RxZ Optional,Renault,2012,245000,100000,Diesel
4745,Grand i10 Magna AT,Hyundai,2019,625000,4337,Petrol
4746,Polo 2015-2019 1.0 MPI Trendline,Volkswagen,2018,560000,14495,Petrol
4747,Jazz 1.2 V i VTEC,Honda,2018,680000,8576,Petrol
4748,Swift Dzire VDI,Maruti,2019,700000,30000,Diesel
4749,Indigo eCS LX BSIV,Tata,2013,220000,80000,Diesel
4750,Indigo CS LX (TDI) BS-III,Tata,2017,450000,70000,Diesel
4751,Tigor 1.2 Revotron XZA,Tata,2017,525000,19723,Petrol
4752,Innova 2.5 GX 7 STR,Toyota,2009,650000,242000,Diesel
4753,6 Series GT 630d Luxury Line,BMW,2018,5500000,22000,Diesel
4754,Swift Dzire AMT ZDI Plus,Maruti,2017,875000,30000,Diesel
4755,i20 Asta Option 1.2,Hyundai,2019,785000,9000,Petrol
4756,WR-V i-VTEC VX,Honda,2017,819999,30000,Petrol
4757,3 Series GT Luxury Line,BMW,2016,2950000,60000,Diesel
4758,Innova Crysta 2.4 ZX MT,Toyota,2016,1925000,27000,Diesel
4759,WR-V i-DTEC VX,Honda,2017,885000,39000,Diesel
4760,EcoSport 1.5 Ti VCT AT Titanium BE BSIV,Ford,2015,680000,64000,Petrol
4761,EcoSport 1.5 Diesel Titanium Plus BSIV,Ford,2017,960000,42000,Diesel
4762,Brio 1.2 VX MT,Honda,2012,385000,45000,Petrol
4763,Harrier XZ,Tata,2019,1650000,15000,Diesel
4764,TUV 300 mHAWK100 T8,Mahindra,2018,890000,55000,Diesel
4765,Endeavour 3.0L 4X4 AT,Ford,2015,1275000,64000,Diesel
4766,6 Series GT 630d Luxury Line,BMW,2018,6000000,27000,Diesel
4767,Ciaz Delta Automatic BSIV,Maruti,2019,1025000,15000,Petrol
4768,Polo GT TSI,Volkswagen,2016,675000,69000,Petrol
4769,Swift Dzire ZXI Plus BS IV,Maruti,2017,700000,80000,Petrol
4770,EcoSport 1.5 TDCi Titanium Plus BSIV,Ford,2016,780000,60000,Diesel
4771,Verna 1.6 SX CRDi (O),Hyundai,2017,1050000,70000,Diesel
4772,Q5 45 TDI quattro Technology,Audi,2015,2700000,105000,Diesel
4773,Bolt Quadrajet XE,Tata,2016,400000,100000,Diesel
4774,Bolero 2011-2019 Plus Non AC,Mahindra,2011,400000,100000,Diesel
4775,Alto LX BSIII,Maruti,2009,85000,90000,Petrol
4776,Hexa XM,Tata,2018,1300000,35000,Diesel
4777,TUV 300 mHAWK100 T8,Mahindra,2018,819999,11500,Diesel
4778,TUV 300 T6 Plus AMT,Mahindra,2015,620000,40000,Diesel
4779,KWID 1.0 RXL,Renault,2018,260000,50000,Petrol
4780,Elantra S,Hyundai,2016,805000,49900,Petrol
4781,Grand i10 Asta,Hyundai,2015,484999,55380,Petrol
4782,XE 2016-2019 2.0L Diesel Prestige,Jaguar,2017,2711000,9000,Diesel
4783,Nexon 1.2 Revotron XZ Plus Dual Tone,Tata,2018,811000,11000,Petrol
4784,Jazz 1.2 V AT i VTEC,Honda,2015,575000,50000,Petrol
4785,Compass 2.0 Longitude Option BSIV,Jeep,2018,1675000,80000,Diesel
4786,Rapid 1.6 MPI AT Elegance,Skoda,2016,645000,11000,Petrol
4787,XF Diesel,Jaguar,2015,2500000,13500,Diesel
4788,CLA 200 CGI Sport,Mercedes-Benz,2018,2550000,18000,Petrol
4789,New C-Class C 200 AVANTGARDE,Mercedes-Benz,2017,2700000,16000,Petrol
4790,Ameo 1.2 MPI Highline Plus 16,Volkswagen,2017,650000,18816,Petrol
4791,Innova Crysta 2.4 ZX MT BSIV,Toyota,2017,1748999,33019,Diesel
4792,City V AT,Honda,2017,925000,18000,Petrol
4793,Glanza V CVT,Toyota,2019,894999,9654,Petrol
4794,Alto K10 VXI,Maruti,2011,175000,11000,Petrol
4795,Swift VXI,Maruti,2012,340000,24300,Petrol
4796,Innova Crysta 2.8 ZX AT BSIV,Toyota,2016,1525000,42163,Diesel
4797,Ciaz S 1.3,Maruti,2017,810000,47747,Diesel
4798,Nexon 1.5 Revotorq XZA Plus DualTone,Tata,2018,1025000,8000,Diesel
4799,3 Series 320d Luxury Line,BMW,2016,2150000,30000,Diesel
4800,Innova 2.5 G (Diesel) 8 Seater,Toyota,2013,910000,70000,Diesel
4801,Indica V2 DLX BSIII,Tata,2016,300000,60000,Diesel
4802,Zen LXi - BS III,Maruti,2004,120000,80000,Petrol
4803,i20 Era 1.2,Hyundai,2015,490000,45900,Petrol
4804,Amaze S i-Dtech,Honda,2013,425000,70000,Diesel
4805,Alto LXi,Maruti,2011,155000,40000,Petrol
4806,Scorpio SLE BSIV,Mahindra,2013,490000,90000,Diesel
4807,Alto LXi BSIII,Maruti,2010,132000,105000,Petrol
4808,Elite i20 Diesel Sportz,Hyundai,2018,750000,30000,Diesel
4809,Wagon R VXI BS IV with ABS,Maruti,2011,225000,20000,Petrol
4810,i10 Sportz,Hyundai,2011,240000,80000,Petrol
4811,Wagon R VXI,Maruti,2004,33351,90000,Petrol
4812,Spark 1.0,Chevrolet,2010,80000,80000,Petrol
4813,800 Std,Maruti,2004,40000,120000,Petrol
4814,BRV i-DTEC V MT,Honda,2019,1100000,50000,Diesel
4815,XE 2016-2019 2.0L Diesel Prestige,Jaguar,2017,2711000,9000,Diesel
4816,ES 300h,Lexus,2019,5150000,20000,Petrol
4817,XF 2.0 Diesel Portfolio,Jaguar,2017,3200000,45000,Diesel
4818,Safari Storme EX,Tata,2015,503000,110000,Diesel
4819,XC40 D4 Inscription BSIV,Volvo,2019,3800000,20000,Diesel
4820,Camry 2.5 Hybrid,Toyota,2016,2000000,68089,Petrol
4821,Wagon R LXI,Maruti,2013,225000,58343,Petrol
4822,Baleno Alpha 1.3,Maruti,2018,740000,38817,Diesel
4823,Jazz VX,Honda,2016,550000,56494,Petrol
4824,Innova 2.5 VX (Diesel) 7 Seater,Toyota,2013,750000,79328,Diesel
4825,Swift AMT VVT VXI,Maruti,2019,650000,5621,Petrol
4826,Etios VX,Toyota,2017,625000,25538,Petrol
4827,Swift AMT ZXI,Maruti,2018,600000,69779,Petrol
4828,Grand i10 1.2 CRDi Sportz,Hyundai,2017,450000,56290,Diesel
4829,X4 M Sport X xDrive20d,BMW,2019,5400000,7500,Diesel
4830,X4 M Sport X xDrive20d,BMW,2019,5500000,8500,Diesel
4831,Amaze V CVT Petrol BSIV,Honda,2019,779000,7032,Petrol
4832,Rapid 1.6 MPI AT Elegance,Skoda,2016,645000,11000,Petrol
4833,V40 D3 R-Design,Volvo,2018,2475000,2000,Diesel
4834,Xcent 1.1 CRDi S,Hyundai,2016,380000,80000,Diesel
4835,New Safari DICOR 2.2 EX 4x2,Tata,2011,300000,120000,Diesel
4836,Alto 800 LXI Anniversary Edition,Maruti,2014,240000,50000,Petrol
4837,Swift VDI,Maruti,2011,325000,70000,Diesel
4838,KUV 100 mFALCON D75 K6,Mahindra,2016,400000,130000,Diesel
4839,Lodgy Stepway 85PS RXZ 8S,Renault,2017,800000,50000,Diesel
4840,EcoSport 1.5 Diesel Titanium BSIV,Ford,2018,950000,80000,Diesel
4841,Swift VDI,Maruti,2013,300000,120000,Diesel
4842,Alto 800 LXI,Maruti,2020,350000,5000,Petrol
4843,KUV 100 mFALCON G80 K8 5str AW,Mahindra,2017,530000,59000,Petrol
4844,Enjoy TCDi LTZ 7 Seater,Chevrolet,2013,350000,100000,Diesel
4845,Sonata 2.4L AT,Hyundai,2008,168000,50000,Petrol
4846,KWID RXT,Renault,2016,240000,45000,Petrol
4847,Swift Dzire VDi,Maruti,2010,220000,80000,Diesel
4848,Wagon R LXI Minor,Maruti,2008,110000,80000,Petrol
4849,Vitara Brezza ZDi Plus,Maruti,2016,850000,100000,Diesel
4850,Ertiga VDI,Maruti,2014,545000,110000,Diesel
4851,Innova Crysta 2.4 VX MT 8S BSIV,Toyota,2018,2064000,24000,Diesel
4852,S-Cross 2017-2020 Delta DDiS 200 SH,Maruti,2018,950000,25000,Diesel
4853,EON Magna Plus,Hyundai,2013,200000,68697,Petrol
4854,Swift VDI Optional,Maruti,2017,660000,30000,Diesel
4855,Amaze VX i-DTEC,Honda,2013,420000,40000,Diesel
4856,Indica Vista Aura 1.2 Safire (ABS) 90hp BS IV,Tata,2010,150000,29000,Petrol
4857,Beat Diesel LS,Chevrolet,2013,175000,68000,Diesel
4858,Amaze S CVT i-VTEC,Honda,2018,750000,15000,Petrol
4859,Ritz VDi,Maruti,2014,425000,70000,Diesel
4860,Corolla Altis D-4D G,Toyota,2015,790000,126000,Diesel
4861,Innova 2.5 V Diesel 7-seater,Toyota,2011,830000,300000,Diesel
4862,Mobilio RS i DTEC,Honda,2015,650000,94000,Diesel
4863,Corolla Altis D-4D J,Toyota,2015,780000,129000,Diesel
4864,i10 Magna 1.1L,Hyundai,2010,180000,55000,Petrol
4865,EcoSport 1.5 Diesel Trend Plus BSIV,Ford,2019,869999,40000,Diesel
4866,Manza Aura (ABS) Quadrajet BS IV,Tata,2011,275000,50000,Diesel
4867,i20 1.2 Asta Option,Hyundai,2017,630000,25000,Petrol
4868,Corolla H2,Toyota,2008,150000,60000,Petrol
4869,Alto 800 LXI,Maruti,2016,315000,25000,Petrol
4870,Indigo CR4,Tata,2011,189000,70000,Diesel
4871,Swift Dzire VDI,Maruti,2014,580000,120000,Diesel
4872,Punto 1.3 Emotion,Fiat,2009,150000,153000,Diesel
4873,Vitara Brezza VDi,Maruti,2018,825000,35000,Diesel
4874,Safari Storme VX,Tata,2016,650000,60000,Diesel
4875,City 1.3 EXI,Honda,2004,50000,62000,Petrol
4876,Fabia 1.2 MPI Ambition,Skoda,2011,200000,120000,Petrol
4877,Venture LX 7 Str,Tata,2013,135000,120000,Diesel
4878,i20 2015-2017 Sportz 1.4 CRDi,Hyundai,2017,680000,80000,Diesel
4879,i20 1.4 Sportz,Hyundai,2017,670000,80000,Diesel
4880,5 Series 525d,BMW,2010,1000000,60000,Diesel
4881,Alto K10 2010-2014 VXI,Maruti,2010,240000,80000,Petrol
4882,One SX ABS 7 Seating,Force,2014,555000,147279,Diesel
4883,Rapid 1.6 TDI Ambition Plus,Skoda,2013,455000,98000,Diesel
4884,Swift Dzire VDI,Maruti,2018,750000,25000,Diesel
4885,Swift Dzire AMT ZDI,Maruti,2016,700000,90000,Diesel
4886,Nano XTA,Tata,2016,220000,22000,Petrol
4887,Indica V2 eLX,Tata,2014,160000,120000,Diesel
4888,Sail Hatchback Diesel,Chevrolet,2013,225000,100000,Diesel
4889,Indigo CS LX (TDI) BS III,Tata,2008,140000,120000,Diesel
4890,Swift Dzire VDI,Maruti,2014,600000,70000,Diesel
4891,XUV500 W10 2WD,Mahindra,2015,1000000,24700,Diesel
4892,Spark 1.0 LS,Chevrolet,2008,65000,100000,Petrol
4893,Ignis 1.2 Delta BSIV,Maruti,2019,500000,10000,Petrol
4894,XUV500 W10 2WD,Mahindra,2017,1100000,88754,Diesel
4895,Fiesta 1.6 SXI ABS Duratec,Ford,2011,325000,53287,Petrol
4896,XUV500 W6 2WD,Mahindra,2017,1150000,43526,Diesel
4897,Fabia 1.2 MPI Ambition Plus,Skoda,2012,320000,55885,Petrol
4898,Ecosport 1.5 Diesel Titanium,Ford,2019,950000,16034,Diesel
4899,Figo Diesel EXI,Ford,2012,250000,156040,Diesel
4900,Endeavour 2.5L 4X2 MT,Ford,2004,400000,93415,Diesel
4901,5 Series 520d,BMW,2008,1100000,122000,Diesel
4902,Baleno Delta 1.3,Maruti,2017,600000,20000,Diesel
4903,Swift VVT VXI,Maruti,2017,509999,46000,Petrol
4904,Rapid 1.6 MPI Active BSIV,Skoda,2016,395000,50000,Petrol
4905,Wagon R VXI,Maruti,2018,469000,5000,Petrol
4906,Alto 800 LX Optional,Maruti,2017,250000,42000,Petrol
4907,Spark 1.0 LT,Chevrolet,2011,130000,68519,Petrol
4908,EcoSport 1.5 Diesel Titanium Plus BSIV,Ford,2019,906000,30000,Diesel
4909,Figo Diesel ZXI,Ford,2011,160000,85000,Diesel
4910,Swift Dzire VXi,Maruti,2012,300000,88000,Petrol
4911,800 Uniq,Maruti,2010,60000,100000,Petrol
4912,Swift Dzire VXI,Maruti,2014,400000,100000,Petrol
4913,Tiago XT,Tata,2018,450000,22966,Petrol
4914,Bolero 2011-2019 SLX,Mahindra,2014,465000,80000,Diesel
4915,Swift VDI,Maruti,2012,325000,80000,Diesel
4916,Alto LXi,Maruti,2008,150000,70000,Petrol
4917,EON Era Plus,Hyundai,2014,250000,2350,Petrol
4918,Alto LXi,Maruti,2011,175000,50000,Petrol
4919,Alto LXi,Maruti,2010,175000,58000,Petrol
4920,City 2017-2020 VTEC,Honda,2006,150000,80000,Petrol
4921,Bolero Power Plus SLX,Mahindra,2018,797000,60000,Diesel
4922,Elite i20 Asta Option BSIV,Hyundai,2019,800000,35000,Petrol
4923,Bolero 2011-2019 SLX,Mahindra,2019,750000,59872,Diesel
4924,Scorpio M2DI,Mahindra,2011,400000,140000,Diesel
4925,Alto LX,Maruti,2012,160000,110000,Petrol
4926,Bolero 2011-2019 SLX 2WD BSIII,Mahindra,2016,700000,91182,Diesel
4927,Alto LXi,Maruti,2010,160000,60000,Petrol
4928,i20 Asta 1.4 CRDi,Hyundai,2012,400000,100000,Diesel
4929,Etios Liva GD,Toyota,2013,451000,120000,Diesel
4930,800 Std BSIII,Maruti,2002,40000,80000,Petrol
4931,Manza Aura (ABS) Quadrajet BS IV,Tata,2012,300000,70000,Diesel
4932,Celerio ZXI Optional,Maruti,2017,421000,59500,Petrol
4933,Omni CNG,Maruti,2000,80000,100000,CNG
4934,Vitara Brezza ZDi Plus Dual Tone,Maruti,2016,950000,45000,Diesel
4935,i20 1.4 CRDi Asta,Hyundai,2011,395000,75500,Diesel
4936,Vitara Brezza ZDi Plus Dual Tone,Maruti,2016,950000,46000,Diesel
4937,Alto 800 LXI,Maruti,2013,270000,60000,Petrol
4938,i20 1.4 Asta (AT),Hyundai,2009,360000,60000,Petrol
4939,Swift Ldi BSIII,Maruti,2008,235000,152500,Diesel
4940,E-Class E250 CDI Avantgrade,Mercedes-Benz,2014,1850000,60000,Diesel
4941,Fortuner 4x2 AT,Toyota,2015,1900000,130000,Diesel
4942,Grand i10 Sportz,Hyundai,2017,550000,23456,Petrol
4943,XUV500 W10 2WD,Mahindra,2015,1225000,39000,Diesel
4944,WR-V i-VTEC S,Honda,2017,700000,15000,Petrol
4945,Compass 2.0 Limited Option,Jeep,2017,1650000,69123,Diesel
4946,Brio V MT,Honda,2012,376000,26000,Petrol
4947,Ecosport 1.5 DV5 MT Titanium Optional,Ford,2017,875000,77524,Diesel
4948,i20 Sportz 1.2,Hyundai,2014,459999,40523,Petrol
4949,Swift VDI,Maruti,2018,755000,39000,Diesel
4950,A6 35 TFSI Matrix,Audi,2019,6223000,7800,Petrol
4951,A6 35 TFSI Matrix,Audi,2019,5923000,11500,Petrol
4952,A6 35 TFSI Matrix,Audi,2019,6523000,23600,Petrol
4953,Fortuner 3.0 Diesel,Toyota,2010,1050000,220000,Diesel
4954,Qualis GS C1,Toyota,2004,215000,218000,Diesel
4955,XUV500 W8 4WD,Mahindra,2015,1050000,120000,Diesel
4956,Baleno Alpha Automatic,Maruti,2018,800000,25000,Petrol
4957,Swift VDI BSIV,Maruti,2015,600000,31000,Diesel
4958,Baleno Sigma 1.2,Maruti,2017,530000,42000,Petrol
4959,Swift Dzire VXI,Maruti,2015,450000,80000,Petrol
4960,Alto K10 2010-2014 VXI,Maruti,2011,235000,60000,Petrol
4961,Swift Dzire ZDI,Maruti,2013,550000,240000,Diesel
4962,Rapid 1.6 MPI AT Elegance,Skoda,2013,395000,35000,Petrol
4963,Tigor 1.2 Revotron XT,Tata,2018,450000,35000,Petrol
4964,Triber RXT BSIV,Renault,2019,600000,5000,Petrol
4965,Vitara Brezza VDi Option,Maruti,2016,610000,110000,Diesel
4966,i20 1.2 Asta Option,Hyundai,2017,690000,20000,Petrol
4967,Nexon 1.2 Revotron XZ Plus,Tata,2018,790000,15000,Petrol
4968,Alto K10 2010-2014 VXI,Maruti,2014,254999,40000,Petrol
4969,Jazz 1.2 V i VTEC,Honda,2016,500000,41000,Petrol
4970,Bolero SLX,Mahindra,2011,340000,100000,Diesel
4971,Sumo CX 9 Seater,Tata,2008,150000,120000,Diesel
4972,Bolero SLX,Mahindra,2007,245000,110000,Diesel
4973,Vento 1.5 TDI Comfortline,Volkswagen,2015,515000,120000,Diesel
4974,Grand 1500 DSZ BSIII,Ambassador,2008,122000,60000,Diesel
4975,i10 Magna 1.1L,Hyundai,2009,160000,35000,Petrol
4976,Alto LX,Maruti,2007,110000,120000,Petrol
4977,Swift LDI BSIV,Maruti,2014,360000,70000,Diesel
4978,Swift VDI BSIV,Maruti,2009,210000,110000,Diesel
4979,Verna Transform SX VGT CRDi,Hyundai,2011,260000,90000,Diesel
4980,Alto LXi,Maruti,2007,128000,60000,Petrol
4981,Verna 1.6 CRDi S,Hyundai,2015,600000,80000,Diesel
4982,Fortuner 3.0 Diesel,Toyota,2010,800000,151000,Diesel
4983,Swift Dzire VDI,Maruti,2019,675000,25000,Diesel
4984,XUV500 W10 2WD,Mahindra,2015,1000000,24700,Diesel
4985,Spark 1.0 LS,Chevrolet,2008,65000,100000,Petrol
4986,Ignis 1.2 Delta BSIV,Maruti,2019,500000,10000,Petrol
4987,SX4 Zxi BSIII,Maruti,2010,300000,50000,Petrol
4988,800 AC,Maruti,2009,125000,80000,Petrol
4989,Grand i10 Asta Option,Hyundai,2017,550000,25000,Petrol
4990,Alto LXi,Maruti,2007,150000,80000,Petrol
4991,Scorpio Intelli Hybrid S6 Plus,Mahindra,2017,891000,80000,Diesel
4992,Innova 2.5 VX (Diesel) 7 Seater,Toyota,2015,1050000,70000,Diesel
4993,Baleno RS 1.0 Petrol,Maruti,2018,750000,15000,Petrol
4994,i20 Magna Optional 1.2,Hyundai,2012,380000,27500,Petrol
4995,Innova 2.5 VX (Diesel) 8 Seater,Toyota,2013,800000,110000,Diesel
4996,Logan Petrol 1.4 GLE,Mahindra,2010,200000,120000,Petrol
4997,Ciaz VDi Option SHVS,Maruti,2016,700000,70000,Diesel
4998,Qualis FS B3,Toyota,2002,229999,290000,Diesel
4999,Accord 2.4 MT,Honda,2010,300000,74000,Petrol
5000,Mobilio S i DTEC,Honda,2015,670000,120000,Diesel
5001,City 2017-2020 GXi,Honda,2007,210000,140000,Petrol
5002,Ignis 1.2 Delta BSIV,Maruti,2017,370000,40000,Petrol
5003,Baleno Delta Automatic,Maruti,2019,600000,20000,Petrol
5004,Vitara Brezza VDi,Maruti,2020,810000,15000,Diesel
5005,Palio 1.2,Fiat,2006,80000,35000,Petrol
5006,Tiago 1.2 Revotron XE,Tata,2019,346000,16000,Petrol
5007,City 1.3 EXI,Honda,2005,55000,130000,Petrol
5008,Safari DICOR 2.2 EX 4x2,Tata,2012,250000,118000,Diesel
5009,Swift ZXI BSIII,Maruti,2006,120000,44000,Petrol
5010,Ertiga ZDI,Maruti,2013,600000,50000,Diesel
5011,Eeco 5 Seater AC BSIV,Maruti,2016,330000,60000,Petrol
5012,i20 Sportz Option 1.2,Hyundai,2014,400000,147000,Petrol
5013,Indica V2 DLS TC,Tata,2004,100000,40000,Diesel
5014,Swift Dzire VXI,Maruti,2014,450000,100000,Petrol
5015,Ertiga SHVS ZDI Plus,Maruti,2017,800000,55000,Diesel
5016,Celerio ZDi,Maruti,2015,340000,40000,Diesel
5017,Ritz VDi,Maruti,2010,225000,64000,Diesel
5018,Zen LXI,Maruti,2002,55000,100000,Petrol
5019,Ertiga SHVS ZDI Plus,Maruti,2016,900000,50000,Diesel
5020,S60 D4 SUMMUM,Volvo,2014,2500000,30000,Diesel
5021,Wagon R VXI Plus,Maruti,2018,465000,30000,Petrol
5022,Zen LXI,Maruti,2004,70000,150000,Petrol
5023,Zest Revotron 1.2 XT,Tata,2016,400000,24177,Petrol
5024,Indigo LX,Tata,2012,185000,80000,Diesel
5025,Wagon R LXI,Maruti,2006,140000,150000,Petrol
5026,Lodgy 85PS RxE 7 Seater,Renault,2015,415000,120000,Diesel
5027,Scorpio VLX 2WD AIRBAG BSIV,Mahindra,2012,532000,121779,Diesel
5028,Baleno Delta 1.3,Maruti,2017,600000,56000,Diesel
5029,SX4 Vxi BSIII,Maruti,2008,150000,100000,Petrol
5030,Swift LXI Option,Maruti,2018,459999,12000,Petrol
5031,Vitara Brezza ZDi,Maruti,2017,800000,15381,Diesel
5032,Bolero SLX 4WD BSIII,Mahindra,2011,310000,5000,Diesel
5033,Terrano XV Premium 110 PS,Nissan,2014,475000,40000,Diesel
5034,Wagon R LXI CNG,Maruti,2016,310000,35000,CNG
5035,Alto K10 LXI,Maruti,2018,350000,10000,Petrol
5036,XUV500 W10 AWD,Mahindra,2019,1800000,10000,Diesel
5037,Swift AMT ZXI BSIV,Maruti,2018,640000,25000,Petrol
5038,Wagon R AMT VXI,Maruti,2017,350000,50000,Petrol
5039,Nexon 1.2 Revotron XE,Tata,2018,600000,30000,Petrol
5040,Verna 1.6 CRDi SX,Hyundai,2015,575000,23000,Diesel
5041,Thar CRDe ABS,Mahindra,2019,974000,15000,Diesel
5042,Wagon R AMT VXI,Maruti,2018,445000,5000,Petrol
5043,Ertiga VDI,Maruti,2015,580000,15000,Diesel
5044,Creta 1.4 EX Diesel,Hyundai,2020,1050000,20000,Diesel
5045,EcoSport 1.5 TDCi Titanium BSIV,Ford,2015,600000,50000,Diesel
5046,Figo 1.2P Ambiente MT,Ford,2017,370000,40000,Petrol
5047,Zen Estilo 1.1 VXI BSIII,Maruti,2007,150000,70000,Petrol
5048,Celerio ZXI Optional,Maruti,2017,483000,15000,Petrol
5049,Grand i10 Magna,Hyundai,2016,470000,10000,Petrol
5050,Vitara Brezza ZDi Plus Dual Tone,Maruti,2018,950000,25000,Diesel
5051,Verna 1.6 VTVT,Hyundai,2013,450000,50000,Petrol
5052,Etios VX,Toyota,2011,345000,70000,Petrol
5053,Ignis Zeta AMT,Maruti,2020,600000,5000,Petrol
5054,A-Star Vxi,Maruti,2009,300000,60000,Petrol
5055,Zen Estilo VXI BSIII,Maruti,2007,160000,74800,Petrol
5056,800 AC BSIII,Maruti,2004,120000,80000,Petrol
5057,Eeco CNG 5 Seater AC BSIV,Maruti,2012,220000,270000,CNG
5058,EON 1.0 Era Plus,Hyundai,2018,340000,120000,Petrol
5059,City 2017-2020 EXi,Honda,2007,138000,120000,Petrol
5060,Qualis FS F7,Toyota,2000,100000,250000,Diesel
5061,Swift Dzire VXi,Maruti,2010,231000,80000,Petrol
5062,XUV500 W8 4WD,Mahindra,2013,800000,120000,Diesel
5063,XUV300 W8,Mahindra,2019,960000,20000,Petrol
5064,Wagon R LXI Minor,Maruti,2009,120000,70000,Petrol
5065,Wagon R VXI BS IV,Maruti,2012,270000,40000,Petrol
5066,Ritz LXI,Maruti,2011,200000,100000,Petrol
5067,Swift VXI,Maruti,2012,328000,123000,Petrol
5068,Verna 1.6 SX CRDi (O),Hyundai,2012,432000,77000,Diesel
5069,Polo 1.0 MPI Trendline BSIV,Volkswagen,2019,565000,7000,Petrol
5070,Eeco 5 Seater AC BSIV,Maruti,2017,390000,70000,Petrol
5071,Figo 1.5D Titanium MT,Ford,2017,600000,30000,Diesel
5072,i20 1.4 CRDi Sportz,Hyundai,2011,250000,120000,Diesel
5073,Spark 1.0 LT,Chevrolet,2011,165000,70000,Petrol
5074,City 1.5 S MT,Honda,2011,421000,105000,Petrol
5075,Accent Executive,Hyundai,2012,225000,109322,Petrol
5076,Sunny Diesel XV,Nissan,2013,350000,120000,Diesel
5077,Compass 2.0 Limited,Jeep,2018,1757000,24000,Diesel
5078,Baleno Zeta 1.3,Maruti,2015,600000,70000,Diesel
5079,Tiago NRG Petrol,Tata,2018,515000,35000,Petrol
5080,800 AC,Maruti,1999,80000,80000,Petrol
5081,SX4 S Cross 2015-2017 DDiS 200 Zeta,Maruti,2017,800000,70000,Diesel
5082,Scorpio 2.6 SLX Turbo 7 Seater,Mahindra,2004,120000,100000,Diesel
5083,XE 2016-2019 2.0L Diesel Prestige,Jaguar,2017,2711000,9000,Diesel
5084,ES 300h,Lexus,2019,5150000,20000,Petrol
5085,XF 2.0 Diesel Portfolio,Jaguar,2017,3200000,45000,Diesel
5086,Safari Storme EX,Tata,2015,503000,110000,Diesel
5087,XC40 D4 Inscription BSIV,Volvo,2019,3800000,20000,Diesel
5088,Camry 2.5 Hybrid,Toyota,2016,2000000,68089,Petrol
5089,Wagon R LXI,Maruti,2013,225000,58343,Petrol
5090,Baleno Alpha 1.3,Maruti,2018,740000,38817,Diesel
5091,Jazz VX,Honda,2016,550000,56494,Petrol
5092,Innova 2.5 VX (Diesel) 7 Seater,Toyota,2013,750000,79328,Diesel
5093,Swift AMT VVT VXI,Maruti,2019,650000,5621,Petrol
5094,Etios VX,Toyota,2017,625000,25538,Petrol
5095,Swift AMT ZXI,Maruti,2018,600000,69779,Petrol
5096,Grand i10 1.2 CRDi Sportz,Hyundai,2017,450000,56290,Diesel
5097,X4 M Sport X xDrive20d,BMW,2019,5400000,7500,Diesel
5098,X4 M Sport X xDrive20d,BMW,2019,5500000,8500,Diesel
5099,Amaze V CVT Petrol BSIV,Honda,2019,779000,7032,Petrol
5100,Rapid 1.6 MPI AT Elegance,Skoda,2016,645000,11000,Petrol
5101,V40 D3 R-Design,Volvo,2018,2475000,2000,Diesel
5102,Wagon R Stingray VXI Optional,Maruti,2017,475000,40000,Petrol
5103,Wagon R AMT VXI,Maruti,2015,400000,20000,Petrol
5104,Santro Xing XG AT eRLX Euro II,Hyundai,2004,80000,90000,Petrol
5105,Grande Punto 1.3 Dynamic (Diesel),Fiat,2011,300000,60000,Diesel
5106,Scorpio M2DI,Mahindra,2011,400000,475000,Diesel
5107,Wagon R LX BSIII,Maruti,2009,235000,70000,Petrol
5108,Wagon R VXI BS IV,Maruti,2015,350000,40000,Petrol
5109,Swift Dzire VDI,Maruti,2017,625000,34000,Diesel
5110,XUV500 W6 2WD,Mahindra,2014,525000,120000,Diesel
5111,Tigor 1.2 Revotron XZ,Tata,2018,550000,10000,Petrol
5112,Bolero 2011-2019 SLX,Mahindra,2015,550000,80000,Diesel
5113,City 2017-2020 GXi,Honda,2006,200000,100000,Petrol
5114,Xylo D2,Mahindra,2011,350000,120000,Diesel
5115,City 2017-2020 GXi,Honda,2006,220000,100000,Petrol
5116,Grand i10 Sportz,Hyundai,2016,412000,25000,Petrol
5117,Wagon R LXI Minor,Maruti,2009,126000,52000,Petrol
5118,Swift Dzire VDI,Maruti,2013,430000,63000,Diesel
5119,A-Star Vxi,Maruti,2009,130000,90000,Petrol
5120,Tiago 1.2 Revotron XM,Tata,2017,350000,60000,Petrol
5121,Alto LX,Maruti,2011,220000,35000,Petrol
5122,Bolero DI,Mahindra,2011,380000,80000,Diesel
5123,Figo Diesel ZXI,Ford,2010,200000,110000,Diesel
5124,Fortuner 4x4 MT,Toyota,2015,2000000,20000,Diesel
5125,EcoSport 1.5 TDCi Titanium Plus BSIV,Ford,2015,610000,90000,Diesel
5126,X1 sDrive20i xLine,BMW,2016,2500000,30000,Petrol
5127,Swift Dzire VDI,Maruti,2017,620000,61000,Diesel
5128,Omni Limited Edition,Maruti,2013,150000,66000,Petrol
5129,GO Plus Anniversary Edition,Datsun,2018,450000,80000,Petrol
5130,Creta 1.6 CRDi SX Plus,Hyundai,2017,1150000,27000,Diesel
5131,KUV 100 G80 K8 Dual Tone,Mahindra,2018,500000,60000,Petrol
5132,Wagon R VXI BS IV,Maruti,2011,246000,139000,Petrol
5133,Eeco CNG 5 Seater AC BSIV,Maruti,2017,400000,60000,CNG
5134,800 AC,Maruti,2008,65000,10000,Petrol
5135,Ecosport 1.5 Diesel Titanium,Ford,2016,725000,30000,Diesel
5136,Verna 1.6 SX CRDI (O) AT,Hyundai,2014,736000,125000,Diesel
5137,Swift Dzire VDI,Maruti,2018,700000,45000,Diesel
5138,Spark 1.0 LT,Chevrolet,2011,150000,30000,Petrol
5139,Alto LXi,Maruti,2010,180000,80500,Petrol
5140,Etios Liva VXD,Toyota,2014,409999,200000,Diesel
5141,Bolero 2011-2019 SLX,Mahindra,2013,550000,60000,Diesel
5142,800 AC Uniq,Maruti,2004,50000,18000,Petrol
5143,Zen D,Maruti,2006,80000,110000,Diesel
5144,Alto LX,Maruti,2005,110000,90000,Petrol
5145,City 2017-2020 GXi,Honda,2006,180000,120000,Petrol
5146,Swift Dzire VDI,Maruti,2017,605000,127000,Diesel
5147,Ertiga SHVS ZDI Plus,Maruti,2017,800000,70000,Diesel
5148,i20 1.4 CRDi Sportz,Hyundai,2011,350000,116500,Diesel
5149,i20 Sportz 1.2,Hyundai,2012,300000,120000,Petrol
5150,Verna Xi (Petrol),Hyundai,2008,160000,100000,Petrol
5151,Figo Diesel Titanium,Ford,2011,225000,90000,Diesel
5152,Q7 3.0 TDI Quattro,Audi,2009,1025000,120000,Diesel
5153,Hexa XTA,Tata,2017,1300000,40000,Diesel
5154,Ameo 1.5 TDI Comfortline,Volkswagen,2018,560000,18000,Diesel
5155,Vitara Brezza LDi Option,Maruti,2017,650000,70000,Diesel
5156,XUV500 W7 BSIV,Mahindra,2018,1150000,29000,Diesel
5157,Baleno Delta 1.2,Maruti,2016,480000,65755,Petrol
5158,EcoSport 1.5 Diesel Titanium BSIV,Ford,2019,960000,2600,Diesel
5159,XUV500 AT W6 2WD,Mahindra,2017,1050000,46000,Diesel
5160,EON Era Plus,Hyundai,2017,310000,15000,Petrol
5161,Swift Dzire VDI,Maruti,2014,500000,60000,Diesel
5162,Alto K10 VXI AGS Optional,Maruti,2017,350000,15500,Petrol
5163,Amaze S i-Dtech,Honda,2015,365000,120000,Diesel
5164,Lancer 2.0 GLd,Mitsubishi,2008,165000,120000,Diesel
5165,Spacio Gold-10/6 Str BSII,Tata,2007,100000,120000,Diesel
5166,Bolero SLX,Mahindra,2007,240000,80000,Diesel
5167,Marazzo M2 BSIV,Mahindra,2019,925000,40000,Diesel
5168,Figo Aspire 1.2 Ti-VCT Trend,Ford,2018,590000,15000,Petrol
5169,Aria Pride,Tata,2013,525000,110000,Diesel
5170,Innova 2.5 G (Diesel) 8 Seater,Toyota,2014,720000,80000,Diesel
5171,Duster 110PS Diesel RxL AMT,Renault,2017,850000,50000,Diesel
5172,Scorpio VLS AT 2.2 mHAWK,Mahindra,2010,490000,110000,Diesel
5173,Amaze S i-Dtech,Honda,2013,325000,100000,Diesel
5174,Verna CRDi 1.6 AT SX Option,Hyundai,2019,1200000,20000,Diesel
5175,Bolero 2011-2019 ZLX,Mahindra,2012,450000,135000,Diesel
5176,Indigo CS LS (TDI) BS-III,Tata,2014,300000,50700,Diesel
5177,Polo Diesel Highline 1.2L,Volkswagen,2013,365000,70000,Diesel
5178,New C-Class 200 K AT,Mercedes-Benz,2007,500000,120000,Petrol
5179,Innova 2.5 VX (Diesel) 8 Seater,Toyota,2014,900000,112000,Diesel
5180,Grand i10 1.2 CRDi Sportz,Hyundai,2018,700000,35000,Diesel
5181,Duster 110PS Diesel RxZ,Renault,2017,880000,50000,Diesel
5182,Innova 2.5 GX (Diesel) 7 Seater,Toyota,2014,700000,121000,Diesel
5183,Scorpio 2009-2014 SLE 7S BSIII,Mahindra,2009,380000,120000,Diesel
5184,Corolla H2,Toyota,2006,150000,90000,Petrol
5185,Zen Estilo LXI Green (CNG),Maruti,2014,235000,70000,CNG
5186,KWID 1.0 RXT Optional,Renault,2018,320000,20000,Petrol
5187,Duster 85PS Diesel RxL,Renault,2015,550000,60000,Diesel
5188,5 Series 520d Luxury Line,BMW,2016,3200000,40000,Diesel
5189,Innova 2.5 VX (Diesel) 7 Seater,Toyota,2013,750000,440000,Diesel
5190,TUV 300 T6 Plus,Mahindra,2017,645000,60000,Diesel
5191,Wagon R VXI BS IV,Maruti,2015,300000,110000,Petrol
5192,i20 Active 1.4,Hyundai,2016,580000,152000,Diesel
5193,i20 1.2 Asta,Hyundai,2011,220000,220000,Petrol
5194,Bolero 2011-2019 ZLX BSIII,Mahindra,2013,451000,70000,Diesel
5195,Nexon 1.2 Revotron XZ Plus,Tata,2018,850000,50000,Petrol
5196,Swift Dzire VDi,Maruti,2011,300000,125000,Diesel
5197,Figo 1.2P Trend MT,Ford,2016,350000,60000,Petrol
5198,Eeco CNG HTR 5-STR,Maruti,2014,300000,90000,CNG
5199,Eeco CNG HTR 5-STR,Maruti,2017,390000,30000,CNG
5200,Innova 2.5 VX (Diesel) 8 Seater,Toyota,2016,1200000,90000,Diesel
5201,Ameo 1.2 MPI Comfortline,Volkswagen,2017,550000,20000,Petrol
5202,Swift VDI,Maruti,2012,300000,110000,Diesel
5203,Vento Diesel Highline,Volkswagen,2012,300000,150000,Diesel
5204,i20 1.4 CRDi Sportz,Hyundai,2012,350000,110000,Diesel
5205,Creta 1.6 CRDi SX Option,Hyundai,2015,880000,120000,Diesel
5206,Accent Executive CNG,Hyundai,2010,160000,120000,CNG
5207,Sumo GX,Tata,2012,250000,80000,Diesel
5208,i20 Active 1.4 SX,Hyundai,2016,660000,110000,Diesel
5209,Zest Revotron 1.2T XMS,Tata,2015,450000,40000,Petrol
5210,Polo GT TDI,Volkswagen,2012,400000,110000,Diesel
5211,Scorpio S7 120,Mahindra,2019,1300000,20000,Diesel
5212,Figo Diesel Celebration Edition,Ford,2013,229999,230000,Diesel
5213,Beat LT,Chevrolet,2010,140000,60000,Petrol
5214,Zen Estilo LXI BS IV,Maruti,2012,195000,35000,Petrol
5215,i20 Active Base Petrol,Hyundai,2015,500000,45000,Petrol
5216,Nano Cx BSIII,Tata,2012,60000,45000,Petrol
5217,Zest Revotron 1.2T XM,Tata,2016,400000,25000,Petrol
5218,i20 Magna 1.2,Hyundai,2014,400000,10000,Petrol
5219,Wagon R VXI Optional,Maruti,2018,380000,19000,Petrol
5220,Baleno Delta 1.2,Maruti,2019,579000,10000,Petrol
5221,KUV 100 G80 K2,Mahindra,2019,400000,25000,Petrol
5222,i10 Magna 1.2 iTech SE,Hyundai,2012,270000,30000,Petrol
5223,Bolero 2011-2019 SLX 2WD BSIII,Mahindra,2014,500000,90000,Diesel
5224,Tiago 1.2 Revotron XT,Tata,2017,475000,20000,Petrol
5225,Terrano XL D Option,Nissan,2018,850000,48000,Diesel
5226,Scorpio 2006-2009 VLX 2WD 7 Str BSIII,Mahindra,2009,475000,120000,Diesel
5227,Swift Dzire Ldi BSIV,Maruti,2012,370000,210000,Diesel
5228,i10 Magna 1.1L,Hyundai,2010,187000,200400,Petrol
5229,i10 Magna,Hyundai,2008,195000,110000,Petrol
5230,Safari DICOR 2.2 LX 4x2,Tata,2014,459999,38000,Diesel
5231,Corolla AE,Toyota,2004,135000,90000,Petrol
5232,Ertiga SHVS ZDI Plus,Maruti,2017,850000,43000,Diesel
5233,Santro Asta BSIV,Hyundai,2018,500000,25000,Petrol
5234,Wagon R VXI BS IV,Maruti,2016,385000,26000,Petrol
5235,Verna CRDi SX,Hyundai,2006,135000,120000,Diesel
5236,Alto LXi,Maruti,2008,120000,70000,Petrol
5237,Accord VTi-L MT,Honda,2006,200000,60000,Petrol
5238,New Safari 3L Dicor LX 4x2,Tata,2007,200000,120000,Diesel
5239,Ciaz ZXi,Maruti,2016,700000,20000,Petrol
5240,Indigo CR4,Tata,2013,290000,25000,Diesel
5241,Swift Dzire ZDI Plus,Maruti,2017,725000,60000,Diesel
5242,Sumo EX 10/7 Str BSIII,Tata,2008,200000,80000,Diesel
5243,Omni E MPI STD BS IV,Maruti,2014,155000,80000,Petrol
5244,Amaze S i-VTEC,Honda,2019,690000,1303,Petrol
5245,Q5 35TDI Premium Plus,Audi,2018,3975000,31800,Diesel
5246,ES 300h,Lexus,2019,5150000,20000,Petrol
5247,XF 2.0 Diesel Portfolio,Jaguar,2017,3200000,45000,Diesel
5248,Wrangler 2016-2019 3.6 4X4,Jeep,2017,4100000,17000,Petrol
5249,Camry 2.5 Hybrid,Toyota,2016,2000000,68089,Petrol
5250,Jazz VX,Honda,2016,550000,56494,Petrol
5251,Innova 2.5 VX (Diesel) 7 Seater,Toyota,2013,750000,79328,Diesel
5252,X4 M Sport X xDrive20d,BMW,2019,5400000,7500,Diesel
5253,X4 M Sport X xDrive20d,BMW,2019,5500000,8500,Diesel
5254,Amaze V CVT Petrol BSIV,Honda,2019,779000,7032,Petrol
5255,V40 D3 R-Design,Volvo,2018,2475000,2000,Diesel
5256,E-Class Exclusive E 200 BSIV,Mercedes-Benz,2019,5200000,17000,Petrol
5257,Rover Discovery Sport TD4 SE,Land,2019,4500000,21000,Diesel
5258,S-Class S 350 CDI,Mercedes-Benz,2017,6000000,37000,Diesel
5259,5 Series 520d Sport Line,BMW,2018,4000000,10000,Diesel
5260,Venue SX Plus Turbo DCT BSIV,Hyundai,2019,1125000,3500,Petrol
5261,A4 35 TDI Premium Plus,Audi,2016,1898999,46000,Diesel
5262,CR-V 2.4L 4WD AT AVN,Honda,2017,1650000,52000,Petrol
5263,Swift VXI,Maruti,2011,280000,20000,Petrol
5264,Tigor 1.2 Revotron XE,Tata,2019,450000,25000,Petrol
5265,Esteem LX - BSIII,Maruti,2006,135000,70000,Petrol
5266,XUV500 W4,Mahindra,2014,650000,40000,Diesel
5267,Baleno Delta,Maruti,2020,650000,7300,Petrol
5268,Ciaz 1.3 Sigma,Maruti,2018,750000,25000,Diesel
5269,Alto LXi,Maruti,2010,150000,100000,Petrol
5270,KUV 100 mFALCON D75 K8,Mahindra,2017,500000,35000,Diesel
5271,Etios GD,Toyota,2012,311000,100000,Diesel
5272,Verna 1.6 SX,Hyundai,2013,425000,80000,Diesel
5273,i10 Magna,Hyundai,2010,260000,60000,Petrol
5274,Polo 1.5 TDI Highline,Volkswagen,2014,400000,110000,Diesel
5275,i20 2015-2017 Magna 1.4 CRDi,Hyundai,2017,575000,70000,Diesel
5276,Santro Xing GL,Hyundai,2008,175000,40000,Petrol
5277,SX4 Green Vxi (CNG),Maruti,2010,250000,90000,CNG
5278,Polo GT TDI,Volkswagen,2012,400000,95000,Diesel
5279,Bolero SLX 2WD BSIII,Mahindra,2011,350000,200000,Diesel
5280,Swift VDI BSIV,Maruti,2015,484999,30000,Diesel
5281,Swift VDI BSIV,Maruti,2015,484999,30000,Diesel
5282,CrossPolo 1.5 TDI,Volkswagen,2013,350000,70000,Diesel
5283,Fortuner 4x2 AT TRD Sportivo,Toyota,2014,1400000,80000,Diesel
5284,Swift Dzire VDi,Maruti,2012,250000,100000,Diesel
5285,Swift Dzire ZDI Plus,Maruti,2017,655000,70000,Diesel
5286,Jazz 1.5 V i DTEC,Honda,2016,500000,30000,Diesel
5287,Beat LS,Chevrolet,2016,300000,15000,Petrol
5288,Figo Aspire 1.5 TDCi Titanium,Ford,2018,650000,21000,Diesel
5289,Wagon R VXI 1.2,Maruti,2014,300000,35000,Petrol
5290,Jazz 1.2 VX i VTEC,Honda,2016,475000,25000,Petrol
5291,Tiago 1.2 Revotron XZ WO Alloy,Tata,2017,450000,30000,Petrol
5292,Swift Dzire VDI,Maruti,2019,754000,10000,Diesel
5293,i10 Sportz,Hyundai,2013,300000,40000,Petrol
5294,EON Magna Plus,Hyundai,2014,250000,25000,Petrol
5295,Swift Dzire VDI,Maruti,2018,725000,15000,Diesel
5296,Alto LXi,Maruti,2008,95000,70000,Petrol
5297,Santro Sportz BSIV,Hyundai,2018,475000,7800,Petrol
5298,Safari Storme LX,Tata,2014,575000,55000,Diesel
5299,Tiago 1.2 Revotron XT,Tata,2016,350000,30000,Petrol
5300,Bolero 2011-2019 SLX,Mahindra,2013,330000,125000,Diesel
5301,Swift VXI Deca,Maruti,2016,482000,50000,Petrol
5302,EcoSport 1.5 TDCi Ambiente BSIV,Ford,2017,625000,40000,Diesel
5303,Tiago 1.2 Revotron XM Option,Tata,2017,380000,30000,Petrol
5304,Beat LT,Chevrolet,2016,310000,30000,Petrol
5305,Swift Dzire VXi,Maruti,2009,280000,35000,Petrol
5306,Duster Petrol RXS CVT,Renault,2018,900000,30000,Petrol
5307,Wagon R VXI Minor,Maruti,2010,250000,60000,Petrol
5308,Verna 1.6 VTVT S,Hyundai,2017,750000,39000,Petrol
5309,KWID 1.0 RXT Optional,Renault,2019,420000,15000,Petrol
5310,Amaze S Petrol BSIV,Honda,2019,670000,5000,Petrol
5311,i10 Magna 1.1L,Hyundai,2016,420000,9750,Petrol
5312,Innova Crysta 2.4 ZX MT BSIV,Toyota,2016,1800000,110000,Diesel
5313,WR-V i-VTEC VX,Honda,2018,900000,35000,Petrol
5314,XUV500 W6 2WD,Mahindra,2015,1200000,10000,Diesel
5315,Scorpio 2.6 SLX Turbo 7 Seater,Mahindra,2003,195000,157138,Diesel
5316,Verna CRDi,Hyundai,2007,185000,120000,Diesel
5317,i10 Magna 1.1L,Hyundai,2008,185000,110000,Petrol
5318,XUV500 W9 BSIV,Mahindra,2018,1525000,46000,Diesel
5319,Swift VXI BSIII W/ ABS,Maruti,2006,215000,102000,Petrol
5320,Alto 800 Base,Maruti,2015,210000,50000,Petrol
5321,Innova Crysta 2.4 VX MT BSIV,Toyota,2016,1700000,110000,Diesel
5322,Omni LPG STD BSIV,Maruti,1991,55000,120000,LPG
5323,Innova 2.5 G (Diesel) 7 Seater BS IV,Toyota,2009,530000,285000,Diesel
5324,City i VTEC VX Option,Honda,2015,800000,50000,Petrol
5325,Swift VDI BSIV,Maruti,2014,570000,70000,Diesel
5326,SX4 VDI,Maruti,2012,350000,120000,Diesel
5327,i20 1.4 CRDi Magna,Hyundai,2011,350000,93000,Diesel
5328,Bolero Power Plus SLX,Mahindra,2018,750000,50000,Diesel
5329,Eeco 7 Seater Standard BSIV,Maruti,2011,160000,100000,Petrol
5330,Indigo CS LS DiCOR,Tata,2010,150000,70000,Diesel
5331,Swift VDI BSIV,Maruti,2008,250000,90000,Diesel
5332,Grand i10 1.2 Kappa Sportz BSIV,Hyundai,2019,562000,5000,Petrol
5333,i10 Magna,Hyundai,2012,290000,27000,Petrol
5334,XUV500 W6 2WD,Mahindra,2014,600000,122000,Diesel
5335,Xcent 1.1 CRDi S,Hyundai,2015,401000,74000,Diesel
5336,Swift Dzire AMT ZXI Plus,Maruti,2019,750000,6500,Petrol
5337,Bolero SLX,Mahindra,2007,240000,80000,Diesel
5338,Alto K10 2010-2014 VXI,Maruti,2012,229999,50000,Petrol
5339,Bolero 2011-2019 ZLX,Mahindra,2013,500000,50000,Diesel
5340,Gypsy King ST BSIII,Maruti,2010,350000,80000,Petrol
5341,RediGO T Option,Datsun,2018,217000,25000,Petrol
5342,Sunny XL D,Nissan,2018,670000,35000,Diesel
5343,Alto K10 2010-2014 VXI,Maruti,2011,225000,30000,Petrol
5344,Vitara Brezza ZXI Plus AT Dual Tone,Maruti,2020,737000,10000,Petrol
5345,Celerio LXI,Maruti,2014,300000,80000,Petrol
5346,Indigo LX,Tata,2008,85000,120000,Diesel
5347,Verna Transform VGT CRDi,Hyundai,2010,195000,120000,Diesel
5348,WR-V i-DTEC S,Honda,2017,675000,127991,Diesel
5349,Lancer 2.0 GLd,Mitsubishi,1999,150000,198000,Diesel
5350,Indigo eCS GLX,Tata,2010,290000,65000,Petrol
5351,Esteem Lxi,Maruti,2002,95000,90000,Petrol
5352,Ciaz 1.3 Zeta,Maruti,2018,889000,20000,Diesel
5353,Ameo 1.2 MPI Comfortline,Volkswagen,2016,400000,60000,Petrol
5354,KWID RXT Optional,Renault,2018,390000,13120,Petrol
5355,Compass 2.0 Longitude BSIV,Jeep,2017,1550000,87500,Diesel
5356,Verna 1.6 SX CRDi (O),Hyundai,2014,600000,125000,Diesel
5357,Elite i20 Asta Option CVT BSIV,Hyundai,2018,800000,25000,Petrol
5358,Ertiga ZDI,Maruti,2013,600000,120000,Diesel
5359,Verna 1.6 VTVT SX,Hyundai,2015,795000,35000,Petrol
5360,i20 Asta Option 1.4 CRDi,Hyundai,2016,735000,25000,Diesel
5361,Octavia L and K 1.9 TDI MT,Skoda,2005,250000,120000,Diesel
5362,KWID AMT,Renault,2018,400000,25000,Petrol
5363,Xylo D2 BSIV,Mahindra,2014,395000,140000,Diesel
5364,Accent CRDi,Hyundai,2005,130000,79000,Diesel
5365,Lodgy 85PS RxE,Renault,2015,600000,125000,Diesel
5366,i20 Active 1.4 SX,Hyundai,2016,720000,80000,Diesel
5367,City S,Honda,2011,450000,110000,Petrol
5368,Verna Transform SX VGT CRDi,Hyundai,2010,220000,80000,Diesel
5369,Verna 1.6 SX,Hyundai,2014,545000,100000,Diesel
5370,Vento Diesel Highline,Volkswagen,2011,370000,100000,Diesel
5371,Bolero LX Non AC BSIII,Mahindra,2010,450000,78000,Diesel
5372,i20 Petrol CVT Asta,Hyundai,2018,750000,15000,Petrol
5373,Scorpio S10 7 Seater,Mahindra,2015,1100000,70000,Diesel
5374,Baleno Alpha 1.2,Maruti,2019,711000,5000,Petrol
5375,Alto K10 VXI,Maruti,2016,285000,75000,Petrol
5376,Baleno Alpha,Maruti,2020,749000,5500,Petrol
5377,Duster 110PS Diesel RxL,Renault,2016,550000,80000,Diesel
5378,Swift Dzire VDi,Maruti,2010,300000,120000,Diesel
5379,Baleno Sigma 1.3,Maruti,2017,625000,70000,Diesel
5380,i20 Active 1.2 SX,Hyundai,2017,650000,80000,Petrol
5381,Verna 1.6 SX CRDi (O),Hyundai,2014,575000,120000,Diesel
5382,Swift Dzire VDI,Maruti,2016,631000,75000,Diesel
5383,Verna Transform VGT CRDi,Hyundai,2010,220000,80000,Diesel
5384,Tigor 1.2 Revotron XZ Option,Tata,2017,600000,40000,Petrol
5385,Jeep CL 500 MDI,Mahindra,1997,160000,100000,Diesel
5386,Fiesta Diesel Style,Ford,2012,390000,120000,Diesel
5387,Scorpio 2.6 Turbo 7 Str,Mahindra,2007,375000,110000,Diesel
5388,i20 Asta 1.4 CRDi (Diesel),Hyundai,2010,340000,110000,Diesel
5389,Tiago 2019-2020 XZ Plus Diesel,Tata,2019,670000,2000,Diesel
5390,Swift Dzire VDI,Maruti,2014,530000,80000,Diesel
5391,Alto K10 VXI AGS,Maruti,2015,350000,38000,Petrol
5392,Celerio ZXI Optional,Maruti,2014,415000,46000,Petrol
5393,Ertiga 1.5 ZDI,Maruti,2014,700000,102000,Diesel
5394,X1 sDrive20d M Sport,BMW,2012,925000,96000,Diesel
5395,KWID 1.0 RXT AMT Opt,Renault,2017,375000,20000,Petrol
5396,Swift Dzire VXI,Maruti,2015,575000,16000,Petrol
5397,i20 1.2 Sportz,Hyundai,2013,425000,23000,Petrol
5398,Figo 1.2P Ambiente MT,Ford,2011,245000,25000,Petrol
5399,Verna SX Opt,Hyundai,2015,540000,35000,Petrol
5400,New C-Class C 250 CDI Elegance,Mercedes-Benz,2011,1000000,90000,Diesel
5401,i10 Sportz 1.2,Hyundai,2013,291000,37000,Petrol
5402,Baleno Delta 1.2,Maruti,2017,600000,34000,Petrol
5403,Verna SX,Hyundai,2012,355000,60000,Petrol
5404,i10 Magna,Hyundai,2010,225000,50000,Petrol
5405,Enjoy 1.4 LTZ 7,Chevrolet,2013,350000,37000,Petrol
5406,Alto 800 LXI,Maruti,2012,200000,38000,Petrol
5407,Figo Aspire Facelift,Ford,2017,600000,40000,Diesel
5408,Verna SX Opt,Hyundai,2012,434999,57000,Petrol
5409,i20 1.2 Sportz,Hyundai,2014,440000,62200,Petrol
5410,Ritz VDi,Maruti,2013,390000,77000,Diesel
5411,800 Std,Maruti,1997,50000,110000,Petrol
5412,Swift Dzire 1.2 Vxi BSIV,Maruti,2012,450000,30000,Petrol
5413,Alto LXi BSIII,Maruti,2009,125000,60000,Petrol
5414,Scorpio S4 9 Seater,Mahindra,2014,999000,25000,Diesel
5415,Sumo EX TC,Tata,2005,225000,188000,Diesel
5416,Alto STD,Maruti,2010,85000,150000,Petrol
5417,EON Sportz,Hyundai,2012,150000,40000,Petrol
5418,Duster Adventure Edition,Renault,2014,500000,120000,Diesel
5419,i10 Sportz Option,Hyundai,2011,220000,70000,Petrol
5420,Scorpio S4 9 Seater,Mahindra,2014,999000,25000,Diesel
5421,Creta 1.4 CRDi Base,Hyundai,2017,957000,60000,Diesel
5422,Innova 2.5 G4 Diesel 7-seater,Toyota,2006,1050000,250000,Diesel
5423,RediGO 1.0 S,Datsun,2018,320000,35000,Petrol
5424,Alto K10 VXI,Maruti,2016,300000,15000,Petrol
5425,Swift VDi BSIII W/ ABS,Maruti,2010,270000,98000,Diesel
5426,Accent Executive,Hyundai,2011,170000,62000,Petrol
5427,Cruze LTZ,Chevrolet,2010,270000,90000,Diesel
5428,Beat LS,Chevrolet,2013,140000,110000,Petrol
5429,i10 Magna,Hyundai,2010,170000,90000,Petrol
5430,Marazzo M8,Mahindra,2019,1450000,10000,Diesel
5431,XUV300 W8 Option Diesel BSIV,Mahindra,2019,1200000,25000,Diesel
5432,Elite i20 Sportz Plus Diesel,Hyundai,2019,834000,13000,Diesel
5433,Tiago 1.05 Revotorq XT,Tata,2017,450000,80000,Diesel
5434,Polo 1.5 TDI Comfortline,Volkswagen,2014,575000,40000,Diesel
5435,Swift Dzire ZDI Plus,Maruti,2019,900000,20000,Diesel
5436,800 AC LPG,Maruti,2008,149000,87540,LPG
5437,Spark 1.0 PS LPG,Chevrolet,2007,100000,84000,LPG
5438,Fabia 1.2L Diesel Elegance,Skoda,2011,325000,160000,Diesel
5439,Vento Diesel Comfortline,Volkswagen,2012,400000,100000,Diesel
5440,EON 1.0 Era Plus,Hyundai,2017,250000,35000,Petrol
5441,Optra Magnum 1.6 LT Petrol,Chevrolet,2010,225000,60000,Petrol
5442,Fiesta Classic 1.4 Duratorq LXI,Ford,2012,300000,70000,Diesel
5443,Avventura Power Up 1.3 Emotion,Fiat,2015,459999,60000,Diesel
5444,EcoSport 1.5 TDCi Titanium Plus BSIV,Ford,2016,825000,35000,Diesel
5445,Indica Vista Aqua 1.3 Quadrajet BSIV,Tata,2012,150000,231438,Diesel
5446,Baleno Alpha 1.3,Maruti,2016,710000,71000,Diesel
5447,Swift 1.3 ZXI,Maruti,2008,200000,90000,Petrol
5448,Ritz VDi,Maruti,2016,425000,70000,Diesel
5449,800 Std,Maruti,2007,45000,80000,Petrol
5450,Bolero SLX 2WD BSIII,Mahindra,2011,380000,239451,Diesel
5451,Marshal DI,Mahindra,2000,150000,50000,Diesel
5452,Ritz VDi,Maruti,2009,240000,90000,Diesel
5453,Creta 1.6 CRDi SX,Hyundai,2016,1150000,154000,Diesel
5454,Duster 110PS Diesel RxZ Plus,Renault,2013,520000,109000,Diesel
5455,Swift Dzire VDI,Maruti,2016,675000,120000,Diesel
5456,Indica DLS,Tata,2006,170000,77000,Diesel
5457,Wagon R LXI CNG,Maruti,2012,297000,100000,CNG
5458,New Safari DICOR 2.2 LX 4x2,Tata,2009,250000,110000,Diesel
5459,Accent CRDi,Hyundai,2005,200000,200000,Diesel
5460,Swift VDI BSIV,Maruti,2008,225000,120000,Diesel
5461,Wagon R Stingray VXI,Maruti,2016,380000,39000,Petrol
5462,800 AC,Maruti,2005,40000,96000,Petrol
5463,Vento Konekt Diesel Highline,Volkswagen,2014,575000,90000,Diesel
5464,Swift Vdi BSIII,Maruti,2010,300000,135000,Diesel
5465,Tiago 1.05 Revotorq XE,Tata,2018,450000,90000,Diesel
5466,800 Std MPFi,Maruti,2003,45000,90000,Petrol
5467,Innova 2.5 VX (Diesel) 7 Seater BS IV,Toyota,2010,950000,426000,Diesel
5468,Swift Dzire VDI,Maruti,2017,745000,35000,Diesel
5469,Xcent 1.1 CRDi S,Hyundai,2016,509999,120000,Diesel
5470,i10 Magna,Hyundai,2009,142000,110000,Petrol
5471,A-Star Vxi,Maruti,2009,185000,50000,Petrol
5472,Linea Emotion (Diesel),Fiat,2012,300000,77000,Diesel
5473,City 2017-2020 GXi,Honda,2007,210000,120000,Petrol
5474,Verna Xi (Petrol),Hyundai,2008,260000,120000,Petrol
5475,Swift Dzire LDI,Maruti,2013,430000,190000,Diesel
5476,Scorpio SLE BSIII,Mahindra,2013,600000,110000,Diesel
5477,Figo Petrol EXI,Ford,2010,400000,30000,Petrol
5478,Verna 1.4 CRDi,Hyundai,2012,400000,182000,Diesel
5479,Swift Dzire VDI,Maruti,2017,669000,60000,Diesel
5480,Xcent 1.2 VTVT S,Hyundai,2019,509999,40000,Petrol
5481,i20 Asta Option 1.4 CRDi,Hyundai,2016,616000,112000,Diesel
5482,Scorpio SLE BSIII,Mahindra,2013,530000,80000,Diesel
5483,Verna CRDi SX,Hyundai,2010,190000,90000,Diesel
5484,City i DTEC VX,Honda,2015,700000,140000,Diesel
5485,Sumo MKII CX BS IV,Tata,2012,250000,188000,Diesel
5486,i10 Magna,Hyundai,2014,225000,60000,Petrol
5487,Grand i10 1.2 Kappa Magna BSIV,Hyundai,2017,470000,30000,Petrol
5488,Vitara Brezza ZDi Plus,Maruti,2019,900000,40000,Diesel
5489,Beat Diesel LS,Chevrolet,2013,170000,70000,Diesel
5490,Indigo CS LX (TDI) BS III,Tata,2013,140000,100000,Diesel
5491,Spark 1.0 PS,Chevrolet,2011,95000,44000,Petrol
5492,Ritz LXi,Maruti,2016,280000,110000,Petrol
5493,Scorpio 2009-2014 VLX 2WD 7S BSIV,Mahindra,2012,470000,215000,Diesel
5494,EON Era,Hyundai,2011,129000,80000,Petrol
5495,Beat Diesel LT,Chevrolet,2012,165000,70000,Diesel
5496,i20 Active 1.2 S,Hyundai,2016,600000,25000,Petrol
5497,Wagon R VXI BSIII,Maruti,2012,260000,31000,Petrol
5498,Wagon R VXI,Maruti,2005,70000,50000,Petrol
5499,i20 Asta 1.2,Hyundai,2015,515000,120000,Petrol
5500,Figo Diesel LXI,Ford,2012,225000,60000,Diesel
5501,Swift Dzire LDi,Maruti,2011,270000,60000,Diesel
5502,Safari DICOR 2.2 EX 4x2,Tata,2011,225000,110000,Diesel
5503,Verna 1.6 SX CRDi (O),Hyundai,2012,459999,70000,Diesel
5504,Alto LX,Maruti,2009,115999,110000,Petrol
5505,Rapid 1.5 TDI Active,Skoda,2013,475000,77300,Diesel
5506,E-Class E 220 CDI Avantgarde,Mercedes-Benz,2013,1925000,91500,Diesel
5507,Indica V2 2001-2011 eLX,Tata,2011,165000,75000,Diesel
5508,Swift VDI,Maruti,2015,550000,45000,Diesel
5509,Vitara Brezza ZDi,Maruti,2017,861000,61260,Diesel
5510,EcoSport 1.5 Diesel Titanium Plus BSIV,Ford,2019,1050000,26000,Diesel
5511,Kodiaq 2.0 TDI Style,Skoda,2018,3251000,17601,Diesel
5512,i20 1.4 Asta,Hyundai,2017,750000,43000,Diesel
5513,Swift ZXI BSIV,Maruti,2018,730000,4773,Petrol
5514,Rapid 1.5 TDI AT Style Plus,Skoda,2017,860000,31000,Diesel
5515,BRV i-DTEC V MT,Honda,2017,940000,57900,Diesel
5516,Marazzo M2 BSIV,Mahindra,2019,1075000,8600,Diesel
5517,SX4 S Cross 2015-2017 DDiS 200 Zeta,Maruti,2016,775000,52000,Diesel
5518,Swift ZXI,Maruti,2013,411000,62000,Petrol
5519,Innova 2.5 V Diesel 8-seater,Toyota,2012,911000,155000,Diesel
5520,Polo 1.5 TDI Highline,Volkswagen,2016,540000,66000,Diesel
5521,Rapid 1.5 TDI AT Ambition,Skoda,2016,660000,78010,Diesel
5522,Ertiga SHVS VDI,Maruti,2018,875000,83844,Diesel
5523,Celerio VXI AT,Maruti,2015,411000,23999,Petrol
5524,Baleno Delta Diesel,Maruti,2016,635000,52000,Diesel
5525,Swift VDI,Maruti,2012,350000,145000,Diesel
5526,TUV 300 mHAWK100 T8 Dual Tone,Mahindra,2018,800000,70000,Diesel
5527,Omni MPI STD BSIV,Maruti,2015,180000,25000,Petrol
5528,XF 3.0 Litre S Premium Luxury,Jaguar,2014,2000000,51000,Diesel
5529,Mobilio V i DTEC,Honda,2014,490000,120000,Diesel
5530,Zen Estilo LXI BS IV,Maruti,2010,180000,55000,Petrol
5531,Micra XV CVT,Nissan,2013,310000,91400,Petrol
5532,Accent Executive CNG,Hyundai,2012,275000,48000,CNG
5533,Enjoy TCDi LTZ 7 Seater,Chevrolet,2014,450000,80000,Diesel
5534,KUV 100 mFALCON D75 K6,Mahindra,2017,500000,50000,Diesel
5535,Verna Transform SX VGT CRDi AT BS III,Hyundai,2010,245000,185000,Diesel
5536,Vento Diesel Highline,Volkswagen,2011,275000,125000,Diesel
5537,City 2017-2020 GXi,Honda,2006,200000,178500,Petrol
5538,XUV500 W10 2WD,Mahindra,2017,1500000,66953,Diesel
5539,Micra Diesel XV Premium,Nissan,2012,229999,166000,Diesel
5540,Vento Diesel Comfortline,Volkswagen,2011,280000,131000,Diesel
5541,Wagon R LXI Minor,Maruti,2009,125000,50000,Petrol
5542,Swift ZDI BSIV,Maruti,2015,600000,25000,Diesel
5543,Jazz V,Honda,2018,600000,20000,Petrol
5544,Brio 1.2 VX MT,Honda,2016,411000,60000,Petrol
5545,Eeco 5 Seater AC BSIV,Maruti,2010,150000,170000,Petrol
5546,Ciaz ZDi Plus,Maruti,2015,630000,70000,Diesel
5547,A4 2.0 TDI 177 Bhp Premium Plus,Audi,2013,1200000,110000,Diesel
5548,Swift Dzire AMT VXI BS IV,Maruti,2019,700000,45000,Petrol
5549,Xylo E4 BS IV,Mahindra,2010,250000,60000,Diesel
5550,Enjoy 1.3 TCDi LT 8,Chevrolet,2016,535000,32000,Diesel
5551,TUV 300 T4,Mahindra,2016,600000,60000,Diesel
5552,Accent VIVA CRDi,Hyundai,2003,145000,120000,Diesel
5553,Figo Aspire 1.5 TDCi Trend,Ford,2015,400000,143000,Diesel
5554,Swift Dzire VDI,Maruti,2015,600000,100000,Diesel
5555,Celerio X VXI,Maruti,2018,459999,50000,Petrol
5556,i20 1.4 Asta Option,Hyundai,2018,800000,30000,Diesel
5557,Eeco CNG 5 Seater AC BSIV,Maruti,2017,370000,25000,CNG
5558,Innova 2.5 GX 8 STR BSIV,Toyota,2012,800000,102000,Diesel
5559,Pulse RxL Optional,Renault,2013,290000,90000,Diesel
5560,Swift VDI,Maruti,2018,671000,62000,Diesel
5561,Indigo eCS LX TDI BSIII,Tata,2012,140000,80000,Diesel
5562,Alto Std,Maruti,2011,141000,15000,Petrol
5563,Alto LX,Maruti,2009,125000,70000,Petrol
5564,Indica Vista TDI LS,Tata,2013,150000,90000,Diesel
5565,Wagon R LX Minor,Maruti,2007,125000,100000,Petrol
5566,Grand i10 1.2 Kappa Sportz BSIV,Hyundai,2018,600000,25000,Petrol
5567,i20 1.4 Sportz,Hyundai,2017,700000,40000,Diesel
5568,i20 1.4 Asta Option,Hyundai,2017,700000,70000,Diesel
5569,Swift Dzire VDI,Maruti,2017,740000,40000,Diesel
5570,Indica Vista Aqua 1.4 TDI,Tata,2011,140000,200000,Diesel
5571,Verna CRDi 1.6 SX Option,Hyundai,2018,1150000,35000,Diesel
5572,Octavia Classic 1.9 TDI MT,Skoda,2007,300000,155000,Diesel
5573,Etios G,Toyota,2011,300000,110000,Petrol
5574,Scala Diesel RxE,Renault,2015,530000,110000,Diesel
5575,Grand i10 1.2 CRDi Sportz Option,Hyundai,2017,530000,80000,Diesel
5576,Santro Xing GLS,Hyundai,2011,210000,50000,Petrol
5577,Alto LXi,Maruti,2007,130000,90000,Petrol
5578,Wagon R LXI DUO BSIII,Maruti,2008,148000,80000,LPG
5579,Passat Highline DSG S,Volkswagen,2008,585000,120000,Diesel
5580,i20 1.4 CRDi Magna,Hyundai,2011,270000,105000,Diesel
5581,i10 Magna 1.2 iTech SE,Hyundai,2013,375000,40000,Petrol
5582,XUV500 W6 2WD,Mahindra,2014,725000,141000,Diesel
5583,Bolero LX,Mahindra,2005,350000,15000,Diesel
5584,Verna CRDi ABS,Hyundai,2007,180000,150000,Diesel
5585,Ritz VDi,Maruti,2014,425000,80000,Diesel
5586,EcoSport 1.5 Diesel Titanium BSIV,Ford,2018,900000,25000,Diesel
5587,Sumo Gold CX BSIII,Tata,2017,570000,51000,Diesel
5588,Indica V2 eLS,Tata,2017,290000,40000,Diesel
5589,Figo Diesel ZXI,Ford,2011,229999,40000,Diesel
5590,Figo Diesel EXI,Ford,2012,300000,70000,Diesel
5591,Ritz VDi,Maruti,2010,220000,110000,Diesel
5592,Cruze LTZ,Chevrolet,2011,409999,80000,Diesel
5593,Enjoy TCDi LT 7 Seater,Chevrolet,2013,355000,136000,Diesel
5594,Duster RXL AWD,Renault,2013,695000,120000,Diesel
5595,Swift Dzire Vdi BSIV,Maruti,2010,320000,120000,Diesel
5596,TUV 300 T8,Mahindra,2017,710000,120000,Diesel
5597,Indica V2 DLS TC,Tata,2004,85000,120000,Diesel
5598,Tavera Neo 3 LT 9 Seats BSIV,Chevrolet,2010,409999,210000,Diesel
5599,Polo 1.5 TDI Highline,Volkswagen,2015,550000,90000,Diesel
5600,Swift ZXI ABS,Maruti,2007,215000,100750,Petrol
5601,Accent GLS 1.6 ABS,Hyundai,2006,110000,140000,Petrol
5602,City 2017-2020 EXi,Honda,2007,170000,110000,Petrol
5603,Nexon 1.2 Revotron XZ Plus,Tata,2018,850000,40000,Petrol
5604,i20 Asta 1.4 CRDi (Diesel),Hyundai,2010,350000,148000,Diesel
5605,Santro AT,Hyundai,2005,120000,190000,Petrol
5606,Indica Vista Quadrajet LS,Tata,2015,250000,155000,Diesel
5607,Figo Aspire 1.5 TDCi Titanium,Ford,2015,433000,70000,Diesel
5608,Fortuner 3.0 Diesel,Toyota,2010,1200000,100000,Diesel
5609,EON D Lite Plus,Hyundai,2015,300000,45000,Petrol
5610,Zen LX BSII,Maruti,1998,70000,40000,Petrol
5611,Bolero 2011-2019 EX AC,Mahindra,2017,760000,90000,Diesel
5612,EON Era Plus,Hyundai,2014,250000,20000,Petrol
5613,Santro Xing GL Plus,Hyundai,2013,187000,120000,Petrol
5614,XE 2016-2019 2.0L Diesel Prestige,Jaguar,2017,2711000,9000,Diesel
5615,ES 300h,Lexus,2019,5150000,20000,Petrol
5616,XF 2.0 Diesel Portfolio,Jaguar,2017,3200000,45000,Diesel
5617,Safari Storme EX,Tata,2015,503000,110000,Diesel
5618,XC40 D4 Inscription BSIV,Volvo,2019,3800000,20000,Diesel
5619,Camry 2.5 Hybrid,Toyota,2016,2000000,68089,Petrol
5620,Wagon R LXI,Maruti,2013,225000,58343,Petrol
5621,Baleno Alpha 1.3,Maruti,2018,740000,38817,Diesel
5622,Jazz VX,Honda,2016,550000,56494,Petrol
5623,Innova 2.5 VX (Diesel) 7 Seater,Toyota,2013,750000,79328,Diesel
5624,Swift AMT VVT VXI,Maruti,2019,650000,5621,Petrol
5625,Etios VX,Toyota,2017,625000,25538,Petrol
5626,Swift AMT ZXI,Maruti,2018,600000,69779,Petrol
5627,Grand i10 1.2 CRDi Sportz,Hyundai,2017,450000,56290,Diesel
5628,X4 M Sport X xDrive20d,BMW,2019,5400000,7500,Diesel
5629,X4 M Sport X xDrive20d,BMW,2019,5500000,8500,Diesel
5630,Amaze V CVT Petrol BSIV,Honda,2019,779000,7032,Petrol
5631,Rapid 1.6 MPI AT Elegance,Skoda,2016,645000,11000,Petrol
5632,V40 D3 R-Design,Volvo,2018,2475000,2000,Diesel
5633,Swift VDI,Maruti,2013,335000,90000,Diesel
5634,Swift Dzire VXI,Maruti,2016,488000,80000,Petrol
5635,SX4 Zxi with Leather BSIII,Maruti,2008,111000,110000,Petrol
5636,Ciaz VDi Plus,Maruti,2015,600000,70000,Diesel
5637,Swift VXI,Maruti,2020,570000,5000,Petrol
5638,Santro Xing XS,Hyundai,2007,110000,75000,Petrol
5639,Swift ZXI,Maruti,2014,434999,50000,Petrol
5640,EON Era Plus,Hyundai,2014,229999,70000,Petrol
5641,Terrano XL Plus 85 PS,Nissan,2014,490000,90000,Diesel
5642,Swift Dzire VXi,Maruti,2011,300000,100000,Petrol
5643,Beat LT,Chevrolet,2017,350000,90000,Petrol
5644,WR-V i-VTEC VX,Honda,2019,580000,35000,Petrol
5645,Indigo CS eLX BS IV,Tata,2017,385000,155000,Diesel
5646,Santro Magna,Hyundai,2019,434999,19500,Petrol
5647,Fortuner 2.8 4WD MT BSIV,Toyota,2018,3200000,50000,Diesel
5648,i20 Asta Option 1.2,Hyundai,2015,495000,30000,Petrol
5649,i20 Asta Option 1.4 CRDi,Hyundai,2016,575000,53000,Diesel
5650,Indigo CS LX (TDI) BS-III,Tata,2013,200000,120000,Diesel
5651,Verito 1.5 D2 BSIV,Mahindra,2012,140000,120000,Diesel
5652,Fiesta Classic 1.4 Duratorq CLXI,Ford,2012,300000,64000,Diesel
5653,Sail 1.2 LS ABS,Chevrolet,2015,350000,50000,Petrol
5654,Indigo CS LX (TDI) BS-III,Tata,2015,250000,80000,Diesel
5655,Manza Club Class Quadrajet90 VX,Tata,2013,280000,80000,Diesel
5656,Xcent 1.2 VTVT S,Hyundai,2017,600000,5000,Petrol
5657,Verna 1.6 VTVT S Option,Hyundai,2015,700000,25000,Petrol
5658,City i DTec V,Honda,2014,560000,72000,Diesel
5659,Swift VDI BSIV W ABS,Maruti,2016,565000,72000,Diesel
5660,Lodgy World Edition 110PS,Renault,2017,880000,65000,Diesel
5661,Bolero DI AC BSIII,Mahindra,2005,250000,80000,Diesel
5662,Bolero 2011-2019 Plus AC,Mahindra,2016,550000,120000,Diesel
5663,Xcent 1.2 CRDi E,Hyundai,2018,530000,60000,Diesel
5664,XUV500 W6 2WD,Mahindra,2013,750000,110000,Diesel
5665,Alto 800 LXI,Maruti,2017,310000,35000,Petrol
5666,Ertiga ZDI,Maruti,2014,620000,130000,Diesel
5667,Swift VDI,Maruti,2013,400000,188000,Diesel
5668,Indica V2 DLX,Tata,2008,67000,80000,Diesel
5669,Figo 1.5D Titanium MT,Ford,2015,480000,80000,Diesel
5670,Omni MPI STD BSIII 8-STR W/ IMMOBILISER,Maruti,2008,110000,48676,Petrol
5671,Santro Xing XL eRLX Euro II,Hyundai,2006,105000,60000,Petrol
5672,GO Plus Anniversary Edition,Datsun,2018,475000,40000,Petrol
5673,Etios Liva GD,Toyota,2012,275000,120000,Diesel
5674,Indica DLX,Tata,2003,40000,70000,Diesel
5675,Alto 800 VXI,Maruti,2018,300000,15000,Petrol
5676,Alto LXi,Maruti,2007,100000,70000,Petrol
5677,Indica Vista Terra TDI BSIII,Tata,2011,70000,80000,Diesel
5678,EcoSport 1.5 TDCi Titanium BSIV,Ford,2017,900000,60000,Diesel
5679,Etios 1.4 VXD,Toyota,2017,650000,120000,Diesel
5680,Santro DX,Hyundai,2003,55000,120000,Petrol
5681,Zen LXI,Maruti,2000,50000,180000,Petrol
5682,Grand i10 Asta,Hyundai,2016,550000,70000,Petrol
5683,Duster 85PS Diesel RxL Optional,Renault,2013,475000,250000,Diesel
5684,Santro Era,Hyundai,2019,425000,15000,Petrol
5685,Ciaz ZDi Plus SHVS,Maruti,2017,900000,65000,Diesel
5686,i20 Sportz 1.2,Hyundai,2015,516000,90000,Petrol
5687,Indica Vista Aura 1.2 Safire (ABS) 90hp BS IV,Tata,2011,150000,70000,Petrol
5688,Wagon R LXI BS IV,Maruti,2016,400000,30000,Petrol
5689,Scorpio S4 Plus,Mahindra,2016,800000,79500,Diesel
5690,Santro Xing XS,Hyundai,2007,165000,90000,Petrol
5691,Terrano XL 85 PS,Nissan,2015,1000000,110000,Diesel
5692,Swift Dzire VDI,Maruti,2015,440000,110000,Diesel
5693,Verna 1.6 SX CRDi (O),Hyundai,2011,390000,153000,Diesel
5694,Fiesta 1.4 Duratec ZXI,Ford,2008,136000,200185,Petrol
5695,Swift Dzire ZDI,Maruti,2013,475000,149000,Diesel
5696,Figo 1.5D Titanium MT,Ford,2016,515000,100000,Diesel
5697,Venture EX 7 Str,Tata,2012,175000,90000,Diesel
5698,SX4 ZDI Leather,Maruti,2012,380000,80000,Diesel
5699,Etios Liva GD SP,Toyota,2012,405000,150000,Diesel
5700,Ignis 1.2 Delta BSIV,Maruti,2018,535000,12000,Petrol
5701,i10 Magna,Hyundai,2011,215000,40000,Petrol
5702,Zen LXI,Maruti,1997,70000,100000,Petrol
5703,Grand i10 1.2 Kappa Magna BSIV,Hyundai,2017,445000,27000,Petrol
5704,Wagon R VXI BS IV,Maruti,2015,335000,120000,Petrol
5705,Bolero 2011-2019 ZLX,Mahindra,2015,600000,80000,Diesel
5706,Eeco 5 Seater AC BSIV,Maruti,2014,300000,49025,Petrol
5707,Nano Twist XE,Tata,2015,110000,15000,Petrol
5708,Alto K10 LXI,Maruti,2014,240000,90000,Petrol
5709,Tiago 1.2 Revotron XE,Tata,2016,300000,90000,Petrol
5710,7 Series 730Ld,BMW,2010,2000000,90000,Diesel
5711,Indica V2 DLE BSII,Tata,2007,50000,80000,Diesel
5712,Tavera B1-10 seats BSII,Chevrolet,2009,295000,195000,Diesel
5713,Scorpio 2.6 CRDe,Mahindra,2006,310000,90000,Diesel
5714,800 AC,Maruti,1997,29999,80000,Petrol
5715,City i VTEC VX Option BL,Honda,2016,925000,22000,Petrol
5716,Vitara Brezza LDi Option,Maruti,2016,640000,70000,Diesel
5717,Swift Dzire 1.2 Vxi BSIV,Maruti,2012,350000,35000,Petrol
5718,Swift Dzire VXI,Maruti,2013,385000,120000,Petrol
5719,Swift Dzire VDI,Maruti,2013,409999,100000,Diesel
5720,XUV500 AT W10 AWD,Mahindra,2016,1300000,40000,Diesel
5721,Fiesta 1.6 Duratec EXI,Ford,2009,210000,60000,Petrol
5722,Scorpio SLX 2.6 Turbo 8 Str,Mahindra,2007,300000,110000,Diesel
5723,Scorpio 2006-2009 LX 2.6 Turbo 9 Str,Mahindra,2008,450000,112000,Diesel
5724,Figo Diesel ZXI,Ford,2011,170000,70000,Diesel
5725,City i DTEC VX,Honda,2014,650000,140000,Diesel
5726,Esteem AX,Maruti,1997,125000,94000,Petrol
5727,Alto LXi,Maruti,2012,145000,70000,Petrol
5728,Polo 2015-2019 1.5 TDI Highline Plus,Volkswagen,2018,681000,27000,Diesel
5729,City i DTEC VX,Honda,2015,635000,173000,Diesel
5730,Alto LXi BSIII,Maruti,2010,140000,80000,Petrol
5731,City i DTec VX,Honda,2016,750000,86000,Diesel
5732,City i DTEC V,Honda,2015,611000,80000,Diesel
5733,Alto LXi,Maruti,2007,110000,120000,Petrol
5734,Wagon R AX BSIII,Maruti,2006,100000,100000,Petrol
5735,Indica Vista Quadrajet VX Tech,Tata,2014,225000,120000,Diesel
5736,Verna Transform CRDi VGT SX ABS,Hyundai,2010,250000,190000,Diesel
5737,Scorpio EX,Mahindra,2011,385000,120000,Diesel
5738,Alto LXi,Maruti,2012,135000,70000,Petrol
5739,Alto LX,Maruti,2006,65000,100000,Petrol
5740,Alto K10 VXI,Maruti,2016,260000,120000,Petrol
5741,Swift Dzire VDI,Maruti,2014,465000,120000,Diesel
5742,Swift 1.3 VXi,Maruti,2007,150000,80000,Petrol
5743,KUV 100 mFALCON G80 K8 Dual Tone,Mahindra,2017,430000,20000,Petrol
5744,i20 Asta,Hyundai,2009,200000,81000,Petrol
5745,Beat LS,Chevrolet,2011,125000,90000,Petrol
5746,800 Std,Maruti,2001,45000,60000,Petrol
5747,Beat LS,Chevrolet,2012,124000,40000,Petrol
5748,Indica GLS BS IV,Tata,2007,80000,80000,Petrol
5749,Ertiga VXI CNG Limited Edition,Maruti,2014,545000,35000,CNG
5750,Ertiga ZDI Plus,Maruti,2019,1050000,20000,Diesel
5751,Sail 1.2 LS,Chevrolet,2015,200000,50000,Petrol
5752,XUV500 AT W10 FWD,Mahindra,2015,1100000,77000,Diesel
5753,XUV500 W6 2WD,Mahindra,2014,750000,50000,Diesel
5754,Tiago 1.2 Revotron XZ,Tata,2016,425000,13500,Petrol
5755,Alto 800 LXI Optional,Maruti,2016,300000,38000,Petrol
5756,Ertiga ZDI Plus,Maruti,2019,1200000,14000,Diesel
5757,Civic 1.8 V MT,Honda,2009,240000,70000,Petrol
5758,KUV 100 mFALCON D75 K8,Mahindra,2016,450000,55000,Diesel
5759,Wagon R LXI,Maruti,2006,80000,150000,Petrol
5760,Bolero 2011-2019 SLX 2WD BSIII,Mahindra,2013,500000,160000,Diesel
5761,Sail Hatchback Diesel Base,Chevrolet,2013,295000,50000,Diesel
5762,Indigo CS LE (TDI) BS-III,Tata,2008,100000,120000,Diesel
5763,Verna 1.6 SX,Hyundai,2013,700000,76460,Diesel
5764,Figo Diesel Titanium,Ford,2011,180000,125000,Diesel
5765,Verito 1.5 D2 BSIII,Mahindra,2012,225000,110000,Diesel
5766,EON Era Plus,Hyundai,2017,310000,25000,Petrol
5767,City i DTEC SV,Honda,2015,625000,30000,Diesel
5768,i10 Magna LPG,Hyundai,2013,275000,70000,LPG
5769,i10 Era,Hyundai,2013,245000,110000,Petrol
5770,Zen Estilo VXI BSIV,Maruti,2010,160000,200000,Petrol
5771,EON Era Plus,Hyundai,2014,250000,80000,Petrol
5772,Amaze E i-Dtech,Honda,2014,450000,76000,Diesel
5773,Indica V2 DLS,Tata,2007,85000,150000,Diesel
5774,Innova Crysta 2.4 VX MT BSIV,Toyota,2018,1938000,35000,Diesel
5775,i20 2015-2017 Magna 1.2,Hyundai,2016,550000,40000,Petrol
5776,EcoSport 1.5 TDCi Trend Plus BSIV,Ford,2015,551000,110000,Diesel
5777,Xcent 1.2 VTVT E,Hyundai,2019,500000,60000,Petrol
5778,Amaze S i-VTEC,Honda,2018,585000,15000,Petrol
5779,Accent Executive,Hyundai,2013,172000,120000,Petrol
5780,Verna 1.6 SX,Hyundai,2012,360000,100000,Diesel
5781,Tiago 1.05 Revotorq XT Option,Tata,2017,350000,24000,Diesel
5782,EcoSport 1.5 Diesel Trend Plus BSIV,Ford,2018,700000,53000,Diesel
5783,Alto LXi,Maruti,2011,148000,40000,Petrol
5784,Eeco CNG HTR 5-STR,Maruti,2016,330000,47370,CNG
5785,Octavia Ambiente 1.9 TDI MT,Skoda,2007,110000,120000,Diesel
5786,Swift VDI Windsong Limited edition,Maruti,2015,450000,100000,Diesel
5787,Captiva LT,Chevrolet,2009,260000,80000,Diesel
5788,i10 Sportz,Hyundai,2011,200000,91000,Petrol
5789,Alto K10 LXI CNG,Maruti,2019,430000,20000,CNG
5790,Scorpio SLE BSIII,Mahindra,2013,550000,80000,Diesel
5791,Ritz LDi,Maruti,2013,245000,80000,Diesel
5792,Eeco CNG 5 Seater AC BSIV,Maruti,2016,320000,80000,CNG
5793,Accent GLE CNG,Hyundai,2008,120000,110000,CNG
5794,Elantra CRDi SX,Hyundai,2013,615000,120000,Diesel
5795,Superb Elegance 2.0 TDI CR AT,Skoda,2013,600000,90000,Diesel
5796,Passat 1.8 TSI MT,Volkswagen,2010,300000,120000,Petrol
5797,Figo 1.5D Trend MT,Ford,2016,400000,45217,Diesel
5798,Creta 1.6 CRDi AT SX Plus,Hyundai,2017,1000000,60000,Diesel
5799,Sonata 2.4 GDi MT,Hyundai,2012,525000,70000,Petrol
5800,Grande Punto 1.3 Emotion (Diesel),Fiat,2013,300000,133000,Diesel
5801,Grande Punto 1.3 Emotion (Diesel),Fiat,2011,220000,117000,Diesel
5802,XUV500 W8 4WD,Mahindra,2015,850000,173000,Diesel
5803,City 1.5 V MT,Honda,2011,500000,35000,Petrol
5804,Accent GLE,Hyundai,2003,59000,70000,Petrol
5805,Alto LX,Maruti,2011,130000,60000,Petrol
5806,Polo 1.2 MPI Comfortline,Volkswagen,2016,375000,120000,Petrol
5807,Fiesta 1.4 SXi TDCi,Ford,2009,180000,163000,Diesel
5808,Polo Diesel Trendline 1.2L,Volkswagen,2011,220000,222300,Diesel
5809,Innova 2.5 EV (Diesel) PS 7 Seater BS IV,Toyota,2013,625000,100000,Diesel
5810,Ritz LDi,Maruti,2013,295000,120000,Diesel
5811,Swift VDI BSIV,Maruti,2011,350000,160000,Diesel
5812,Sumo MKII Turbo 2.0 LX,Tata,2010,235000,90000,Diesel
5813,Sonata 2.4 GDi MT,Hyundai,2012,500000,330000,Petrol
5814,Swift VVT VXI,Maruti,2017,509999,20000,Petrol
5815,Alto 800 LXI CNG,Maruti,2020,370000,16000,CNG
5816,Grand i10 Sportz,Hyundai,2016,370000,30000,Petrol
5817,Swift 1.3 VXi,Maruti,2009,180000,50000,Petrol
5818,Quanto C8,Mahindra,2012,300000,210000,Diesel
5819,i10 Sportz 1.1L,Hyundai,2015,350000,20000,Petrol
5820,KWID 1.0 RXT Optional,Renault,2018,395000,20000,Petrol
5821,Innova 2.5 G (Diesel) 8 Seater,Toyota,2015,850000,100000,Diesel
5822,Innova 2.5 VX (Diesel) 7 Seater,Toyota,2015,1150000,40000,Diesel
5823,XF 3.0 Litre S Premium Luxury,Jaguar,2016,3500000,35000,Diesel
5824,Vento Diesel Highline,Volkswagen,2012,280000,120000,Diesel
5825,TUV 300 T10,Mahindra,2018,775000,50000,Diesel
5826,Verna 1.6 SX,Hyundai,2012,420000,100000,Diesel
5827,City 1.5 V MT Exclusive,Honda,2010,310000,91000,Petrol
5828,Compass 2.0 Longitude Option BSIV,Jeep,2017,1550000,50000,Diesel
5829,Linea 1.3 Multijet Active,Fiat,2015,375000,67000,Diesel
5830,Grand i10 Sportz,Hyundai,2015,500000,40000,Petrol
5831,Ritz ZDi,Maruti,2013,300000,100000,Diesel
5832,City 2017-2020 GXi,Honda,2008,155000,120000,Petrol
5833,Swift Dzire LDI,Maruti,2013,350000,185000,Diesel
5834,XUV500 AT W6 2WD,Mahindra,2016,950000,75000,Diesel
5835,Grand i10 CRDi Magna,Hyundai,2015,350000,80000,Diesel
5836,D-Max V-Cross Z Prestige,Isuzu,2019,1900000,30000,Diesel
5837,Nexon 1.2 Revotron XM,Tata,2020,537000,5000,Petrol
5838,Polo 2015-2019 1.0 MPI Comfortline,Volkswagen,2019,585000,10000,Petrol
5839,Santro LP - Euro II,Hyundai,2002,56000,60000,Petrol
5840,Ertiga VDI,Maruti,2012,350000,140000,Diesel
5841,Elite i20 Sportz Plus BSIV,Hyundai,2019,700000,19000,Petrol
5842,Ertiga SHVS VDI,Maruti,2017,849000,44600,Diesel
5843,Polo GT TSI BSIV,Volkswagen,2014,574000,28080,Petrol
5844,i20 Magna 1.2,Hyundai,2014,484999,28800,Petrol
5845,KWID RXT,Renault,2018,360000,21900,Petrol
5846,Polo GT TSI BSIV,Volkswagen,2014,575000,28100,Petrol
5847,City i DTEC S,Honda,2014,550000,110000,Diesel
5848,i20 Asta 1.4 CRDi,Hyundai,2016,700000,100000,Diesel
5849,Swift Dzire AMT VDI,Maruti,2019,825000,7673,Diesel
5850,Wagon R LXI Minor,Maruti,2008,114999,100000,Petrol
5851,Manza Aqua Safire,Tata,2009,150000,75000,Petrol
5852,Swift Dzire AMT ZDI Plus,Maruti,2018,851000,50000,Diesel
5853,Verna 1.4 VTVT,Hyundai,2014,550000,40000,Petrol
5854,Ertiga SHVS VDI,Maruti,2016,890000,40000,Diesel
5855,i20 1.2 Magna,Hyundai,2012,265000,100000,Petrol
5856,Scorpio 1.99 S10,Mahindra,2014,900000,110000,Diesel
5857,Beat Diesel LS,Chevrolet,2013,210000,96272,Diesel
5858,3 Series 320d Prestige,BMW,2015,1650000,74000,Diesel
5859,Innova 2.5 EV Diesel MS 7 Str BSIII,Toyota,2011,750000,168000,Diesel
5860,Aspire Titanium BSIV,Ford,2019,675000,7000,Petrol
5861,i20 Active 1.4 SX with AVN,Hyundai,2017,715000,60000,Diesel
5862,Indigo CS eVX,Tata,2013,227999,60000,Diesel
5863,Wagon R VXI BS IV,Maruti,2015,400000,22500,Petrol
5864,Vitara Brezza ZDi AMT,Maruti,2020,925000,7400,Diesel
5865,Swift Dzire VXi,Maruti,2011,275000,70000,Petrol
5866,Wagon R LXI Minor,Maruti,2009,175000,67000,Petrol
5867,Fusion 1.4 TDCi Diesel,Ford,2009,155000,110000,Diesel
5868,SX4 VDI,Maruti,2012,325000,175000,Diesel
5869,Scorpio LX BSIV,Mahindra,2014,700000,120000,Diesel
5870,Indica V2 DiCOR DLG BS-III,Tata,2008,50000,120000,Diesel
5871,Scorpio LX,Mahindra,2012,450000,370000,Diesel
5872,Verna 1.6 SX CRDi (O),Hyundai,2014,645000,150360,Diesel
5873,Tigor 1.05 Revotorq XZ,Tata,2017,597000,15000,Diesel
5874,KWID AMT,Renault,2018,400000,30000,Petrol
5875,Swift Vdi BSIII,Maruti,2009,300000,150000,Diesel
5876,Swift VDI BSIV,Maruti,2015,573000,100000,Diesel
5877,Alto K10 LXI,Maruti,2011,180000,70000,Petrol
5878,Nano Lx,Tata,2011,70000,40000,Petrol
5879,Innova 2.5 G (Diesel) 8 Seater BS IV,Toyota,2008,500000,154000,Diesel
5880,Accent GLS 1.6 ABS,Hyundai,2004,110000,110000,Petrol
5881,Ertiga VDI,Maruti,2013,450000,120000,Diesel
5882,Sumo Gold GX,Tata,2013,310000,145000,Diesel
5883,KUV 100 D75 K8,Mahindra,2017,400000,30000,Diesel
5884,Swift ZDi,Maruti,2014,390000,90000,Diesel
5885,Alto LXi,Maruti,2011,122000,110000,Petrol
5886,Scorpio 1.99 S4,Mahindra,2016,741000,70000,Diesel
5887,i20 1.4 CRDi Sportz,Hyundai,2012,330000,40000,Diesel
5888,Scorpio SLE BSIV,Mahindra,2010,300000,166000,Diesel
5889,i10 Sportz,Hyundai,2011,215000,100000,Petrol
5890,Wagon R LXI Minor,Maruti,2009,150000,75000,Petrol
5891,EON Era,Hyundai,2013,250000,42130,Petrol
5892,Ritz LXI,Maruti,2010,180000,53000,Petrol
5893,Zen LXI,Maruti,2006,150000,106000,Petrol
5894,Corolla DX,Toyota,2005,275000,96000,Petrol
5895,Baleno Sigma,Maruti,2019,556000,10000,Petrol
5896,Swift Dzire VXI Optional,Maruti,2016,550000,37000,Petrol
5897,XUV500 AT W9 2WD,Mahindra,2018,1500000,20000,Diesel
5898,Etios Liva 1.2 V Dual Tone,Toyota,2017,549000,35000,Petrol
5899,i20 2015-2017 Asta 1.2,Hyundai,2016,630000,50000,Petrol
5900,Bolero Pik-Up FB 1.7T,Mahindra,2020,679000,5000,Diesel
5901,Swift 1.3 ZXI,Maruti,2011,320000,85000,Petrol
5902,Creta 1.6 CRDi SX,Hyundai,2017,1125000,47000,Diesel
5903,Baleno Alpha 1.3,Maruti,2017,680000,71000,Diesel
5904,City i-DTEC ZX,Honda,2017,1050000,50000,Diesel
5905,Zest Quadrajet 1.3 XMS,Tata,2015,450000,57000,Diesel
5906,Wagon R VXI BS IV,Maruti,2010,210000,43000,Petrol
5907,Swift Dzire VDI,Maruti,2014,470000,60000,Diesel
5908,Swift Dzire VXI,Maruti,2014,470000,60000,Petrol
5909,i20 Asta 1.4 CRDi,Hyundai,2015,550000,40000,Diesel
5910,A-Star Vxi,Maruti,2011,204999,60000,Petrol
5911,City i VTEC CVT VX,Honda,2015,950000,30000,Petrol
5912,i20 Asta Option 1.4 CRDi,Hyundai,2015,550000,160000,Diesel
5913,Innova 2.5 E Diesel PS 7-Seater,Toyota,2007,270000,147500,Diesel
5914,Polo Diesel Trendline 1.2L,Volkswagen,2013,280000,90000,Diesel
5915,Ciaz ZDi Plus SHVS,Maruti,2015,630000,70000,Diesel
5916,City 2017-2020 EXi,Honda,2007,220000,70000,Petrol
5917,Xylo D4,Mahindra,2014,320000,120000,Diesel
5918,EON Era Plus,Hyundai,2013,225000,75000,Petrol
5919,City 1.5 V MT,Honda,2010,380000,85000,Petrol
5920,Swift Dzire VDi,Maruti,2012,380000,70000,Diesel
5921,Ameo 1.5 TDI Highline 16 Alloy,Volkswagen,2017,600000,29000,Diesel
5922,Endeavour 2.5L 4X2 MT,Ford,2014,620000,40000,Diesel
5923,Verna SX CRDi AT,Hyundai,2012,500000,90000,Diesel
5924,TUV 300 T8 AMT,Mahindra,2015,700000,40000,Diesel
5925,EcoSport 1.5 TDCi Titanium Plus BSIV,Ford,2015,550000,138000,Diesel
5926,Swift VDI Optional,Maruti,2016,600000,70000,Diesel
5927,Ameo 1.0 MPI Comfortline,Volkswagen,2019,550000,30000,Petrol
5928,Verna 1.6 CRDI,Hyundai,2013,475000,125000,Diesel
5929,City i DTEC S,Honda,2015,615000,120000,Diesel
5930,Swift Dzire LDI,Maruti,2013,385000,180000,Diesel
5931,Zest Revotron 1.2T XMS,Tata,2015,500000,20000,Petrol
5932,Duster 85PS Diesel RxL Option,Renault,2012,450000,80000,Diesel
5933,Innova 2.5 Z Diesel 7 Seater,Toyota,2014,969999,110000,Diesel
5934,Verna 1.6 SX CRDi (O),Hyundai,2013,580000,80000,Diesel
5935,Platinum Etios 1.4 GXD,Toyota,2017,550000,40000,Diesel
5936,WR-V i-VTEC S,Honda,2018,780000,30000,Petrol
5937,Fiesta 1.5 TDCi Titanium,Ford,2014,500000,80000,Diesel
5938,Laura Ambiente 2.0 TDI CR MT,Skoda,2011,270000,140000,Diesel
5939,Alto K10 VXI,Maruti,2017,335000,25000,Petrol
5940,Swift Dzire VDI,Maruti,2017,755000,20000,Diesel
5941,i20 Active SX Diesel,Hyundai,2016,651000,42323,Diesel
5942,X1 sDrive20d M Sport,BMW,2011,1075000,42545,Diesel
5943,S-Cross 2017-2020 Delta DDiS 200 SH,Maruti,2016,690000,32000,Diesel
5944,Swift Dzire VDI Optional,Maruti,2017,589000,41232,Diesel
5945,Bolero B4,Mahindra,2015,445000,40200,Diesel
5946,Ecosport Sports Diesel,Ford,2013,475000,48000,Diesel
5947,Amaze E Diesel BSIV,Honda,2014,465000,27233,Diesel
5948,Manza Aura Safire,Tata,2011,225000,35000,Petrol
5949,Innova 2.5 G (Diesel) 8 Seater BS IV,Toyota,2005,310000,200000,Diesel
5950,Sumo EX,Tata,2016,445000,63000,Diesel
5951,Bolero B4,Mahindra,2015,445000,62000,Diesel
5952,New Safari 3L Dicor LX 4x2,Tata,2012,450000,68240,Diesel
5953,Scorpio 1.99 S10 4WD,Mahindra,2008,450000,78000,Diesel
5954,Swift VDI BSIV,Maruti,2017,525000,38000,Diesel
5955,Wagon R VXI,Maruti,2010,200000,35000,Petrol
5956,Swift Dzire LXI,Maruti,2018,611000,9000,Petrol
5957,Creta 1.6 CRDi Anniversary Edition,Hyundai,2016,819999,39000,Diesel
5958,Creta 1.4 CRDi S,Hyundai,2016,825000,39000,Diesel
5959,Ecosport 1.5 Diesel Titanium,Ford,2015,599000,92651,Diesel
5960,Swift LXi BSIV,Maruti,2018,490000,28000,Petrol
5961,EON Magna Plus,Hyundai,2017,340000,30000,Petrol
5962,E-Class E350 Petrol,Mercedes-Benz,2009,1000000,80000,Petrol
5963,Creta 1.6 CRDi SX,Hyundai,2018,1237000,46000,Diesel
5964,Polo Diesel Highline 1.2L,Volkswagen,2013,350000,70000,Diesel
5965,800 Std,Maruti,2000,31000,56194,Petrol
5966,Swift ZXI Plus,Maruti,2018,695000,40000,Petrol
5967,Alto 800 VXI,Maruti,2015,270000,40000,Petrol
5968,Ertiga SHVS VDI,Maruti,2016,790000,120000,Diesel
5969,Swift VDI Optional,Maruti,2016,590000,120000,Diesel
5970,Swift Dzire AMT VXI,Maruti,2017,635000,120000,Petrol
5971,Bolero 2011-2019 ZLX,Mahindra,2015,540000,110000,Diesel
5972,Pulse RxZ,Renault,2012,265000,67000,Diesel
5973,Swift Dzire ZDI,Maruti,2014,600000,50000,Diesel
5974,Verna 1.6 CRDI,Hyundai,2012,409999,100000,Diesel
5975,Etios GD,Toyota,2015,525000,80000,Diesel
5976,Figo Diesel EXI Option,Ford,2011,150000,50000,Diesel
5977,Esteem Lxi - BSIII,Maruti,2007,55000,70000,Petrol
5978,Omni 5 Seater BSIV,Maruti,2011,130000,70000,Petrol
5979,Vitara Brezza ZDi Plus Dual Tone,Maruti,2017,925000,50000,Diesel
5980,Lodgy 85PS RxE 7 Seater,Renault,2017,690000,65000,Diesel
5981,Ertiga VDI,Maruti,2012,560000,200000,Diesel
5982,Ciaz Zeta Diesel,Maruti,2018,950000,7500,Diesel
5983,Lodgy 85PS RxE 7 Seater,Renault,2017,695000,65000,Diesel
5984,Swift VXI,Maruti,2013,450000,35000,Petrol
5985,5 Series 530d,BMW,2013,2000000,60000,Diesel
5986,Swift VXi BSIV,Maruti,2009,229999,71000,Petrol
5987,Alto K10 LXI,Maruti,2017,300000,30000,Petrol
5988,Alto LXi,Maruti,2012,200000,50000,Petrol
5989,New C-Class C 220 CDI Elegance AT,Mercedes-Benz,2008,725000,80000,Diesel
5990,Micra XV,Nissan,2011,235000,90000,Petrol
5991,i20 2015-2017 Sportz 1.2,Hyundai,2017,666000,13000,Petrol
5992,800 AC,Maruti,2000,65000,100000,Petrol
5993,Santro Xing XG,Hyundai,2004,85000,80000,Petrol
5994,WR-V i-DTEC VX,Honda,2018,834000,30000,Diesel
5995,Bolero 2011-2019 SLX,Mahindra,2012,430000,120000,Diesel
5996,Swift Vdi BSIII,Maruti,2010,360000,120000,Diesel
5997,EON Era Plus,Hyundai,2014,240000,70000,Petrol
5998,Swift VDI Deca,Maruti,2016,210000,210000,Diesel
5999,Indigo eCS LE TDI BSIII,Tata,2010,135000,148000,Diesel
6000,TUV 300 T6 Plus,Mahindra,2017,700000,54188,Diesel
6001,TUV 300 T6 Plus,Mahindra,2017,750000,60000,Diesel
6002,Rapid 1.6 TDI Elegance,Skoda,2012,425000,90000,Diesel
6003,Beat LT,Chevrolet,2011,150000,100000,Petrol
6004,EON D Lite Plus,Hyundai,2014,215000,40000,Petrol
6005,GO T BSIV,Datsun,2014,225000,35000,Petrol
6006,KWID Climber 1.0 MT,Renault,2017,330000,20000,Petrol
6007,Omni LPG CARGO BSIII W IMMOBILISER,Maruti,2007,54000,144000,LPG
6008,Grand i10 AT Sportz,Hyundai,2014,374000,54043,Petrol
6009,Verna 1.6 SX CRDI (O) AT,Hyundai,2012,549000,66657,Diesel
6010,Indigo CS LS (TDI) BS-III,Tata,2016,390000,42000,Diesel
6011,i20 Asta Optional with Sunroof 1.2,Hyundai,2013,455999,35582,Petrol
6012,Polo GT TSI,Volkswagen,2013,453000,54327,Petrol
6013,Ameo 1.2 MPI Highline,Volkswagen,2016,579000,7949,Petrol
6014,i10 Sportz 1.2 AT,Hyundai,2010,258000,59734,Petrol
6015,City S,Honda,2012,428000,49185,Petrol
6016,i10 Magna,Hyundai,2011,262000,56389,Petrol
6017,Polo Petrol Highline 1.2L,Volkswagen,2013,389000,58245,Petrol
6018,Micra XL Optional,Nissan,2015,346000,36422,Petrol
6019,Jazz Basic,Honda,2011,339000,42535,Petrol
6020,i10 Sportz AT,Hyundai,2011,272000,40736,Petrol
6021,Swift VXI,Maruti,2012,369000,56246,Petrol
6022,Swift LXI,Maruti,2011,277000,55403,Petrol
6023,Tigor 1.2 Revotron XZ,Tata,2018,535000,30000,Petrol
6024,Alto K10 VXI,Maruti,2015,265000,67000,Petrol
6025,Verna 1.6 VTVT,Hyundai,2013,400000,70000,Petrol
6026,Grand i10 CRDi Asta,Hyundai,2014,459999,90000,Diesel
6027,Elite i20 Petrol Sportz,Hyundai,2019,667000,7500,Petrol
6028,New Safari DICOR 2.2 EX 4x2,Tata,2011,300000,80000,Diesel
6029,Indigo CR4,Tata,2012,229999,186000,Diesel
6030,Indica V2 eLS,Tata,2016,200000,110000,Diesel
6031,Fiesta 1.4 TDCi EXI,Ford,2005,150000,120000,Diesel
6032,Fiesta Classic 1.4 Duratorq CLXI,Ford,2012,280000,105358,Diesel
6033,i20 Sportz Option 1.2,Hyundai,2014,590000,70000,Petrol
6034,i10 Era,Hyundai,2010,142000,49200,Petrol
6035,City i-VTEC VX,Honda,2017,850000,40000,Petrol
6036,Mobilio V i DTEC,Honda,2014,600000,40000,Diesel
6037,TUV 300 T8,Mahindra,2017,700000,40000,Diesel
6038,Beat LS,Chevrolet,2013,200000,70000,Petrol
6039,Creta 1.6 CRDi SX,Hyundai,2016,900000,110000,Diesel
6040,Alto K10 VXI,Maruti,2014,220000,100000,Petrol
6041,Grand i10 1.2 Kappa Sportz AT,Hyundai,2018,650000,10000,Petrol
6042,Fortuner 2.8 4WD AT BSIV,Toyota,2017,3100000,70000,Diesel
6043,Innova Crysta 2.4 VX MT 8S BSIV,Toyota,2016,1500000,100600,Diesel
6044,X3 xDrive20d,BMW,2012,1800000,50000,Diesel
6045,XUV500 W8 4WD,Mahindra,2014,800000,136000,Diesel
6046,GLA Class 200 CDI SPORT,Mercedes-Benz,2017,2100000,48000,Diesel
6047,Fiesta 1.4 ZXi TDCi LE,Ford,2010,250000,110000,Diesel
6048,Duster 110PS Diesel RxZ,Renault,2012,550000,86000,Diesel
6049,Alto LXi,Maruti,2009,125000,141000,Petrol
6050,City 1.5 S MT,Honda,2011,450000,80000,Petrol
6051,XUV500 W10 2WD,Mahindra,2015,850000,140000,Diesel
6052,Swift Dzire ZDI,Maruti,2014,459999,65000,Diesel
6053,Swift Dzire VDI,Maruti,2014,434999,110000,Diesel
6054,Indigo LX,Tata,2008,120000,100000,Diesel
6055,Swift VDI Optional,Maruti,2015,600000,80000,Diesel
6056,Wagon R VXI BS IV,Maruti,2008,135000,90000,Petrol
6057,Figo 1.2P Titanium Plus MT,Ford,2016,550000,44000,Petrol
6058,Celerio ZXI,Maruti,2014,385000,25000,Petrol
6059,Creta 1.6 VTVT S,Hyundai,2016,800000,25000,Petrol
6060,i20 2015-2017 Asta Option 1.4 CRDi,Hyundai,2016,780000,35000,Diesel
6061,Alto LXi BSIII,Maruti,2008,100000,195000,Petrol
6062,i20 2015-2017 Sportz 1.4 CRDi,Hyundai,2017,650000,60000,Diesel
6063,800 AC,Maruti,2004,50000,50000,Petrol
6064,Verna 1.6 VGT CRDi,Hyundai,2012,425000,100000,Diesel
6065,Linea 1.3 Multijet Emotion,Fiat,2015,500000,70000,Diesel
6066,Swift VDI BSIV,Maruti,2017,590000,30000,Diesel
6067,Celerio ZXI,Maruti,2016,459999,27000,Petrol
6068,Swift ZXI Plus,Maruti,2020,578000,5000,Petrol
6069,Ertiga VDI,Maruti,2012,550000,110000,Diesel
6070,City Corporate Edition,Honda,2013,465000,80000,Petrol
6071,Bolero Power Plus ZLX,Mahindra,2018,890000,80000,Diesel
6072,Verito 1.5 D6 BSIII,Mahindra,2014,250000,110000,Diesel
6073,Wagon R AMT VXI,Maruti,2018,420000,35000,Petrol
6074,Swift Dzire VXI 1.2,Maruti,2017,550000,20000,Petrol
6075,Alto 800 LXI,Maruti,2018,270000,20000,Petrol
6076,Swift Dzire AMT VXI BS IV,Maruti,2018,700000,7800,Petrol
6077,Swift VXI Optional,Maruti,2017,500000,20000,Petrol
6078,Hexa XE,Tata,2019,1250000,15000,Diesel
6079,i20 Magna,Hyundai,2013,320000,31377,Petrol
6080,Swift Dzire VDI,Maruti,2018,700000,50000,Diesel
6081,Wagon R VXI BS IV,Maruti,2015,290000,60000,Petrol
6082,Corolla Altis 1.8 VL AT,Toyota,2012,550000,100000,Petrol
6083,Brio S MT,Honda,2012,265000,60000,Petrol
6084,Baleno Alpha Automatic,Maruti,2018,830000,5000,Petrol
6085,Safari Storme EX,Tata,2017,800000,60000,Diesel
6086,Alto LXi,Maruti,2011,160000,25000,Petrol
6087,KWID RXT,Renault,2018,335000,30000,Petrol
6088,GO T BSIV,Datsun,2017,329000,80000,Petrol
6089,Vitara Brezza VDi Option,Maruti,2017,775000,75000,Diesel
6090,Xcent 1.2 VTVT SX,Hyundai,2020,524000,32000,Petrol
6091,Alto 800 LXI,Maruti,2015,245000,40000,Petrol
6092,i20 1.2 Sportz,Hyundai,2012,275000,93000,Petrol
6093,i20 Active 1.4 SX with AVN,Hyundai,2015,610000,50000,Diesel
6094,Swift Dzire VDI,Maruti,2015,615000,60000,Diesel
6095,Ertiga ZDI,Maruti,2014,684000,60000,Diesel
6096,Ertiga ZDI,Maruti,2014,680000,64000,Diesel
6097,Duster 85PS Diesel RxE,Renault,2014,500000,120000,Diesel
6098,Duster 85PS Diesel RxE,Renault,2014,520000,120000,Diesel
6099,Etios GD SP,Toyota,2012,390000,140000,Diesel
6100,Etios GD SP,Toyota,2012,434999,135000,Diesel
6101,Swift VDI BSIV,Maruti,2010,350000,166000,Diesel
6102,Freestyle Trend Diesel BSIV,Ford,2018,675000,60000,Diesel
6103,New C-Class C 220 CDI BE Avantgare,Mercedes-Benz,2011,1350000,81500,Diesel
6104,New C-Class 250 CDI Classic,Mercedes-Benz,2011,1350000,80000,Diesel
6105,Swift Dzire VXI 1.2,Maruti,2019,675000,5000,Petrol
6106,Ecosport 1.5 Diesel Titanium,Ford,2016,725000,30000,Diesel
6107,XUV300 W8 Option Diesel BSIV,Mahindra,2019,1200000,15000,Diesel
6108,Polo 2015-2019 1.5 TDI Highline Plus,Volkswagen,2018,650000,40000,Diesel
6109,XUV300 W8 Option BSIV,Mahindra,2019,1090000,16500,Petrol
6110,Creta 1.6 CRDi AT SX Plus,Hyundai,2017,1100000,67000,Diesel
6111,i20 1.4 Asta Option,Hyundai,2017,670000,48000,Diesel
6112,i20 1.4 Sportz,Hyundai,2018,780000,35000,Diesel
6113,Ciaz 1.3 Alpha,Maruti,2017,720000,60000,Diesel
6114,Swift VXI BSIV,Maruti,2018,610000,52000,Petrol
6115,Ameo 1.5 TDI Highline 16 Alloy,Volkswagen,2017,600000,29000,Diesel
6116,Duster 85PS Diesel RxL,Renault,2016,535000,50000,Diesel
6117,i10 Magna,Hyundai,2009,142000,110000,Petrol
6118,Baleno Sigma 1.2,Maruti,2017,515000,23000,Petrol
6119,GO T Option BSIV,Datsun,2016,335000,40000,Petrol
6120,Creta 1.4 CRDi Base,Hyundai,2017,957000,60000,Diesel
6121,Swift Dzire VDI,Maruti,2017,605000,127000,Diesel
6122,Manza Club Class Quadrajet90 EX,Tata,2013,316000,140000,Diesel
6123,Triber RXZ BSIV,Renault,2019,675000,5000,Petrol
6124,Swift Dzire VDI,Maruti,2015,520000,70000,Diesel
6125,Swift Dzire Vdi BSIV,Maruti,2011,265000,60000,Diesel
6126,Polo 1.2 MPI Comfortline,Volkswagen,2016,395000,40000,Petrol
6127,Polo 1.2 MPI Comfortline,Volkswagen,2016,385000,40000,Petrol
6128,Wagon R LXI Minor,Maruti,2009,142000,70000,Petrol
6129,i10 Era,Hyundai,2009,160000,35000,Petrol
6130,Indigo CS LX (TDI) BS III,Tata,2012,180000,50000,Diesel
6131,City V MT,Honda,2013,480000,42462,Petrol
6132,Swift VDI BSIV,Maruti,2015,470000,54723,Diesel
6133,Ignis 1.2 Delta BSIV,Maruti,2018,480000,20375,Petrol
6134,Swift ZDI Plus,Maruti,2013,450000,43978,Diesel
6135,Swift Dzire Tour LDI,Maruti,2017,520000,28832,Diesel
6136,Figo Titanium Blu,Ford,2019,700000,3177,Petrol
6137,Grand i10 Magna,Hyundai,2015,400000,39414,Petrol
6138,Indica V2 GLX BSIII,Tata,2012,200000,30078,Petrol
6139,EON Magna Plus Option,Hyundai,2012,250000,44588,Petrol
6140,Celerio ZXI,Maruti,2015,400000,49907,Petrol
6141,Swift VXI,Maruti,2013,371000,67082,Petrol
6142,Grand i10 Asta Option,Hyundai,2016,450000,40000,Petrol
6143,EcoSport 1.5 Diesel Titanium BSIV,Ford,2016,570000,112879,Diesel
6144,Brio S MT,Honda,2013,300000,80000,Petrol
6145,i20 1.2 Asta,Hyundai,2017,620000,25000,Petrol
6146,City i-VTEC V,Honda,2018,949000,10200,Petrol
6147,Bolero 2011-2019 mHAWK D70 ZLX,Mahindra,2018,750000,60000,Diesel
6148,Celerio VXI,Maruti,2017,350000,20000,Petrol
6149,XUV500 W10 2WD,Mahindra,2017,1250000,60000,Diesel
6150,KWID 1.0,Renault,2016,270000,30000,Petrol
6151,EON Magna Plus,Hyundai,2013,235000,40000,Petrol
6152,Swift VXI Optional,Maruti,2016,500000,60000,Petrol
6153,Alto LXi,Maruti,2012,220000,111000,Petrol
6154,Swift Dzire LDIX Limited Edition,Maruti,2014,380000,70000,Diesel
6155,Alto K10 2010-2014 VXI,Maruti,2010,160000,100000,Petrol
6156,Alto K10 2010-2014 VXI,Maruti,2010,160000,100000,Petrol
6157,EON 1.0 Era Plus,Hyundai,2017,339000,25000,Petrol
6158,Fiesta Classic 1.6 Duratec CLXI,Ford,2011,229999,100000,Petrol
6159,KUV 100 mFALCON D75 K2 Plus,Mahindra,2016,400000,35000,Diesel
6160,Xcent 1.2 CRDi E Plus,Hyundai,2018,470000,25000,Diesel
6161,800 Std,Maruti,2003,45000,58000,Petrol
6162,Aspire Titanium BSIV,Ford,2019,575000,20000,Petrol
6163,RediGO SV 1.0,Datsun,2019,325000,1300,Petrol
6164,800 AC,Maruti,1997,50000,120000,Petrol
6165,Wagon R VXI BS IV,Maruti,2014,350000,15000,Petrol
6166,XE 2016-2019 2.0L Diesel Prestige,Jaguar,2017,2711000,9000,Diesel
6167,ES 300h,Lexus,2019,5150000,20000,Petrol
6168,XF 2.0 Diesel Portfolio,Jaguar,2017,3200000,45000,Diesel
6169,Safari Storme EX,Tata,2015,503000,110000,Diesel
6170,XC40 D4 Inscription BSIV,Volvo,2019,3800000,20000,Diesel
6171,Camry 2.5 Hybrid,Toyota,2016,2000000,68089,Petrol
6172,Wagon R LXI,Maruti,2013,225000,58343,Petrol
6173,Baleno Alpha 1.3,Maruti,2018,740000,38817,Diesel
6174,Jazz VX,Honda,2016,550000,56494,Petrol
6175,Innova 2.5 VX (Diesel) 7 Seater,Toyota,2013,750000,79328,Diesel
6176,Swift AMT VVT VXI,Maruti,2019,650000,5621,Petrol
6177,Etios VX,Toyota,2017,625000,25538,Petrol
6178,Swift AMT ZXI,Maruti,2018,600000,69779,Petrol
6179,Grand i10 1.2 CRDi Sportz,Hyundai,2017,450000,56290,Diesel
6180,X4 M Sport X xDrive20d,BMW,2019,5400000,7500,Diesel
6181,X4 M Sport X xDrive20d,BMW,2019,5500000,8500,Diesel
6182,Amaze V CVT Petrol BSIV,Honda,2019,779000,7032,Petrol
6183,Rapid 1.6 MPI AT Elegance,Skoda,2016,645000,11000,Petrol
6184,V40 D3 R-Design,Volvo,2018,2475000,2000,Diesel
6185,KWID RXT Optional,Renault,2016,300000,25000,Petrol
6186,Terrano XL 110 PS,Nissan,2014,540000,150000,Diesel
6187,Celerio ZXI Optional MT BSIV,Maruti,2018,580000,10000,Petrol
6188,Creta 1.6 CRDi SX Option,Hyundai,2015,1000000,70000,Diesel
6189,Zest Quadrajet 1.3 75PS XM,Tata,2017,459999,80000,Diesel
6190,Swift VDI BSIV,Maruti,2015,635000,50000,Diesel
6191,Verna 1.6 SX,Hyundai,2014,650000,83000,Diesel
6192,Swift Dzire VDI,Maruti,2013,525000,116000,Diesel
6193,Grande Punto EVO 1.2 Dynamic,Fiat,2015,350000,60000,Petrol
6194,Swift Dzire ZDi,Maruti,2008,320000,175802,Diesel
6195,Innova 2.5 G (Diesel) 8 Seater BS IV,Toyota,2006,450000,192000,Diesel
6196,Vento Petrol Trendline,Volkswagen,2011,227000,73840,Petrol
6197,Bolero DI DX 8 Seater,Mahindra,2011,325000,162000,Diesel
6198,RediGO AMT 1.0 S,Datsun,2018,275000,20000,Petrol
6199,Grand i10 Magna,Hyundai,2013,300000,75000,Petrol
6200,Scorpio SLE BSIII,Mahindra,2011,400000,320000,Diesel
6201,Vento 1.5 TDI Highline,Volkswagen,2015,550000,120000,Diesel
6202,Swift VXI Optional,Maruti,2016,550000,20000,Petrol
6203,Rapid Monte Carlo 1.5 TDI AT BSIV,Skoda,2017,900000,40000,Diesel
6204,Alto LXi BSIII,Maruti,2010,165000,20000,Petrol
6205,EON Magna Plus,Hyundai,2014,210000,70000,Petrol
6206,Duster 110PS Diesel RxL Explore,Renault,2016,650000,30000,Diesel
6207,XUV500 W8 2WD,Mahindra,2014,680000,120000,Diesel
6208,KWID 1.0 RXT BSIV,Renault,2019,390000,25000,Petrol
6209,KWID RXL,Renault,2016,260000,80000,Petrol
6210,Swift Dzire VXI,Maruti,2013,450000,67000,Petrol
6211,i10 Era,Hyundai,2008,130000,120000,Petrol
6212,Vitara Brezza ZDi,Maruti,2019,890000,9000,Diesel
6213,XC40 D4 Inscription BSIV,Volvo,2019,3800000,20000,Diesel
6214,Jetta 1.6 Trendline,Volkswagen,2010,225000,80000,Petrol
6215,Fortuner 2.8 4WD AT BSIV,Toyota,2018,3200000,60000,Diesel
6216,Manza Aura (ABS) Quadrajet BS IV,Tata,2010,210000,120000,Diesel
6217,Land Cruiser Prado VX L,Toyota,2014,3500000,60000,Diesel
6218,City i DTEC VX,Honda,2014,750000,80000,Diesel
6219,Tavera Neo LS B3 - 10 seats BSIII,Chevrolet,2011,350000,120000,Diesel
6220,Civic ZX,Honda,2019,2000000,24857,Petrol
6221,EON 1.0 Era Plus,Hyundai,2017,270000,26442,Petrol
6222,Ertiga BSIV VXI,Maruti,2017,700000,35000,Petrol
6223,Alto LXi,Maruti,2010,130000,28000,Petrol
6224,Ertiga ZDI,Maruti,2015,650000,80000,Diesel
6225,Alto LX,Maruti,2005,55000,39000,Petrol
6226,Wagon R AMT VXI Plus,Maruti,2017,475000,20000,Petrol
6227,Sunny Diesel XL,Nissan,2013,325000,50000,Diesel
6228,Jazz 1.2 V AT i VTEC Privilege,Honda,2017,615000,40000,Petrol
6229,Grand i10 Sportz,Hyundai,2015,390000,15000,Petrol
6230,Swift AMT ZXI Plus BSIV,Maruti,2019,650000,15000,Petrol
6231,Swift VXI Optional,Maruti,2015,440000,30000,Petrol
6232,City i DTEC V,Honda,2014,600000,70000,Diesel
6233,Spark 1.0 LT,Chevrolet,2012,170000,80000,Petrol
6234,Bolero 2011-2019 DI - AC BS III,Mahindra,2013,499000,80000,Diesel
6235,i20 Asta 1.4 CRDi,Hyundai,2012,525000,120000,Diesel
6236,Terrano XL Plus 85 PS,Nissan,2015,580000,90000,Diesel
6237,Enjoy 1.3 TCDi LS 7,Chevrolet,2016,420000,110000,Diesel
6238,Innova 2.5 VX (Diesel) 7 Seater,Toyota,2015,1300000,120000,Diesel
6239,Verna 1.6 CRDi S,Hyundai,2016,800000,80000,Diesel
6240,Swift VXI,Maruti,2020,600000,5000,Petrol
6241,Brio 1.2 E MT,Honda,2017,400000,50000,Petrol
6242,Swift Dzire VDI,Maruti,2017,700000,65000,Diesel
6243,Baleno Alpha 1.3,Maruti,2017,800000,35000,Diesel
6244,Jazz 1.5 V i DTEC,Honda,2015,600000,90000,Diesel
6245,Swift VDI BSIV,Maruti,2016,580000,100000,Diesel
6246,KWID RXT,Renault,2016,350000,15000,Petrol
6247,Figo Diesel ZXI,Ford,2011,204999,147000,Diesel
6248,XUV500 W10 2WD,Mahindra,2017,1350000,20000,Diesel
6249,i20 Asta 1.4 CRDi (Diesel),Hyundai,2009,310000,120000,Diesel
6250,Innova 2.5 V Diesel 7-seater,Toyota,2011,700000,250000,Diesel
6251,Figo 1.5D Titanium Opt MT,Ford,2016,459999,69000,Diesel
6252,Ciaz ZDi Plus SHVS,Maruti,2017,860000,80000,Diesel
6253,i10 LPG,Hyundai,2012,275000,97000,LPG
6254,KWID RXT Optional,Renault,2016,390000,15000,Petrol
6255,Hexa XT,Tata,2018,1525000,50000,Diesel
6256,Alto LX BSIII,Maruti,2005,110000,50800,Petrol
6257,Celerio ZXI MT BSIV,Maruti,2017,484999,10000,Petrol
6258,6 Series GT 630d Luxury Line,BMW,2018,5830000,30000,Diesel
6259,Alto LXi,Maruti,2012,185000,60000,Petrol
6260,Xcent 1.1 CRDi SX Option,Hyundai,2018,665000,40142,Diesel
6261,i20 1.2 Asta,Hyundai,2019,721000,9400,Petrol
6262,KUV 100 D75 K6 Plus 5Str,Mahindra,2016,390000,62000,Diesel
6263,Manza Aura (ABS) Quadrajet,Tata,2011,190000,90000,Diesel
6264,Thar CRDe,Mahindra,2019,975000,12584,Diesel
6265,GO A Petrol,Datsun,2016,275000,49000,Petrol
6266,Alto 800 VXI BSIV,Maruti,2016,315000,32000,Petrol
6267,Elite i20 Sportz Plus Dual Tone BSIV,Hyundai,2019,685000,4300,Petrol
6268,Swift VXI,Maruti,2019,595000,14548,Petrol
6269,EcoSport 1.5 Diesel Titanium Plus BSIV,Ford,2018,900000,44772,Diesel
6270,Ertiga ZDI Plus,Maruti,2018,950000,48500,Diesel
6271,Alto 800 LXI BSIV,Maruti,2016,275000,38000,Petrol
6272,i20 2015-2017 Magna 1.2,Hyundai,2017,570000,28782,Petrol
6273,i20 Asta 1.2,Hyundai,2018,700000,28451,Petrol
6274,Vitara Brezza ZDi,Maruti,2018,910000,36500,Diesel
6275,Swift Dzire VDI Optional,Maruti,2018,751000,44885,Diesel
6276,EON Era,Hyundai,2014,225000,35000,Petrol
6277,Indica Vista Terra 1.4 TDI,Tata,2009,135000,110000,Diesel
6278,Ertiga ZDI Plus,Maruti,2017,825000,79000,Diesel
6279,Fortuner 4x2 AT,Toyota,2015,1650000,91000,Diesel
6280,Vitara Brezza ZDi,Maruti,2018,875000,50000,Diesel
6281,Ciaz ZDi Plus SHVS,Maruti,2016,650000,81000,Diesel
6282,Compass 1.4 Limited,Jeep,2019,1450000,22000,Petrol
6283,Creta 1.6 SX Diesel,Hyundai,2017,975000,41000,Diesel
6284,Ertiga SHVS VDI,Maruti,2019,925000,50000,Diesel
6285,Ertiga ZDI,Maruti,2016,725000,66000,Diesel
6286,Ertiga VDI,Maruti,2013,550000,65000,Diesel
6287,i20 Diesel Asta Option,Hyundai,2014,550000,76000,Diesel
6288,Innova 2.5 V Diesel 7-seater,Toyota,2013,750000,95000,Diesel
6289,City 1.5 V MT,Honda,2013,475000,55000,Petrol
6290,GO Plus T,Datsun,2017,325000,65000,Petrol
6291,Ertiga VDI,Maruti,2017,725000,76000,Diesel
6292,Ertiga VXI,Maruti,2018,775000,47000,Petrol
6293,Swift Dzire VDI,Maruti,2017,625000,70000,Diesel
6294,Santro GLS I - Euro II,Hyundai,2009,195000,56000,Petrol
6295,Swift ZDi,Maruti,2014,470000,89000,Diesel
6296,Innova Crysta 2.4 VX MT,Toyota,2017,1750000,98000,Diesel
6297,Innova Crysta 2.4 VX MT,Toyota,2016,1650000,90000,Diesel
6298,Creta 1.4 CRDi S,Hyundai,2018,1050000,70000,Diesel
6299,Swift VDI,Maruti,2013,380000,57000,Diesel
6300,Swift Dzire VDI,Maruti,2017,650000,70000,Diesel
6301,EON Era Plus,Hyundai,2016,275000,49200,Petrol
6302,Civic 1.8 V MT,Honda,2009,220000,125000,Petrol
6303,i10 Era,Hyundai,2008,200000,60000,Petrol
6304,Eeco 5 Seater AC BSIV,Maruti,2015,315000,120000,Petrol
6305,Alto LXI,Maruti,2004,90000,110000,Petrol
6306,Wagon R LXI Minor,Maruti,2007,120000,70000,Petrol
6307,Wagon R LXI,Maruti,2006,90000,168000,Petrol
6308,XUV500 W10 2WD,Mahindra,2018,1500000,30000,Diesel
6309,Grand i10 CRDi Sportz,Hyundai,2015,370000,60000,Diesel
6310,Swift VDI BSIV,Maruti,2016,595000,131111,Diesel
6311,Renault Logan 1.5 DLE Diesel,Mahindra,2007,150000,120000,Diesel
6312,Swift Dzire VDi,Maruti,2012,400000,58400,Diesel
6313,Alto K10 VXI Airbag,Maruti,2016,310000,23400,Petrol
6314,Celerio VXI MT BSIV,Maruti,2018,385000,50000,Petrol
6315,Swift 1.3 LXI,Maruti,2005,105000,158107,Petrol
6316,XUV500 W8 2WD,Mahindra,2014,750000,90000,Diesel
6317,Santro Sportz AMT BSIV,Hyundai,2019,521000,3010,Petrol
6318,Manza Aqua Quadrajet BS IV,Tata,2010,180000,80000,Diesel
6319,Fiesta EXi 1.4 TDCi Ltd,Ford,2011,220000,155000,Diesel
6320,800 AC,Maruti,1998,40000,70000,Petrol
6321,Grand i10 1.2 Kappa Magna BSIV,Hyundai,2018,540000,4000,Petrol
6322,Alto LXi BSIII,Maruti,2007,140000,35000,Petrol
6323,Zen VXI,Maruti,2003,200000,121000,Petrol
6324,EcoSport 1.5 TDCi Titanium BSIV,Ford,2015,650000,110000,Diesel
6325,Fiesta 1.4 SXi TDCi ABS,Ford,2010,229999,170000,Diesel
6326,Swift Vdi BSIII,Maruti,2010,305000,175000,Diesel
6327,XUV500 W10 1.99 mHawk,Mahindra,2018,1400000,30000,Diesel
6328,Fiesta 1.4 ZXi TDCi LE,Ford,2008,200000,163000,Diesel
6329,Fiesta 1.4 ZXi TDCi ABS,Ford,2008,200000,163000,Diesel
6330,Xylo D2 BS IV,Mahindra,2010,465000,77088,Diesel
6331,Micra Diesel XV,Nissan,2011,210000,110000,Diesel
6332,Bolero 2011-2019 SLX,Mahindra,2016,570000,136511,Diesel
6333,Ertiga ZXI,Maruti,2015,570000,80000,Petrol
6334,Ertiga ZXI,Maruti,2015,650000,60000,Petrol
6335,Swift Dzire ZXI,Maruti,2016,620000,36000,Petrol
6336,Wagon R VXI BS IV,Maruti,2012,250000,65000,Petrol
6337,X1 sDrive20d,BMW,2011,1000000,50000,Diesel
6338,Wagon R Duo Lxi,Maruti,2012,300000,60000,LPG
6339,Grande Punto 1.3 Emotion (Diesel),Fiat,2013,300000,82500,Diesel
6340,EcoSport 1.5 Diesel Titanium BSIV,Ford,2018,810000,30000,Diesel
6341,Cruze LTZ,Chevrolet,2011,270000,100000,Diesel
6342,Swift Dzire LDI Optional,Maruti,2015,470000,70000,Diesel
6343,Zest Quadrajet 1.3 XT,Tata,2017,400000,85000,Diesel
6344,Wagon R Stingray VXI,Maruti,2014,300000,60000,Petrol
6345,Alto 800 Base,Maruti,2015,170000,20000,Petrol
6346,Duster 110PS Diesel RXZ Optional with Nav,Renault,2014,455999,80000,Diesel
6347,Xylo D2,Mahindra,2009,121000,100000,Diesel
6348,Santro LS zipPlus,Hyundai,2002,35000,75000,Petrol
6349,Swift 1.3 LXI,Maruti,2005,85000,100000,Petrol
6350,Vitara Brezza VDi Option,Maruti,2016,650000,80000,Diesel
6351,Bolt Revotron XE,Tata,2017,350000,35000,Petrol
6352,Beat Diesel,Chevrolet,2013,125000,139000,Diesel
6353,Alto AX,Maruti,2005,80000,90000,Petrol
6354,Omni E 8 Str STD,Maruti,2009,120000,120000,Petrol
6355,City 2017-2020 GXi,Honda,2008,250000,100000,Petrol
6356,Vento Diesel Trendline,Volkswagen,2011,225000,90000,Diesel
6357,Bolero SLX,Mahindra,2007,215000,105000,Diesel
6358,Xcent 1.2 CRDi E Plus,Hyundai,2017,450000,40000,Diesel
6359,Xcent 1.2 VTVT S,Hyundai,2017,509999,90000,Petrol
6360,Alto 800 LXI,Maruti,2015,245000,36710,Petrol
6361,Supro LX 8 Str,Mahindra,2018,400000,50000,Diesel
6362,SX4 S Cross 2015-2017 DDiS 200 Alpha,Maruti,2016,620000,28180,Diesel
6363,SX4 S Cross 2015-2017 DDiS 200 Sigma,Maruti,2017,650000,44000,Diesel
6364,Harrier XZ BSIV,Tata,2019,1700000,15000,Diesel
6365,GO Plus T VDC,Datsun,2019,590000,4000,Petrol
6366,Ritz VDi,Maruti,2014,370000,30000,Diesel
6367,Swift VXI,Maruti,2013,350000,15000,Petrol
6368,Baleno Alpha 1.2,Maruti,2017,580000,20000,Petrol
6369,Grand i10 1.2 Kappa Sportz BSIV,Hyundai,2018,450000,56000,Petrol
6370,i20 Active 1.2 S,Hyundai,2017,600000,19000,Petrol
6371,Endeavour 2.2 Titanium AT 4X2,Ford,2016,2400000,30000,Diesel
6372,i20 1.2 Magna Executive,Hyundai,2017,450000,70000,Petrol
6373,Indigo CS LX (TDI) BS III,Tata,2009,150000,30000,Diesel
6374,Eeco 5 Seater AC BSIV,Maruti,2019,400000,15000,Petrol
6375,Alto 800 LXI,Maruti,2013,185000,85000,Petrol
6376,Swift AMT VXI,Maruti,2018,625000,50000,Petrol
6377,i20 Active SX Petrol,Hyundai,2019,700000,20000,Petrol
6378,Wagon R VXI Optional,Maruti,2017,390000,25000,Petrol
6379,Nexon 1.2 Revotron XM,Tata,2018,625000,25000,Petrol
6380,Swift Dzire VXI,Maruti,2014,400000,50000,Petrol
6381,i20 1.4 CRDi Asta,Hyundai,2011,380000,150000,Diesel
6382,Corolla Altis 1.8 VL AT,Toyota,2009,400000,90000,Petrol
6383,Zest Revotron 1.2T XMS,Tata,2019,620000,100000,Petrol
6384,Fiesta Classic 1.4 SXI Duratorq,Ford,2008,190000,180000,Diesel
6385,Alto 800 LXI,Maruti,2013,210000,50000,Petrol
6386,Ritz VDi,Maruti,2012,270000,80000,Diesel
6387,Zen Std,Maruti,1999,45000,100000,Petrol
6388,EON D Lite Plus,Hyundai,2014,220000,93000,Petrol
6389,Bolero 2011-2019 DI - AC BS III,Mahindra,2014,550000,11500,Diesel
6390,i20 Asta 1.2,Hyundai,2013,370000,120000,Petrol
6391,Santro Xing XG AT eRLX Euro II,Hyundai,2006,95000,100000,Petrol
6392,Xylo D2 Maxx,Mahindra,2015,650000,50000,Diesel
6393,City V MT,Honda,2012,550000,120000,Petrol
6394,Fiesta 1.4 SXi TDCi ABS,Ford,2010,225000,100000,Diesel
6395,800 Std,Maruti,2004,40000,57000,Petrol
6396,EON Era Plus,Hyundai,2016,280000,60000,Petrol
6397,Figo Aspire 1.5 Ti-VCT Titanium,Ford,2017,570000,44077,Petrol
6398,Alto 800 LXI,Maruti,2017,290000,90000,Petrol
6399,i20 Active 1.4 S,Hyundai,2018,720000,50000,Diesel
6400,EcoSport 1.5 TDCi Trend Plus BSIV,Ford,2017,800000,60000,Diesel
6401,i10 Era,Hyundai,2012,265000,20000,Petrol
6402,Alto LX BSIII,Maruti,2010,135000,90000,Petrol
6403,Figo 1.5D Ambiente MT,Ford,2016,350000,70000,Diesel
6404,Swift 1.3 VXi,Maruti,2008,200000,80000,Petrol
6405,Enjoy 1.3 TCDi LS 8,Chevrolet,2016,490000,80000,Diesel
6406,Verna 1.6 SX,Hyundai,2012,450000,72000,Diesel
6407,Scorpio 1.99 S8,Mahindra,2016,950000,50000,Diesel
6408,Swift Dzire ZXi,Maruti,2012,355000,90000,Petrol
6409,Elite i20 Petrol Asta,Hyundai,2019,700000,17000,Petrol
6410,Scorpio VLX 2WD BSIII,Mahindra,2012,459999,70000,Diesel
6411,Polo Diesel Highline 1.2L,Volkswagen,2012,350000,74000,Diesel
6412,Alto LX BSIII,Maruti,2006,85000,60000,Petrol
6413,Alto 800 LX,Maruti,2016,290000,15000,Petrol
6414,WR-V i-DTEC VX,Honda,2019,1000000,72000,Diesel
6415,Indica V2 LSi,Tata,2008,85000,25000,Petrol
6416,Alto LXI,Maruti,2003,65000,114000,Petrol
6417,City 1.5 EXI,Honda,2005,75000,120000,Petrol
6418,Octavia Ambiente 1.9 TDI MT,Skoda,2003,100000,250000,Diesel
6419,Indica Vista Terra 1.4 TDI,Tata,2009,170000,55768,Diesel
6420,Grand i10 1.2 Kappa Magna AT,Hyundai,2017,525000,40000,Petrol
6421,Wagon R LXI,Maruti,2020,265000,70000,Petrol
6422,Tigor 1.2 Revotron XZ,Tata,2018,459999,50000,Petrol
6423,Alto K10 VXI,Maruti,2017,250000,20000,Petrol
6424,Swift Dzire VDI,Maruti,2013,395000,70000,Diesel
6425,Grand i10 Asta Option,Hyundai,2014,375000,60000,Petrol
6426,Indica Vista Aqua 1.4 TDI,Tata,2009,120000,120000,Diesel
6427,Ritz VDi,Maruti,2011,290000,110000,Diesel
6428,Tiago 1.2 Revotron XZ,Tata,2017,409999,60000,Petrol
6429,Spark 1.0 LT Option Pack w/ Airbag,Chevrolet,2009,200000,30000,Petrol
6430,Rapid 1.5 TDI Ambition BSIV,Skoda,2018,900000,35000,Diesel
6431,800 Std,Maruti,2003,50000,50000,Petrol
6432,Duster 110PS Diesel RxZ,Renault,2012,450000,100000,Diesel
6433,XUV500 W8 4WD,Mahindra,2012,650000,80000,Diesel
6434,CrossPolo 1.5 TDI,Volkswagen,2014,300000,84000,Diesel
6435,Fiesta 1.5 TDCi Ambiente,Ford,2014,425000,60000,Diesel
6436,Zen VXI,Maruti,1998,55000,50000,Petrol
6437,i10 Magna 1.2 iTech SE,Hyundai,2011,200000,60000,Petrol
6438,XUV500 W10 2WD,Mahindra,2015,975000,100000,Diesel
6439,Bolero 2011-2019 SLX,Mahindra,2013,450000,70000,Diesel
6440,Bolero 2011-2019 ZLX,Mahindra,2014,600000,82500,Diesel
6441,Bolero 2011-2019 Plus AC,Mahindra,2014,550000,76000,Diesel
6442,Indica Vista Terra Quadrajet 1.3L BS IV,Tata,2011,180000,87000,Diesel
6443,Xylo E4,Mahindra,2010,300000,120000,Diesel
6444,Zest Revotron 1.2T XM,Tata,2016,350000,70000,Petrol
6445,Swift Dzire VDI,Maruti,2014,465000,90000,Diesel
6446,Manza Aura (ABS) Quadrajet BS IV,Tata,2010,200000,188000,Diesel
6447,Enjoy TCDi LS 8 Seater,Chevrolet,2014,350000,120000,Diesel
6448,City i VTEC V,Honda,2015,650000,80000,Petrol
6449,i10 Magna,Hyundai,2010,150000,123278,Petrol
6450,City i DTEC V,Honda,2014,560000,100000,Diesel
6451,i20 Active 1.4 SX with AVN,Hyundai,2015,625000,90000,Diesel
6452,Figo Diesel Titanium,Ford,2012,220000,110000,Diesel
6453,Figo Diesel Celebration Edition,Ford,2013,250000,110000,Diesel
6454,Zest Quadrajet 1.3 XT,Tata,2018,575000,70000,Diesel
6455,XUV500 W8 AWD,Mahindra,2015,1050000,65000,Diesel
6456,XF 2.2 Litre Luxury,Jaguar,2015,3000000,70000,Diesel
6457,New Safari DICOR 2.2 LX 4x2,Tata,2012,200000,90000,Diesel
6458,Alto 800 VXI,Maruti,2016,262000,50000,Petrol
6459,EON Era Plus,Hyundai,2018,299000,33000,Petrol
6460,Alto 800 LXI,Maruti,2015,250000,26500,Petrol
6461,Santro Xing GLS,Hyundai,2011,140000,60000,Petrol
6462,Swift Dzire VDI,Maruti,2013,360000,70000,Diesel
6463,GO A,Datsun,2015,210000,80000,Petrol
6464,i20 1.4 Sportz,Hyundai,2017,600000,60000,Diesel
6465,Fabia 1.2L Diesel Ambiente,Skoda,2011,210000,100000,Diesel
6466,Vento Diesel Comfortline,Volkswagen,2011,300000,80000,Diesel
6467,Grand i10 Asta,Hyundai,2016,450000,35000,Petrol
6468,Endeavour 3.2 Titanium AT 4X4,Ford,2018,3200000,35000,Diesel
6469,Grand i10 1.2 Kappa Sportz BSIV,Hyundai,2019,550000,10000,Petrol
6470,Indica Vista Aura 1.3 Quadrajet (ABS),Tata,2011,100000,80000,Diesel
6471,EON Era Plus,Hyundai,2012,185000,50000,Petrol
6472,Wagon R LX BSIII,Maruti,2006,80000,90000,Petrol
6473,Alto 800 VXI,Maruti,2017,295000,80000,Petrol
6474,KWID Climber 1.0 MT,Renault,2017,360000,25000,Petrol
6475,Alto K10 2010-2014 VXI,Maruti,2014,210000,70000,Petrol
6476,Elite i20 Petrol CVT Magna Executive,Hyundai,2019,585000,80000,Petrol
6477,Polo Select 1.5 TDI Highline,Volkswagen,2016,560000,50000,Diesel
6478,City i DTEC S,Honda,2015,600000,70000,Diesel
6479,GO T BSIV,Datsun,2017,330000,60000,Petrol
6480,Verna VTVT 1.6 SX,Hyundai,2019,990000,15000,Petrol
6481,Etios Diesel TRD Sportivo,Toyota,2012,300000,90000,Diesel
6482,Nexon 1.2 Revotron XM,Tata,2018,650000,28000,Petrol
6483,Elite i20 Sportz Plus CVT BSIV,Hyundai,2019,695000,20000,Petrol
6484,Grand i10 CRDi Magna,Hyundai,2014,300000,60000,Diesel
6485,Alto 800 LXI,Maruti,2015,270000,22000,Petrol
6486,New Safari DICOR 2.2 EX 4x2,Tata,2010,185000,70000,Diesel
6487,Sail Hatchback LT ABS,Chevrolet,2013,200000,80000,Diesel
6488,Wagon R LXI CNG Optional,Maruti,2019,459999,35000,CNG
6489,Nexon 1.5 Revotorq XZ Plus Dual Tone,Tata,2018,860000,60000,Diesel
6490,Tiago 1.2 Revotron XE,Tata,2018,400000,20000,Petrol
6491,Ritz VDi,Maruti,2013,240000,142000,Diesel
6492,Swift Dzire ZDI,Maruti,2015,570000,72000,Diesel
6493,EcoSport 1.5 Diesel Titanium BSIV,Ford,2018,850000,90000,Diesel
6494,Figo Diesel Titanium,Ford,2011,155000,80000,Diesel
6495,i20 1.4 CRDi Asta,Hyundai,2011,270000,125000,Diesel
6496,Ciaz ZXi Plus,Maruti,2015,610000,33000,Petrol
6497,Creta 1.6 CRDi SX Option,Hyundai,2015,1000000,50000,Diesel
6498,Scorpio LX,Mahindra,2012,450000,120000,Diesel
6499,Xcent 1.2 CRDi E,Hyundai,2018,500000,35000,Diesel
6500,Amaze S Diesel BSIV,Honda,2018,700000,43000,Diesel
6501,Alto LXi,Maruti,2007,135000,60000,Petrol
6502,Scorpio LX,Mahindra,2012,430000,148000,Diesel
6503,Verna 1.6 SX CRDi (O),Hyundai,2014,625000,70000,Diesel
6504,Sunny XL,Nissan,2011,280000,96000,Petrol
6505,Scorpio 1.99 S6 Plus,Mahindra,2015,800000,70000,Diesel
6506,Ritz VDi,Maruti,2012,220000,70000,Diesel
6507,Ignis 1.2 Alpha BSIV,Maruti,2017,620000,18484,Petrol
6508,Safari DICOR 2.2 EX 4x2,Tata,2011,300000,70000,Diesel
6509,Alto LX,Maruti,2010,180000,25000,Petrol
6510,Polo Diesel Highline 1.2L,Volkswagen,2013,250000,120000,Diesel
6511,Swift Dzire LXI,Maruti,2017,480000,55000,Petrol
6512,EcoSport 1.5 Petrol Titanium BSIV,Ford,2019,885000,10000,Petrol
6513,KUV 100 D75 K8,Mahindra,2020,550000,60000,Diesel
6514,Swift Dzire ZDI Plus,Maruti,2018,800000,30000,Diesel
6515,Santro Xing GLS,Hyundai,2013,180000,65000,Petrol
6516,Estilo LXI,Maruti,2010,200000,27000,Petrol
6517,i20 Sportz 1.4 CRDi,Hyundai,2012,380000,50000,Diesel
6518,Tiago NRG Petrol AMT,Tata,2019,520000,2560,Petrol
6519,Alto LX,Maruti,2004,90000,60000,Petrol
6520,Wagon R VXI BS IV,Maruti,2016,330000,80000,Petrol
6521,800 DX,Maruti,1999,40000,50000,Petrol
6522,Enjoy TCDi LS 8 Seater,Chevrolet,2015,370000,120000,Diesel
6523,City V MT,Honda,2009,290000,120000,Petrol
6524,EON Magna Plus,Hyundai,2013,215000,47000,Petrol
6525,Hexa XT,Tata,2017,1282000,45000,Diesel
6526,Innova 2.5 GX 8 STR,Toyota,2012,610000,90000,Diesel
6527,i20 Asta 1.4 CRDi,Hyundai,2013,380000,110000,Diesel
6528,Scorpio 1.99 S10,Mahindra,2017,1250000,95000,Diesel
6529,Verna 1.6 CRDI,Hyundai,2012,400000,103655,Diesel
6530,i20 Petrol CVT Asta,Hyundai,2018,700000,25000,Petrol
6531,Duster 110PS Diesel RxZ,Renault,2014,650000,80000,Diesel
6532,Nano Twist XT,Tata,2014,95000,50000,Petrol
6533,XUV500 W10 2WD,Mahindra,2015,1147000,56975,Diesel
6534,Santro Xing GL,Hyundai,2010,150000,110000,Petrol
6535,Alto LX BSIII,Maruti,2008,120000,80000,Petrol
6536,Santro AT CNG,Hyundai,2003,130000,74770,CNG
6537,Fiesta EXi 1.4 TDCi Ltd,Ford,2010,180000,187000,Diesel
6538,Fiesta Classic 1.4 Duratorq LXI,Ford,2013,325000,69000,Diesel
6539,EcoSport 1.5 TDCi Titanium BSIV,Ford,2015,550000,206000,Diesel
6540,EcoSport 1.5 TDCi Signature BSIV,Ford,2018,950000,27000,Diesel
6541,Ecosport 1.5 DV5 MT Titanium Optional,Ford,2014,500000,132000,Diesel
6542,Aspire Titanium Diesel BSIV,Ford,2017,725000,75000,Diesel
6543,Figo Aspire Titanium,Ford,2015,500000,18000,Petrol
6544,Verito 1.5 D2 BSIII,Mahindra,2011,180000,218000,Diesel
6545,i20 2015-2017 Magna 1.4 CRDi,Hyundai,2016,650000,10000,Diesel
6546,Swift VDi BSIII W/ ABS,Maruti,2010,285000,80000,Diesel
6547,Verito 1.5 D2 BSIII,Mahindra,2011,210000,215000,Diesel
6548,Fiesta Classic 1.4 Duratorq CLXI,Ford,2012,200000,137000,Diesel
6549,Vento Diesel Highline,Volkswagen,2011,295000,65000,Diesel
6550,City 2017-2020 GXi,Honda,2007,160000,120000,Petrol
6551,Celerio VXI AT,Maruti,2017,450000,10000,Petrol
6552,GO Plus A,Datsun,2016,385000,20000,Petrol
6553,Fiesta Classic 1.4 Duratorq LXI,Ford,2011,350000,93500,Diesel
6554,XE 2016-2019 2.0L Diesel Prestige,Jaguar,2017,2711000,9000,Diesel
6555,ES 300h,Lexus,2019,5150000,20000,Petrol
6556,XF 2.0 Diesel Portfolio,Jaguar,2017,3200000,45000,Diesel
6557,Safari Storme EX,Tata,2015,503000,110000,Diesel
6558,XC40 D4 Inscription BSIV,Volvo,2019,3800000,20000,Diesel
6559,Camry 2.5 Hybrid,Toyota,2016,2000000,68089,Petrol
6560,Wagon R LXI,Maruti,2013,225000,58343,Petrol
6561,Baleno Alpha 1.3,Maruti,2018,740000,38817,Diesel
6562,Jazz VX,Honda,2016,550000,56494,Petrol
6563,Innova 2.5 VX (Diesel) 7 Seater,Toyota,2013,750000,79328,Diesel
6564,Swift AMT VVT VXI,Maruti,2019,650000,5621,Petrol
6565,Etios VX,Toyota,2017,625000,25538,Petrol
6566,Swift AMT ZXI,Maruti,2018,600000,69779,Petrol
6567,Grand i10 1.2 CRDi Sportz,Hyundai,2017,450000,56290,Diesel
6568,X4 M Sport X xDrive20d,BMW,2019,5400000,7500,Diesel
6569,X4 M Sport X xDrive20d,BMW,2019,5500000,8500,Diesel
6570,Amaze V CVT Petrol BSIV,Honda,2019,779000,7032,Petrol
6571,Rapid 1.6 MPI AT Elegance,Skoda,2016,645000,11000,Petrol
6572,V40 D3 R-Design,Volvo,2018,2475000,2000,Diesel
6573,XE 2016-2019 2.0L Diesel Prestige,Jaguar,2017,2711000,9000,Diesel
6574,ES 300h,Lexus,2019,5150000,20000,Petrol
6575,XF 2.0 Diesel Portfolio,Jaguar,2017,3200000,45000,Diesel
6576,Safari Storme EX,Tata,2015,503000,110000,Diesel
6577,XC40 D4 Inscription BSIV,Volvo,2019,3800000,20000,Diesel
6578,Camry 2.5 Hybrid,Toyota,2016,2000000,68089,Petrol
6579,Wagon R LXI,Maruti,2013,225000,58343,Petrol
6580,Baleno Alpha 1.3,Maruti,2018,740000,38817,Diesel
6581,Jazz VX,Honda,2016,550000,56494,Petrol
6582,Innova 2.5 VX (Diesel) 7 Seater,Toyota,2013,750000,79328,Diesel
6583,Swift AMT VVT VXI,Maruti,2019,650000,5621,Petrol
6584,Etios VX,Toyota,2017,625000,25538,Petrol
6585,Swift AMT ZXI,Maruti,2018,600000,69779,Petrol
6586,Grand i10 1.2 CRDi Sportz,Hyundai,2017,450000,56290,Diesel
6587,X4 M Sport X xDrive20d,BMW,2019,5400000,7500,Diesel
6588,X4 M Sport X xDrive20d,BMW,2019,5500000,8500,Diesel
6589,Amaze V CVT Petrol BSIV,Honda,2019,779000,7032,Petrol
6590,Rapid 1.6 MPI AT Elegance,Skoda,2016,645000,11000,Petrol
6591,V40 D3 R-Design,Volvo,2018,2475000,2000,Diesel
6592,Swift Dzire LDI,Maruti,2019,558000,70000,Diesel
6593,Santro Xing GLS,Hyundai,2010,165000,56000,Petrol
6594,i20 Sportz 1.4 CRDi,Hyundai,2012,300000,80000,Diesel
6595,Santro Magna BSIV,Hyundai,2019,500000,5000,Petrol
6596,XUV500 W8 4WD,Mahindra,2012,900000,100000,Diesel
6597,X5 3.0d,BMW,2008,830000,60000,Diesel
6598,5 Series 520d Sedan,BMW,2008,890000,70000,Diesel
6599,Rapid 1.5 TDI Ambition,Skoda,2014,640000,65000,Diesel
6600,Scorpio S10 7 Seater,Mahindra,2015,900000,70000,Diesel
6601,Enjoy TCDi LTZ 7 Seater,Chevrolet,2013,450000,60000,Diesel
6602,Ciaz 1.3 Alpha,Maruti,2018,825000,82000,Diesel
6603,Aria Pleasure 4x2,Tata,2013,500000,80000,Diesel
6604,KUV 100 mFALCON G80 K6 AW,Mahindra,2017,325000,5000,Petrol
6605,Duster 110PS Diesel RxL,Renault,2014,450000,133000,Diesel
6606,WR-V i-VTEC VX,Honda,2017,675000,25000,Petrol
6607,Zest Revotron 1.2 XT,Tata,2017,415000,15000,Petrol
6608,Creta 1.4 CRDi S,Hyundai,2017,1100000,40000,Diesel
6609,Ameo 1.2 MPI Comfortline,Volkswagen,2016,500000,35000,Petrol
6610,Bolero 2011-2019 ZLX,Mahindra,2014,509999,70000,Diesel
6611,Scorpio 2006-2009 LX 2.6 Turbo 9 Str,Mahindra,2007,200000,152000,Diesel
6612,800 AC BSIII,Maruti,2007,60000,100000,Petrol
6613,Verna 1.6 CRDI,Hyundai,2013,500000,80000,Diesel
6614,Indica V2 DLE BSII,Tata,2009,45000,100000,Diesel
6615,KWID RXT,Renault,2017,270000,50000,Petrol
6616,i20 Active 1.2 S,Hyundai,2017,550000,40000,Petrol
6617,KWID 1.0 RXT Optional,Renault,2016,235000,60000,Petrol
6618,i20 1.2 Spotz,Hyundai,2018,600000,40000,Petrol
6619,Jazz 1.5 VX i DTEC,Honda,2015,525000,60000,Diesel
6620,Swift VDI,Maruti,2012,325000,90000,Diesel
6621,Swift Dzire ZDI,Maruti,2014,420000,90000,Diesel
6622,Alto K10 LXI,Maruti,2014,229999,60000,Petrol
6623,Swift Dzire ZDI,Maruti,2013,375000,80000,Diesel
6624,Scorpio VLX 2WD BSIV,Mahindra,2012,750000,120000,Diesel
6625,Tiago 1.2 Revotron XZ,Tata,2018,400000,40000,Petrol
6626,XUV500 W6 2WD,Mahindra,2013,600000,91000,Diesel
6627,Santro Xing XK eRLX Euro II,Hyundai,2008,110000,80000,Petrol
6628,800 AC,Maruti,2007,45000,73257,Petrol
6629,Bolero Pik-Up CBC 1.7T,Mahindra,2019,722000,80000,Diesel
6630,Tiago 2019-2020 XZ,Tata,2020,500000,15000,Petrol
6631,Verna CRDi SX ABS,Hyundai,2007,250000,110000,Diesel
6632,Rapid 1.5 TDI Ambition BSIV,Skoda,2018,950000,40000,Diesel
6633,Sunny Diesel XV,Nissan,2013,375000,212000,Diesel
6634,Swift Dzire ZDI,Maruti,2018,780000,30000,Diesel
6635,Santro Asta BSIV,Hyundai,2018,575000,30000,Petrol
6636,i20 1.2 Spotz,Hyundai,2017,563000,30000,Petrol
6637,Tiago 1.2 Revotron XZ,Tata,2017,450000,15000,Petrol
6638,Innova Crysta 2.4 ZX AT,Toyota,2020,2300000,1000,Diesel
6639,800 AC,Maruti,1999,80000,26320,Petrol
6640,i20 Asta 1.4 CRDi (Diesel),Hyundai,2010,320000,135000,Diesel
6641,Civic 1.8 V MT,Honda,2008,375000,100000,Petrol
6642,Eeco 5 Seater AC BSIV,Maruti,2017,400000,120000,Petrol
6643,Xylo E8 ABS Airbag,Mahindra,2011,600000,230000,Diesel
6644,KWID 1.0 RXT Optional,Renault,2016,315000,60000,Petrol
6645,3 Series 320d Highline,BMW,2012,1100000,80000,Diesel
6646,Swift Dzire VDi,Maruti,2010,350000,190000,Diesel
6647,Eeco 5 Seater AC BSIV,Maruti,2016,375000,120000,Petrol
6648,Innova 2.5 GX (Diesel) 8 Seater,Toyota,2013,1050000,217000,Diesel
6649,Ikon 1.8 D,Ford,2005,130000,90000,Diesel
6650,Celerio VXI,Maruti,2015,350000,29000,Petrol
6651,Santro Xing GL CNG,Hyundai,2011,170000,120000,CNG
6652,Wagon R LX Minor,Maruti,2010,120000,120000,Petrol
6653,XUV500 W6 2WD,Mahindra,2015,819999,90000,Diesel
6654,i20 1.2 Asta Option,Hyundai,2018,700000,30000,Petrol
6655,Celerio ZXI Optional AMT BSIV,Maruti,2018,451999,30000,Petrol
6656,Grand i10 Magna,Hyundai,2016,500000,56000,Petrol
6657,Innova 2.5 VX (Diesel) 8 Seater,Toyota,2015,1250000,90000,Diesel
6658,TUV 300 T8,Mahindra,2015,500000,120000,Diesel
6659,Swift VDI BSIV,Maruti,2015,490000,60000,Diesel
6660,Swift Dzire ZDi,Maruti,2008,200000,147000,Diesel
6661,Wagon R VXI BSIII,Maruti,2012,240000,35000,Petrol
6662,i20 1.2 Spotz,Hyundai,2018,655000,19500,Petrol
6663,i20 Active 1.2 SX,Hyundai,2018,620000,38426,Petrol
6664,Swift VXI Windsong Limited edition,Maruti,2015,450000,35000,Petrol
6665,Wagon R LXI BS IV,Maruti,2014,310000,35000,Petrol
6666,Alto LXi,Maruti,2007,150000,50000,Petrol
6667,Beat Diesel LT,Chevrolet,2012,180000,120000,Diesel
6668,Indica Vista TDI LS,Tata,2011,150000,120000,Diesel
6669,Figo Diesel EXI,Ford,2011,160000,112000,Diesel
6670,Scorpio EX,Mahindra,2013,600000,70000,Diesel
6671,Rapid 1.6 TDI Ambition Plus Alloy,Skoda,2012,380000,145000,Diesel
6672,Indigo LX,Tata,2007,120000,135000,Diesel
6673,Innova 2.5 EV Diesel PS 7 Seater BSIII,Toyota,2011,350000,500000,Diesel
6674,Indigo TDI,Tata,2012,135000,146000,Diesel
6675,Grand i10 1.2 Kappa Sportz BSIV,Hyundai,2018,610000,10000,Petrol
6676,Polo 1.5 TDI Comfortline,Volkswagen,2020,260000,50000,Diesel
6677,Xcent 1.2 VTVT S,Hyundai,2017,500000,25000,Petrol
6678,KWID 1.0,Renault,2016,220000,20000,Petrol
6679,Civic 1.8 S MT,Honda,2006,121000,70000,Petrol
6680,Indigo CS eLX BS IV,Tata,2017,350000,50000,Diesel
6681,Q3 35 TDI Quattro Technology,Audi,2018,2200000,25000,Diesel
6682,i20 1.4 CRDi Asta,Hyundai,2011,280000,100000,Diesel
6683,Nexon 1.2 Revotron XZ Plus,Tata,2020,919999,20000,Petrol
6684,i20 1.4 CRDi Asta,Hyundai,2011,320000,155000,Diesel
6685,Figo Diesel LXI,Ford,2012,140000,70000,Diesel
6686,SX4 VDI,Maruti,2012,310000,25000,Diesel
6687,800 EX 5 Speed,Maruti,2006,65000,120000,Petrol
6688,Enjoy TCDi LTZ 7 Seater,Chevrolet,2013,300000,90000,Diesel
6689,XE 2016-2019 2.0L Diesel Prestige,Jaguar,2017,2711000,9000,Diesel
6690,ES 300h,Lexus,2019,5150000,20000,Petrol
6691,XF 2.0 Diesel Portfolio,Jaguar,2017,3200000,45000,Diesel
6692,Safari Storme EX,Tata,2015,503000,110000,Diesel
6693,XC40 D4 Inscription BSIV,Volvo,2019,3800000,20000,Diesel
6694,Camry 2.5 Hybrid,Toyota,2016,2000000,68089,Petrol
6695,Wagon R LXI,Maruti,2013,225000,58343,Petrol
6696,Baleno Alpha 1.3,Maruti,2018,740000,38817,Diesel
6697,Jazz VX,Honda,2016,550000,56494,Petrol
6698,Innova 2.5 VX (Diesel) 7 Seater,Toyota,2013,750000,79328,Diesel
6699,Swift AMT VVT VXI,Maruti,2019,650000,5621,Petrol
6700,Etios VX,Toyota,2017,625000,25538,Petrol
6701,Swift AMT ZXI,Maruti,2018,600000,69779,Petrol
6702,Grand i10 1.2 CRDi Sportz,Hyundai,2017,450000,56290,Diesel
6703,X4 M Sport X xDrive20d,BMW,2019,5400000,7500,Diesel
6704,X4 M Sport X xDrive20d,BMW,2019,5500000,8500,Diesel
6705,Amaze V CVT Petrol BSIV,Honda,2019,779000,7032,Petrol
6706,Rapid 1.6 MPI AT Elegance,Skoda,2016,645000,11000,Petrol
6707,V40 D3 R-Design,Volvo,2018,2475000,2000,Diesel
6708,XUV500 W8 2WD,Mahindra,2011,575000,110000,Diesel
6709,Xenon XT EX 4X2,Tata,2014,440000,110000,Diesel
6710,Swift VDI,Maruti,2012,380000,100000,Diesel
6711,Manza Aura (ABS) Safire,Tata,2010,140000,116700,Petrol
6712,Zest Quadrajet 1.3 75PS XE,Tata,2015,475000,25000,Diesel
6713,Xylo D2,Mahindra,2011,200000,200000,Diesel
6714,Swift Ldi BSIV,Maruti,2010,400000,176062,Diesel
6715,Innova 2.5 G (Diesel) 8 Seater BS IV,Toyota,2008,425000,250000,Diesel
6716,Santro LP zipPlus,Hyundai,2003,68000,70000,Petrol
6717,Amaze Anniversary Edition,Honda,2015,509999,82000,Diesel
6718,i10 Era 1.1 iTech SE,Hyundai,2010,275000,80000,Petrol
6719,Enjoy 1.3 TCDi LTZ 7,Chevrolet,2017,650000,40000,Diesel
6720,Compass 2.0 Longitude Option BSIV,Jeep,2019,1850000,14000,Diesel
6721,Duster 4x4,Renault,2014,650000,129000,Diesel
6722,Punto EVO 1.3 Emotion,Fiat,2016,360000,60000,Diesel
6723,Ameo 1.5 TDI Highline Plus 16 AT,Volkswagen,2018,650000,82000,Diesel
6724,Rover Range Rover Evoque 2.2L Pure,Land,2013,2000000,77500,Diesel
6725,Enjoy 1.3 TCDi LTZ 7,Chevrolet,2017,675000,50000,Diesel
6726,800 AC,Maruti,2006,50000,40000,Petrol
6727,Wagon R VXI Opt 1.2,Maruti,2017,445000,39500,Petrol
6728,Elite i20 Sportz Plus Diesel,Hyundai,2018,750000,40000,Diesel
6729,Swift VDI,Maruti,2012,425000,56000,Diesel
6730,309 GLD,Peugeot,1997,57000,110000,Diesel
6731,i20 1.4 Asta Option,Hyundai,2017,850000,54000,Diesel
6732,Wagon R VXI BS IV,Maruti,2016,400000,20000,Petrol
6733,Indica V2 eLX,Tata,2014,200000,55896,Diesel
6734,Amaze SX i-DTEC,Honda,2016,550000,35000,Diesel
6735,Brio V MT,Honda,2012,250000,97000,Petrol
6736,Alto 800 LXI,Maruti,2014,206000,120000,Petrol
6737,EON Magna Plus,Hyundai,2014,290000,50000,Petrol
6738,Nano Lx BSIV,Tata,2010,45000,30400,Petrol
6739,XUV300 W8 Option Diesel BSIV,Mahindra,2019,1200000,15000,Diesel
6740,Sunny Diesel XL,Nissan,2012,220000,110000,Diesel
6741,New C-Class C 220 CDI Elegance AT,Mercedes-Benz,2008,515000,120000,Diesel
6742,Alto LX,Maruti,2010,170000,100000,Petrol
6743,Swift Vdi BSIII,Maruti,2010,260000,120000,Diesel
6744,Vento Diesel Highline,Volkswagen,2012,315000,130000,Diesel
6745,Alto K10 2010-2014 VXI,Maruti,2011,225000,76000,Petrol
6746,Jetta 2.0L TDI Comfortline,Volkswagen,2012,420000,110000,Diesel
6747,Scorpio VLX 4WD AIRBAG BSIV,Mahindra,2011,525000,96000,Diesel
6748,Swift AMT ZDI,Maruti,2018,670000,90000,Diesel
6749,Sunny Diesel XL,Nissan,2012,220000,110000,Diesel
6750,Figo Diesel Celebration Edition,Ford,2013,250000,25000,Diesel
6751,Swift Dzire VDi,Maruti,2009,229999,90000,Diesel
6752,Swift Dzire VDi,Maruti,2009,229999,164000,Diesel
6753,Amaze EX i-Vtech,Honda,2013,300000,120000,Petrol
6754,A-Star Vxi,Maruti,2010,165000,66000,Petrol
6755,New Safari DICOR 2.2 EX 4x4 BS IV,Tata,2010,295000,250000,Diesel
6756,Verna 1.6 CRDI,Hyundai,2011,360000,157000,Diesel
6757,Verna 1.6 CRDI,Hyundai,2011,380000,157000,Diesel
6758,KWID 1.0 RXT 02 Anniversary Edition,Renault,2017,300000,35000,Petrol
6759,Scorpio 2.6 Turbo 9 Str,Mahindra,2008,320000,100000,Diesel
6760,GO Plus T BSIV,Datsun,2016,325000,70000,Petrol
6761,Manza Aqua Quadrajet BS IV,Tata,2010,160000,30000,Diesel
6762,Bolero Power Plus SLE,Mahindra,2018,630000,40000,Diesel
6763,Swift VXI,Maruti,2020,600000,5000,Petrol
6764,Alto 800 VXI,Maruti,2014,229999,30000,Petrol
6765,Swift ZDi,Maruti,2014,440000,70000,Diesel
6766,Spark 1.0 LT,Chevrolet,2007,90000,60000,Petrol
6767,Ciaz VDI SHVS,Maruti,2017,750000,60000,Diesel
6768,City V MT,Honda,2012,330000,80000,Petrol
6769,Ciaz ZDi Plus SHVS,Maruti,2016,715000,70000,Diesel
6770,Fabia 1.2 TDI Active Plus,Skoda,2013,250000,150000,Diesel
6771,Zen Estilo 1.1 LX BSIII,Maruti,2007,120000,150000,Petrol
6772,Ikon 1.6 Nxt,Ford,2004,100000,25000,Petrol
6773,Rapid 1.5 TDI AT Style BSIV,Skoda,2017,850000,35000,Diesel
6774,Xcent 1.2 CRDi E Plus,Hyundai,2018,450000,48000,Diesel
6775,Polo Diesel Trendline 1.2L,Volkswagen,2012,240000,200000,Diesel
6776,Santro GLS I - Euro I,Hyundai,2000,30000,90000,Petrol
6777,Swift Dzire VDI,Maruti,2015,600000,135000,Diesel
6778,Enjoy 1.3 TCDi LS 7,Chevrolet,2016,280000,110000,Diesel
6779,Verna 1.6 SX,Hyundai,2012,465000,146000,Diesel
6780,Alto 800 LXI,Maruti,2018,350000,44000,Petrol
6781,i10 Magna 1.2 iTech SE,Hyundai,2013,325000,70000,Petrol
6782,Indica V2 DLS TC,Tata,2004,50000,271000,Diesel
6783,Alto LXi BSIII,Maruti,2006,110000,120000,Petrol
6784,Indigo eCS LX BSIV,Tata,2013,220000,80000,Diesel
6785,Bolero 2011-2019 SLE BSIII,Mahindra,2015,515000,60000,Diesel
6786,Ciaz 1.4 Sigma,Maruti,2018,750000,40000,Petrol
6787,EON Sportz,Hyundai,2018,350000,25000,Petrol
6788,Grand i10 1.2 Kappa Sportz BSIV,Hyundai,2019,488999,15000,Petrol
6789,Alto 800 LXI,Maruti,2017,300000,27000,Petrol
6790,Baleno Alpha 1.3,Maruti,2017,650000,35000,Diesel
6791,A-Star Vxi,Maruti,2014,250000,40000,Petrol
6792,Alto 800 LXI,Maruti,2014,200000,40000,Petrol
6793,Scorpio S10 7 Seater,Mahindra,2015,950000,75262,Diesel
6794,Indigo eCS LX BSIV,Tata,2012,200000,120000,Diesel
6795,EON 1.0 Era Plus,Hyundai,2016,276000,60000,Petrol
6796,EON Magna Plus,Hyundai,2014,250000,40000,Petrol
6797,Alto LX,Maruti,2008,95000,80000,Petrol
6798,Indigo CR4,Tata,2011,200000,70000,Diesel
6799,Verna 1.6 SX,Hyundai,2012,450000,100000,Diesel
6800,XUV500 W6 2WD,Mahindra,2013,900000,18000,Diesel
6801,Indigo CS LX (TDI) BS III,Tata,2010,200000,175000,Diesel
6802,i10 Sportz,Hyundai,2010,200000,70000,Petrol
6803,Bolero 2011-2019 SLE,Mahindra,2011,370000,91863,Diesel
6804,Indigo CS GLX BS III,Tata,2008,250000,100000,Petrol
6805,KWID RXT,Renault,2016,290000,10000,Petrol
6806,Ertiga SHVS VDI,Maruti,2018,900000,35000,Diesel
6807,Figo Diesel Celebration Edition,Ford,2013,325000,120000,Diesel
6808,Grand i10 Magna,Hyundai,2016,425000,30000,Petrol
6809,KWID RXT,Renault,2016,315000,60000,Petrol
6810,Alto K10 VXI,Maruti,2014,300000,70000,Petrol
6811,i10 Sportz,Hyundai,2013,325000,70000,Petrol
6812,Creta 1.4 CRDi S,Hyundai,2016,900000,130000,Diesel
6813,Creta 1.4 CRDi S Plus,Hyundai,2016,950000,133000,Diesel
6814,Vento Diesel Trendline,Volkswagen,2010,320000,120000,Diesel
6815,Ameo 1.0 MPI Trendline,Volkswagen,2019,500000,20000,Petrol
6816,Figo Petrol LXI,Ford,2012,290000,25000,Petrol
6817,Nano Lx BSIV,Tata,2012,60000,90000,Petrol
6818,A-Star Vxi,Maruti,2009,120000,140000,Petrol
6819,City i-DTEC VX,Honda,2017,850000,103000,Diesel
6820,Innova Crysta 2.4 GX MT BSIV,Toyota,2017,1750000,23000,Diesel
6821,City i DTEC V,Honda,2015,600000,128000,Diesel
6822,Polo 1.5 TDI Highline,Volkswagen,2015,620000,33000,Diesel
6823,Alto LXi BSIII,Maruti,2009,150000,70000,Petrol
6824,Santro Xing GL,Hyundai,2011,150000,40000,Petrol
6825,Indigo Grand Petrol,Tata,2008,135000,40000,Petrol
6826,Indica Vista Terra 1.4 TDI,Tata,2011,200000,80000,Diesel
6827,Ciaz ZDi,Maruti,2015,730000,70000,Diesel
6828,Innova 2.5 G (Diesel) 8 Seater,Toyota,2013,800000,100000,Diesel
6829,Xylo E8,Mahindra,2009,300000,90000,Diesel
6830,Figo Diesel Titanium,Ford,2012,190000,112000,Diesel
6831,Civic 1.8 V MT Inspire,Honda,2011,350000,50000,Petrol
6832,Xcent 1.1 CRDi S,Hyundai,2015,509999,62000,Diesel
6833,Ertiga LDI,Maruti,2012,400000,90000,Diesel
6834,Innova 2.5 VX (Diesel) 7 Seater,Toyota,2013,800000,80000,Diesel
6835,Manza Club Class Quadrajet90 LS,Tata,2013,250000,50000,Diesel
6836,Creta 1.6 CRDi SX,Hyundai,2016,930000,47552,Diesel
6837,Vitara Brezza ZDi Plus Dual Tone,Maruti,2016,720000,40000,Diesel
6838,Figo Petrol EXI,Ford,2011,225000,15000,Petrol
6839,EcoSport 1.5 Diesel Titanium Plus BSIV,Ford,2019,950000,20000,Diesel
6840,i20 Active 1.2,Hyundai,2018,530000,52000,Petrol
6841,i20 Magna 1.2,Hyundai,2016,470000,70000,Petrol
6842,Bolero Power Plus Plus AC BSIV PS,Mahindra,2017,650000,110000,Diesel
6843,Safari Storme LX,Tata,2014,540000,77500,Diesel
6844,Swift VDI BSIV,Maruti,2015,459999,100000,Diesel
6845,KWID RXL,Renault,2019,325000,14700,Petrol
6846,Omni MPI STD BSIV,Maruti,2016,240000,40000,Petrol
6847,KUV 100 mFALCON G80 K2,Mahindra,2017,400000,32000,Petrol
6848,Alto LXI,Maruti,2004,70000,70000,Petrol
6849,Swift Dzire VXi,Maruti,2009,250000,80000,Petrol
6850,Innova 2.5 G (Diesel) 8 Seater,Toyota,2014,910000,80000,Diesel
6851,Swift Dzire VDI,Maruti,2018,720000,25000,Diesel
6852,Swift Dzire ZDI,Maruti,2015,590000,50000,Diesel
6853,Tavera Neo 3 10 Seats BSIII,Chevrolet,2015,434000,120000,Diesel
6854,Bolero DI BSIII,Mahindra,2006,145000,170000,Diesel
6855,KUV 100 G80 K4 Plus 5Str,Mahindra,2018,445000,19700,Petrol
6856,Santro Xing GL Plus LPG,Hyundai,2011,191000,70000,LPG
6857,Figo Aspire 1.5 TDCi Titanium,Ford,2018,372000,50000,Diesel
6858,Wagon R LXI,Maruti,2005,65000,90000,Petrol
6859,Santro GLS I - Euro II,Hyundai,2007,150000,60000,Petrol
6860,Figo Diesel LXI,Ford,2015,300000,140000,Diesel
6861,Scorpio 2.6 DX,Mahindra,2003,125000,120000,Diesel
6862,Tigor 1.2 Revotron XZ Option,Tata,2017,520000,40000,Petrol
6863,Alto 800 LXI,Maruti,2014,190000,70000,Petrol
6864,RediGO 1.0 S,Datsun,2018,310000,7000,Petrol
6865,Innova 2.5 VX 8 STR BSIV,Toyota,2012,750000,90000,Diesel
6866,TUV 300 mHAWK100 T8 AMT,Mahindra,2016,750000,110000,Diesel
6867,Alto K10 VXI,Maruti,2019,350000,15000,Petrol
6868,Alto 800 VXI,Maruti,2020,360000,5000,Petrol
6869,KWID RXE,Renault,2017,285000,5000,Petrol
6870,Alto 800 LX,Maruti,2013,160000,70000,Petrol
6871,GO Plus D,Datsun,2015,229999,60000,Petrol
6872,Alto LXi,Maruti,2007,85000,120000,Petrol
6873,RediGO 1.0 S,Datsun,2018,300000,7000,Petrol
6874,Scorpio 2009-2014 SLE 7S BSIV,Mahindra,2014,675000,120000,Diesel
6875,Scorpio 2009-2014 SLE 7S BSIII,Mahindra,2014,700000,145241,Diesel
6876,Scorpio 2.6 Turbo 7 Str,Mahindra,2008,400000,110000,Diesel
6877,KWID RXT,Renault,2016,254999,30000,Petrol
6878,Scorpio S10 7 Seater,Mahindra,2015,1050000,80000,Diesel
6879,Swift Dzire VDI,Maruti,2013,390000,100000,Diesel
6880,Etios Liva GD,Toyota,2015,450000,80000,Diesel
6881,Innova Crysta 2.8 GX AT BSIV,Toyota,2016,1630000,40000,Diesel
6882,Vitara Brezza VDi Option,Maruti,2017,725000,50000,Diesel
6883,Safari Storme LX,Tata,2013,466000,95500,Diesel
6884,Figo 1.2P Ambiente MT,Ford,2017,370000,40000,Petrol
6885,Zen Estilo 1.1 VXI BSIII,Maruti,2007,150000,70000,Petrol
6886,Celerio ZXI Optional,Maruti,2017,483000,15000,Petrol
6887,Grand i10 Magna,Hyundai,2016,470000,10000,Petrol
6888,Vitara Brezza ZDi Plus Dual Tone,Maruti,2018,950000,25000,Diesel
6889,Verna 1.6 VTVT,Hyundai,2013,450000,50000,Petrol
6890,Etios VX,Toyota,2011,345000,70000,Petrol
6891,A-Star Vxi,Maruti,2009,300000,60000,Petrol
6892,Zen Estilo VXI BSIII,Maruti,2007,160000,74800,Petrol
6893,800 AC BSIII,Maruti,2004,120000,80000,Petrol
6894,Zest Revotron 1.2 XT,Tata,2020,500000,40000,Petrol
6895,XUV500 W9 2WD,Mahindra,2018,1350000,40000,Diesel
6896,Grand i10 1.2 CRDi Asta,Hyundai,2017,455000,50000,Diesel
6897,EON Era Plus,Hyundai,2013,165000,45000,Petrol
6898,Swift VXI Optional,Maruti,2016,470000,23700,Petrol
6899,Swift VXI Deca,Maruti,2016,470000,23700,Petrol
6900,Compass 1.4 Sport,Jeep,2019,1520000,10000,Petrol
6901,Alto K10 VXI,Maruti,2014,229999,53473,Petrol
6902,Bolero 2011-2019 DI NON AC BS III White,Mahindra,2011,250000,100000,Diesel
6903,XUV500 W10 2WD,Mahindra,2016,1350000,25000,Diesel
6904,Santro Xing GLS,Hyundai,2013,220000,80000,Petrol
6905,Xcent 1.1 CRDi S,Hyundai,2015,360000,120000,Diesel
6906,Alto K10 VXI,Maruti,2018,350000,40000,Petrol
6907,Verna 1.6 SX CRDi (O),Hyundai,2012,500000,70000,Diesel
6908,Beat Diesel LT,Chevrolet,2013,145000,90000,Diesel
6909,Sail Hatchback 1.2,Chevrolet,2014,300000,51000,Petrol
6910,Indica Vista Aqua 1.3 Quadrajet (ABS),Tata,2010,180000,87000,Diesel
6911,Accent GLE,Hyundai,2009,180000,87000,Petrol
6912,Bolero GLX,Mahindra,2006,200000,120000,Diesel
6913,Swift Dzire VDI,Maruti,2013,530000,40000,Diesel
6914,Duster 110PS Diesel RxL,Renault,2014,620000,90000,Diesel
6915,Etios G,Toyota,2015,360000,110000,Petrol
6916,Santro Xing GLS,Hyundai,2010,245000,86000,Petrol
6917,Swift VDI BSIV,Maruti,2009,370000,120000,Diesel
6918,Ikon 1.6 Really Sport,Ford,2003,130000,80000,Petrol
6919,Esteem LX - BSIII,Maruti,1999,70000,65000,Petrol
6920,Esteem LX - BSIII,Maruti,1999,70000,70000,Petrol
6921,Fiesta 1.5 TDCi Titanium,Ford,2014,650000,140000,Diesel
6922,Swift VXI,Maruti,2019,610000,18000,Petrol
6923,Alto K10 VXI,Maruti,2015,300000,24000,Petrol
6924,Grand i10 CRDi Magna,Hyundai,2014,425000,60000,Diesel
6925,Verna 1.6 SX CRDi (O),Hyundai,2012,450000,150000,Diesel
6926,Verna 1.6 CRDI,Hyundai,2011,450000,108000,Diesel
6927,i10 Sportz AT,Hyundai,2011,340000,60000,Petrol
6928,Ertiga LDI Option,Maruti,2013,650000,90000,Diesel
6929,Indigo CS LS (TDI) BS III,Tata,2009,160000,70000,Diesel
6930,Indica Vista TDI LS,Tata,2014,250000,120000,Diesel
6931,Beat Diesel LT,Chevrolet,2012,225000,100000,Diesel
6932,Indica V2 2001-2011 DLS BSIII,Tata,2007,55000,75958,Diesel
6933,800 AC,Maruti,1996,42000,70000,Petrol
6934,Indica Vista Aqua 1.3 Quadrajet (ABS),Tata,2012,250000,100000,Diesel
6935,Tucson CRDi,Hyundai,2006,282000,128000,Diesel
6936,Indica V2 DLS TC,Tata,2007,80000,110000,Diesel
6937,Swift Dzire VXI,Maruti,2016,500000,40000,Petrol
6938,Figo Aspire 1.5 TDCi Ambiente,Ford,2016,500000,70000,Diesel
6939,Swift VDI,Maruti,2011,400000,60000,Diesel
6940,Bolero 2011-2019 SLX,Mahindra,2013,550000,90000,Diesel
6941,New Safari Dicor LX 4X2 BS IV,Tata,2007,200000,70000,Diesel
6942,i10 Sportz,Hyundai,2012,280000,65000,Petrol
6943,Swift Dzire VDI,Maruti,2014,580000,88000,Diesel
6944,Manza Aura (ABS) Quadrajet,Tata,2009,100000,80000,Diesel
6945,Scorpio EX,Mahindra,2014,550000,60000,Diesel
6946,TUV 300 T4 Plus,Mahindra,2017,700000,38000,Diesel
6947,Manza Aqua Safire,Tata,2010,150000,80000,Petrol
6948,EON Magna Plus,Hyundai,2014,190000,60000,Petrol
6949,Bolero 2011-2019 SLE,Mahindra,2013,500000,110000,Diesel
6950,Swift VDI BSIV,Maruti,2017,640000,110000,Diesel
6951,Fabia 1.2L Diesel Elegance,Skoda,2011,340000,145000,Diesel
6952,Elite i20 Asta Option Diesel,Hyundai,2019,811000,43000,Diesel
6953,Ritz LDi,Maruti,2016,409999,120000,Diesel
6954,Swift Lxi BSIII,Maruti,2007,220000,136000,Petrol
6955,Indica V2 DLS BSIII,Tata,2013,170000,120000,Diesel
6956,Elite i20 Petrol Asta Option,Hyundai,2018,700000,25000,Petrol
6957,Scorpio S10 4WD,Mahindra,2015,950000,80000,Diesel
6958,Accent GLS 1.6 ABS,Hyundai,2003,80000,40000,Petrol
6959,XE 2016-2019 2.0L Diesel Prestige,Jaguar,2017,2711000,9000,Diesel
6960,ES 300h,Lexus,2019,5150000,20000,Petrol
6961,XF 2.0 Diesel Portfolio,Jaguar,2017,3200000,45000,Diesel
6962,Safari Storme EX,Tata,2015,503000,110000,Diesel
6963,XC40 D4 Inscription BSIV,Volvo,2019,3800000,20000,Diesel
6964,Camry 2.5 Hybrid,Toyota,2016,2000000,68089,Petrol
6965,Wagon R LXI,Maruti,2013,225000,58343,Petrol
6966,Baleno Alpha 1.3,Maruti,2018,740000,38817,Diesel
6967,Jazz VX,Honda,2016,550000,56494,Petrol
6968,Innova 2.5 VX (Diesel) 7 Seater,Toyota,2013,750000,79328,Diesel
6969,Swift AMT VVT VXI,Maruti,2019,650000,5621,Petrol
6970,Etios VX,Toyota,2017,625000,25538,Petrol
6971,Swift AMT ZXI,Maruti,2018,600000,69779,Petrol
6972,Grand i10 1.2 CRDi Sportz,Hyundai,2017,450000,56290,Diesel
6973,X4 M Sport X xDrive20d,BMW,2019,5400000,7500,Diesel
6974,X4 M Sport X xDrive20d,BMW,2019,5500000,8500,Diesel
6975,Amaze V CVT Petrol BSIV,Honda,2019,779000,7032,Petrol
6976,Rapid 1.6 MPI AT Elegance,Skoda,2016,645000,11000,Petrol
6977,V40 D3 R-Design,Volvo,2018,2475000,2000,Diesel
6978,Swift Dzire VDI,Maruti,2014,420000,120000,Diesel
6979,S-Cross 2017-2020 Zeta DDiS 200 SH,Maruti,2018,899000,35000,Diesel
6980,GO T Petrol,Datsun,2019,459999,35000,Petrol
6981,Verna CRDi SX ABS,Hyundai,2008,150000,120000,Diesel
6982,KWID 1.0 RXT Optional,Renault,2017,350000,25000,Petrol
6983,Etios GD,Toyota,2015,509999,100000,Diesel
6984,Bolero 2011-2019 Plus Non AC,Mahindra,2013,500000,120000,Diesel
6985,Zest Revotron 1.2 XT,Tata,2017,370000,35000,Petrol
6986,Alto K10 2010-2014 VXI,Maruti,2013,240000,44000,Petrol
6987,i20 Asta 1.4 CRDi,Hyundai,2015,530000,100000,Diesel
6988,Scorpio S10 7 Seater,Mahindra,2015,1000000,133000,Diesel
6989,Innova Crysta 2.4 VX MT BSIV,Toyota,2018,1600000,35000,Diesel
6990,i10 Sportz,Hyundai,2014,350000,64000,Petrol
6991,XUV500 AT W10 FWD,Mahindra,2015,1100000,70000,Diesel
6992,i20 1.2 Magna,Hyundai,2011,220000,70000,Petrol
6993,Grand i10 Sportz,Hyundai,2015,350000,100000,Petrol
6994,Swift LDI,Maruti,2013,370000,90000,Diesel
6995,Swift Dzire VXi,Maruti,2014,220000,50000,Petrol
6996,Sail Hatchback LT ABS,Chevrolet,2013,200000,80000,Diesel
6997,KUV 100 mFALCON D75 K4,Mahindra,2017,400000,50000,Diesel
6998,Grande Punto 1.4 Emotion,Fiat,2009,150000,55000,Petrol
6999,Innova Crysta 2.7 GX AT 8 STR,Toyota,2020,1500000,40000,Petrol
7000,Omni 5 Seater BSIV,Maruti,2011,130000,70000,Petrol
7001,Alto 800 LXI,Maruti,2013,185000,80000,Petrol
7002,Santro Xing (Non-AC),Hyundai,2010,110000,80000,Petrol
7003,Bolero 2011-2019 SLX,Mahindra,2012,450000,120000,Diesel
7004,Grand i10 1.2 Kappa Sportz BSIV,Hyundai,2018,500000,20000,Petrol
7005,EcoSport 1.5 Petrol Ambiente BSIV,Ford,2017,570000,31596,Petrol
7006,XUV500 W6 2WD,Mahindra,2013,650000,85710,Diesel
7007,Fortuner 3.0 Diesel,Toyota,2012,1680000,129627,Diesel
7008,RediGO T Option,Datsun,2018,250000,10000,Petrol
7009,i10 Sportz,Hyundai,2014,320000,15000,Petrol
7010,Wagon R AMT VXI,Maruti,2017,440000,35000,Petrol
7011,i20 Sportz 1.2,Hyundai,2013,315000,49000,Petrol
7012,Santro Xing ABS,Hyundai,2007,100000,70000,Petrol
7013,Manza Aura Quadrajet,Tata,2010,202999,158000,Diesel
7014,EON Era,Hyundai,2012,179000,30000,Petrol
7015,i10 Magna 1.2 iTech SE,Hyundai,2008,140000,60000,Petrol
7016,Zen Estilo 1.1 LXI BSIII,Maruti,2008,150000,40000,Petrol
7017,Bolero SLX,Mahindra,2011,440000,60000,Diesel
7018,Figo Diesel EXI,Ford,2011,250000,55130,Diesel
7019,Wagon R VXI BS IV,Maruti,2014,330000,22000,Petrol
7020,Figo Petrol ZXI,Ford,2010,250000,48000,Petrol
7021,i20 Magna,Hyundai,2012,335000,45000,Petrol
7022,XUV500 W4,Mahindra,2016,1025000,22522,Diesel
7023,i20 1.2 Magna,Hyundai,2012,320000,51856,Petrol
7024,Ciaz RS ZXi Plus,Maruti,2015,550000,29434,Petrol
7025,WR-V i-DTEC VX,Honda,2018,800000,25000,Diesel
7026,Tiago 1.2 Revotron XZ,Tata,2017,380000,28000,Petrol
7027,Duster 85PS Diesel RxL Optional,Renault,2013,400000,44500,Diesel
7028,Wagon R VXI BS IV,Maruti,2016,375000,34500,Petrol
7029,City i-VTEC CVT ZX,Honda,2017,1100000,20000,Petrol
7030,i20 1.2 Spotz,Hyundai,2018,650000,15000,Petrol
7031,Micra XV CVT,Nissan,2014,361000,26000,Petrol
7032,EON D Lite Plus,Hyundai,2012,140000,20000,Petrol
7033,Xcent 1.2 VTVT S,Hyundai,2019,550000,3000,Petrol
7034,Amaze VX Petrol BSIV,Honda,2019,670000,20000,Petrol
7035,Vitara Brezza ZDi Plus,Maruti,2017,880000,25000,Diesel
7036,EcoSport 1.5 Diesel Titanium Plus BSIV,Ford,2018,950000,35000,Diesel
7037,Cruze LTZ,Chevrolet,2010,300000,60000,Diesel
7038,City i-VTEC CVT VX,Honda,2017,1150000,6825,Petrol
7039,Cruze LTZ AT,Chevrolet,2015,450000,155000,Diesel
7040,Eeco CNG 5 Seater AC BSIV,Maruti,2018,375000,50000,CNG
7041,Ertiga BSIV VXI,Maruti,2016,600000,13500,Petrol
7042,Innova 2.5 V Diesel 8-seater,Toyota,2008,700000,260000,Diesel
7043,Xcent 1.2 CRDi S,Hyundai,2018,600000,65000,Diesel
7044,Xylo H9,Mahindra,2014,630000,95000,Diesel
7045,Ciaz ZXi,Maruti,2016,590000,40000,Petrol
7046,Santro Era,Hyundai,2019,420000,30000,Petrol
7047,Pajero Sport 4X4 Dual Tone,Mitsubishi,2016,1950000,120000,Diesel
7048,New Safari Dicor EX 4X2 BS IV,Tata,2013,541000,112011,Diesel
7049,Innova 2.5 G (Diesel) 7 Seater,Toyota,2015,900000,125000,Diesel
7050,Innova 2.5 G (Diesel) 7 Seater,Toyota,2015,900000,125000,Diesel
7051,Manza Aura Quadrajet,Tata,2009,250000,43000,Diesel
7052,Bolero 2011-2019 SLE,Mahindra,2019,670000,53534,Diesel
7053,Tigor 2017-2020 XZ Plus,Tata,2019,530000,20000,Petrol
7054,Beat Diesel LT,Chevrolet,2012,150000,70000,Diesel
7055,XUV500 W8 2WD,Mahindra,2013,550000,70000,Diesel
7056,Scorpio 1.99 S4 Plus,Mahindra,2015,650000,150000,Diesel
7057,Indica Vista TDI LX,Tata,2012,180000,100000,Diesel
7058,Thar 4X4,Mahindra,2015,585000,50000,Diesel
7059,i20 Magna,Hyundai,2013,345000,120000,Petrol
7060,Swift VDI,Maruti,2013,350000,110000,Diesel
7061,BRV i-VTEC V MT,Honda,2016,725000,140000,Petrol
7062,Venture EX 7 Str,Tata,2012,250000,120000,Diesel
7063,800 AC,Maruti,2002,45000,70000,Petrol
7064,Innova 2.5 E Diesel MS 8-seater,Toyota,2007,409999,248119,Diesel
7065,KWID 1.0 RXT Optional,Renault,2017,325000,16500,Petrol
7066,Alto K10 VXI,Maruti,2016,350000,9900,Petrol
7067,Alto LXi,Maruti,2012,180000,80000,Petrol
7068,Linea Emotion,Fiat,2010,150000,100000,Petrol
7069,Dzire ZXI,Maruti,2020,700000,20000,Petrol
7070,Ciaz ZDi Plus SHVS,Maruti,2016,795000,90000,Diesel
7071,Thar CRDe,Mahindra,2019,950000,15000,Diesel
7072,Vento 1.5 Highline Plus AT 16 Alloy,Volkswagen,2018,885000,75000,Diesel
7073,Ritz LDi,Maruti,2011,160000,140000,Diesel
7074,i20 1.4 CRDi Asta,Hyundai,2012,300000,120000,Diesel
7075,Vento 1.5 Highline Plus AT 16 Alloy,Volkswagen,2018,950000,75000,Diesel
7076,Ertiga VDI,Maruti,2015,549000,90000,Diesel
7077,A3 35 TDI Premium Plus,Audi,2018,3000000,20000,Diesel
7078,Innova 2.5 VX (Diesel) 7 Seater,Toyota,2015,1200000,61000,Diesel
7079,Fluence Diesel E4,Renault,2012,570000,100000,Diesel
7080,Thar CRDe,Mahindra,2017,800000,60000,Diesel
7081,Verna CRDi SX ABS,Hyundai,2009,375000,100000,Diesel
7082,Bolero SLX,Mahindra,2009,300000,170000,Diesel
7083,Etios G,Toyota,2013,350000,100000,Petrol
7084,Bolero SLX,Mahindra,2011,400000,120000,Diesel
7085,Polo 1.5 TDI Comfortline,Volkswagen,2015,434999,50000,Diesel
7086,Etios Liva G,Toyota,2012,200000,120000,Petrol
7087,Alto 800 LXI,Maruti,2015,260000,25000,Petrol
7088,Swift VDI,Maruti,2013,450000,24019,Diesel
7089,Verna 1.6 SX,Hyundai,2013,459999,80000,Diesel
7090,Ritz VDi ABS,Maruti,2011,210000,100000,Diesel
7091,Swift Dzire VXI,Maruti,2015,540000,93000,Petrol
7092,Ertiga SHVS VDI,Maruti,2017,710000,50000,Diesel
7093,Alto 800 VXI,Maruti,2018,285000,22000,Petrol
7094,Creta 1.4 E Plus,Hyundai,2019,990000,19600,Diesel
7095,Indigo CS eGLS BS IV,Tata,2017,362000,104000,Petrol
7096,EcoSport 1.5 Diesel Titanium Plus BSIV,Ford,2017,880000,33000,Diesel
7097,TUV 300 mHAWK100 T8,Mahindra,2017,700000,60000,Diesel
7098,Bolero 2011-2019 DI - AC BS III,Mahindra,2016,600000,60000,Diesel
7099,Terrano XL,Nissan,2015,700000,40000,Petrol
7100,Tiago 1.05 Revotorq XT,Tata,2016,400000,60000,Diesel
7101,Accent Executive LPG,Hyundai,2010,165000,80000,LPG
7102,Innova 2.5 V Diesel 8-seater,Toyota,2007,350000,376412,Diesel
7103,Ertiga VXI,Maruti,2014,425000,80000,Petrol
7104,Santro Xing GL Plus,Hyundai,2012,180000,70000,Petrol
7105,Alto K10 2010-2014 VXI,Maruti,2012,170000,90000,Petrol
7106,Bolero 2011-2019 DI NON AC BS III White,Mahindra,2014,370000,183000,Diesel
7107,Vitara Brezza VDi,Maruti,2018,800000,27000,Diesel
7108,EcoSport 1.5 Diesel Titanium Plus BSIV,Ford,2017,900000,35000,Diesel
7109,Swift VDI,Maruti,2013,390000,120000,Diesel
7110,Swift Dzire VDI,Maruti,2014,445000,80000,Diesel
7111,Swift Dzire VDI,Maruti,2014,459999,70000,Diesel
7112,Wagon R LXI DUO BS IV,Maruti,2013,275000,55000,LPG
7113,Ritz VDi,Maruti,2009,200000,120000,Diesel
7114,Swift Dzire 1.2 Lxi BSIV,Maruti,2012,350000,72000,Petrol
7115,New Safari 4X4 EXI BSIII,Tata,2007,95000,120000,Diesel
7116,Etios GD,Toyota,2014,550000,250000,Diesel
7117,Tavera Neo 3 LT 9 Seats BSIII,Chevrolet,2016,900000,100000,Diesel
7118,Sumo Gold GX,Tata,2013,350000,120000,Diesel
7119,Micra XV CVT,Nissan,2015,325000,50000,Petrol
7120,Grand i10 Asta,Hyundai,2014,455999,32000,Petrol
7121,Alto STD,Maruti,2008,129000,60000,Petrol
7122,Alto 800 LXI,Maruti,2017,254000,40000,Petrol
7123,Ecosport 1.5 Diesel Trend,Ford,2014,570000,48000,Diesel
7124,Terrano XL D Option,Nissan,2018,840000,30000,Diesel
7125,New Safari DICOR 2.2 GX 4x2 BS IV,Tata,2010,235000,100000,Diesel
7126,TUV 300 T6,Mahindra,2016,700000,50000,Diesel
7127,Santro Xing ABS,Hyundai,2010,140000,40000,Petrol
7128,Grand i10 1.2 Kappa Sportz Option,Hyundai,2018,528000,5000,Petrol
7129,Compass 2.0 Limited Option,Jeep,2017,1500000,12000,Diesel
7130,Bolero 2011-2019 DI - AC BS III,Mahindra,2016,560000,72000,Diesel
7131,Bolero 2011-2019 DI - AC BS III,Mahindra,2016,600000,70000,Diesel
7132,Aveo U-VA 1.2 LS,Chevrolet,2007,102000,50000,Petrol
7133,XUV500 W8 AWD,Mahindra,2014,750000,70000,Diesel
7134,Aveo U-VA 1.2,Chevrolet,2010,148000,70000,Petrol
7135,Baleno Alpha 1.2,Maruti,2015,650000,50000,Petrol
7136,Polo Petrol Trendline 1.2L,Volkswagen,2012,310000,40000,Petrol
7137,Xcent 1.2 Kappa S,Hyundai,2014,480000,30000,Petrol
7138,Alto 800 VXI,Maruti,2018,320000,15000,Petrol
7139,City i VTEC VX,Honda,2015,750000,40000,Petrol
7140,Micra Active XL Petrol,Nissan,2017,370000,40000,Petrol
7141,Swift ZXI,Maruti,2013,320000,60000,Petrol
7142,Swift ZXI,Maruti,2013,420000,67000,Petrol
7143,Swift Dzire VXi,Maruti,2010,240000,60000,Petrol
7144,RediGO 1.0 S,Datsun,2017,220000,60000,Petrol
7145,Tiago 1.2 Revotron XM,Tata,2016,350000,30000,Petrol
7146,Amaze VX i-DTEC,Honda,2018,675000,40000,Diesel
7147,Etios Cross 1.2L G,Toyota,2016,434999,50000,Petrol
7148,CR-V 2.0L 2WD AT,Honda,2006,125000,200000,Petrol
7149,KUV 100 mFALCON G80 K6 AW,Mahindra,2016,400000,14000,Petrol
7150,Tavera Neo 3 9 Str BSIII,Chevrolet,2015,425000,70000,Diesel
7151,Ritz Genus VDi,Maruti,2010,311000,94000,Diesel
7152,Tavera Neo 3 10 Seats BSIII,Chevrolet,2015,509999,197000,Diesel
7153,Figo 1.5D Trend MT,Ford,2015,530000,79000,Diesel
7154,Octavia Rider 1.9 AT TDI,Skoda,2008,210000,120000,Diesel
7155,Marazzo M2 8Str BSIV,Mahindra,2019,977000,30000,Diesel
7156,Wagon R VXI BS IV,Maruti,2018,440000,20000,Petrol
7157,Wagon R VXI BS IV,Maruti,2018,440000,17000,Petrol
7158,i20 1.2 Spotz,Hyundai,2018,655000,20000,Petrol
7159,KWID RXT Optional,Renault,2016,295000,60000,Petrol
7160,i20 1.2 Spotz,Hyundai,2018,655000,20000,Petrol
7161,Getz 1.1 GLE,Hyundai,2007,65000,70000,Petrol
7162,Hexa XT,Tata,2017,1200000,150000,Diesel
7163,Hexa XM,Tata,2017,1251000,35000,Diesel
7164,Indigo CS eLX BS IV,Tata,2010,200000,60000,Diesel
7165,i20 Active 1.4 SX with AVN,Hyundai,2016,750000,40000,Diesel
7166,Wagon R LXI CNG,Maruti,2018,400000,60000,CNG
7167,Amaze E i-VTEC,Honda,2017,475000,57000,Petrol
7168,Indigo VS,Tata,2012,110000,120000,Diesel
7169,KWID 1.0 RXT 02 Anniversary Edition,Renault,2017,350000,30000,Petrol
7170,Swift Dzire Tour LDI,Maruti,2016,450000,175000,Diesel
7171,Indigo LX,Tata,2010,150000,90000,Diesel
7172,Indica V2 DLS,Tata,2009,80000,110000,Diesel
7173,i20 Magna 1.2,Hyundai,2015,430000,35000,Petrol
7174,Innova Crysta 2.4 ZX MT BSIV,Toyota,2017,1450000,81000,Diesel
7175,Cruze LTZ,Chevrolet,2011,360000,100000,Diesel
7176,Hexa XTA,Tata,2017,1445000,60000,Diesel
7177,City i DTec S,Honda,2016,670000,60000,Diesel
7178,GLA Class 200,Mercedes-Benz,2016,2000000,70000,Petrol
7179,Swift 1.3 VXi,Maruti,2010,175000,83000,Petrol
7180,Amaze S i-Dtech,Honda,2015,440000,50000,Diesel
7181,i20 1.4 CRDi Era,Hyundai,2012,254999,90000,Diesel
7182,GO Plus A Option Petrol,Datsun,2018,530000,65000,Petrol
7183,XUV500 W4 1.99 mHawk,Mahindra,2016,890000,40000,Diesel
7184,Polo Diesel Comfortline 1.2L,Volkswagen,2013,280000,80000,Diesel
7185,Swift Dzire AMT ZXI,Maruti,2017,725000,35000,Petrol
7186,TUV 300 T8,Mahindra,2016,700000,30000,Diesel
7187,Zen Estilo LXI BSIII,Maruti,2007,90000,70000,Petrol
7188,i10 Magna 1.1L,Hyundai,2015,287000,100000,Petrol
7189,Creta 1.6 SX Automatic,Hyundai,2018,1380000,55000,Petrol
7190,Innova 2.5 G (Diesel) 7 Seater,Toyota,2013,750000,80000,Diesel
7191,Verna 1.4 VTVT,Hyundai,2016,650000,40000,Petrol
7192,Wagon R LXI BS IV,Maruti,2013,240000,108916,Petrol
7193,EON Magna Optional,Hyundai,2013,290000,40000,Petrol
7194,EON Era Plus,Hyundai,2014,229999,80000,Petrol
7195,City i DTec VX,Honda,2016,1000000,50000,Diesel
7196,Santro Xing GL Plus,Hyundai,2012,200000,90000,Petrol
7197,Alto LX,Maruti,2004,90000,70000,Petrol
7198,i20 1.4 CRDi Asta,Hyundai,2012,330000,90000,Diesel
7199,Ritz VDi ABS,Maruti,2009,200000,70000,Diesel
7200,KUV 100 D75 K4 Plus,Mahindra,2018,420000,31000,Diesel
7201,Swift Dzire VDi,Maruti,2009,260000,120000,Diesel
7202,i20 Sportz 1.2,Hyundai,2016,590000,40000,Petrol
7203,Swift VDI BSIV,Maruti,2015,545000,180000,Diesel
7204,Wagon R LXI BS IV,Maruti,2011,210000,90000,Petrol
7205,City 2017-2020 GXi,Honda,2008,185000,110000,Petrol
7206,Wagon R LXI,Maruti,2006,125000,59000,Petrol
7207,EON Magna Plus,Hyundai,2014,280000,60000,Petrol
7208,Santro Xing XO,Hyundai,2005,99000,89500,Petrol
7209,Wagon R VXI,Maruti,2005,98000,70000,Petrol
7210,Indica Vista Aqua 1.4 TDI,Tata,2009,100000,190000,Diesel
7211,Verito Vibe 1.5 dCi D4,Mahindra,2013,250000,180000,Diesel
7212,Fortuner 3.0 Diesel,Toyota,2010,750000,150000,Diesel
7213,Optra Magnum 2.0 LS,Chevrolet,2007,160000,130000,Diesel
7214,Verna 1.6 CRDi EX AT,Hyundai,2013,509999,120000,Diesel
7215,Indica V2 DL,Tata,2009,95000,80000,Diesel
7216,Verna 1.6 SX CRDi (O),Hyundai,2014,525000,80000,Diesel
7217,RediGO 1.0 T Option,Datsun,2017,278000,20000,Petrol
7218,800 AC,Maruti,1997,50000,60000,Petrol
7219,Polo Diesel Highline 1.2L,Volkswagen,2011,254999,120000,Diesel
7220,Swift Dzire VXI 1.2,Maruti,2019,675000,10000,Petrol
7221,Swift Dzire VDI,Maruti,2016,600000,147000,Diesel
7222,S-Cross 2017-2020 Zeta DDiS 200 SH,Maruti,2018,950000,51000,Diesel
7223,City 2017-2020 GXi,Honda,2007,229999,60000,Petrol
7224,Innova 2.5 G4 Diesel 8-seater,Toyota,2009,600000,220000,Diesel
7225,Alto 800 VXI Optional,Maruti,2017,330000,20000,Petrol
7226,Alto K10 VXI,Maruti,2017,350000,40000,Petrol
7227,Polo 1.2 MPI Comfortline,Volkswagen,2016,560000,35000,Petrol
7228,Wagon R VXI BS IV,Maruti,2017,440000,30000,Petrol
7229,A-Star Vxi,Maruti,2011,220000,90000,Petrol
7230,Swift Dzire ZDI,Maruti,2017,750000,110000,Diesel
7231,XUV500 W6 2WD,Mahindra,2015,800000,140000,Diesel
7232,Indica V2 DLX,Tata,2007,59259,104000,Diesel
7233,Baleno Zeta Automatic,Maruti,2018,740000,9000,Petrol
7234,Ignis 1.2 AMT Zeta BSIV,Maruti,2019,570000,19000,Petrol
7235,Wagon R AMT VXI,Maruti,2017,430000,20000,Petrol
7236,Vitara Brezza ZDi Plus Dual Tone,Maruti,2016,800000,70000,Diesel
7237,Grand i10 CRDi Sportz,Hyundai,2015,450000,53000,Diesel
7238,Swift Dzire VDI,Maruti,2013,420000,105000,Diesel
7239,Thar DI 4X4 PS,Mahindra,2015,750000,16000,Diesel
7240,Baleno RS 1.0 Petrol,Maruti,2019,780000,7200,Petrol
7241,Polo Diesel Comfortline 1.2L,Volkswagen,2011,320000,77000,Diesel
7242,KUV 100 D75 K8 Dual Tone,Mahindra,2017,690000,40000,Diesel
7243,Swift Dzire ZDi,Maruti,2012,375000,70000,Diesel
7244,Figo 1.2P Sports Edition MT,Ford,2017,620000,50000,Petrol
7245,Santro Xing GL Plus LPG,Hyundai,2015,300000,85000,LPG
7246,Eeco 7 Seater Standard BSIV,Maruti,2016,370000,58000,Petrol
7247,Thar 4X4,Mahindra,2013,770000,85000,Diesel
7248,Xcent 1.2 Kappa S Option,Hyundai,2014,500000,65000,Petrol
7249,KUV 100 mFALCON D75 K2,Mahindra,2017,450000,120000,Diesel
7250,Santro Xing GL Plus,Hyundai,2013,195000,50000,Petrol
7251,Wagon R AMT VXI Option,Maruti,2018,472000,30000,Petrol
7252,Alto K10 VXI,Maruti,2014,250000,58000,Petrol
7253,Beat Diesel,Chevrolet,2011,165000,70000,Diesel
7254,Zest Quadrajet 1.3 XT,Tata,2018,525000,110000,Diesel
7255,Wagon R LXI,Maruti,2003,145000,65000,Petrol
7256,Indica Vista Quadrajet 90 VX,Tata,2013,325000,100000,Diesel
7257,Bolero Power Plus ZLX,Mahindra,2017,660000,60000,Diesel
7258,Classic 1.4 Duratorq CLXI,Ford,2014,310000,90000,Diesel
7259,Bolero SLX 4WD BSIII,Mahindra,2008,250000,200000,Diesel
7260,Classic 1.4 Duratorq CLXI,Ford,2014,330000,100000,Diesel
7261,Figo Diesel Titanium,Ford,2012,250000,80000,Diesel
7262,NuvoSport N8 AMT,Mahindra,2017,650000,60000,Diesel
7263,Alto K10 VXI,Maruti,2016,305000,40000,Petrol
7264,Ciaz VDi Plus,Maruti,2015,600000,50000,Diesel
7265,Wagon R LXI Optional,Maruti,2015,280000,110000,Petrol
7266,Indigo CR4,Tata,2011,153000,50000,Diesel
7267,TUV 300 mHAWK100 T8,Mahindra,2018,700000,30000,Diesel
7268,KWID RXL,Renault,2017,325000,40000,Petrol
7269,Alto K10 VXI,Maruti,2016,305000,40000,Petrol
7270,800 AC,Maruti,2006,155000,70000,Petrol
7271,Alto K10 2010-2014 VXI,Maruti,2012,235000,80000,Petrol
7272,Indica DLS,Tata,2005,60000,100000,Diesel
7273,Swift VXI Optional,Maruti,2016,500000,15000,Petrol
7274,Bolero DI,Mahindra,2004,120000,150000,Diesel
7275,Estilo LXI,Maruti,2009,155000,63000,Petrol
7276,Rapid 1.5 TDI AT Style Plus,Skoda,2016,675000,88000,Diesel
7277,Innova 2.5 Z Diesel 7 Seater BS IV,Toyota,2014,950000,80000,Diesel
7278,XUV500 W5 BSIV,Mahindra,2018,1051000,59865,Diesel
7279,Polo 2015-2019 GT 1.5 TDI,Volkswagen,2016,591000,60000,Diesel
7280,i20 Asta 1.4 CRDi,Hyundai,2015,585000,72000,Diesel
7281,City i-VTEC CVT ZX,Honda,2017,1025000,68140,Petrol
7282,Swift VDI,Maruti,2014,450000,53190,Diesel
7283,i20 2015-2017 Sportz 1.4 CRDi,Hyundai,2014,484999,70100,Diesel
7284,Jazz 1.5 S i DTEC,Honda,2018,650000,47725,Diesel
7285,Swift Dzire VDI,Maruti,2014,434999,70195,Diesel
7286,Figo Diesel EXI,Ford,2011,195000,77395,Diesel
7287,Marazzo M2 8Str BSIV,Mahindra,2019,1000000,17000,Diesel
7288,Elantra CRDi SX Option AT,Hyundai,2013,650000,64000,Diesel
7289,Beat Diesel LS,Chevrolet,2014,190000,74321,Diesel
7290,Swift Dzire ZDI,Maruti,2013,409999,80235,Diesel
7291,Creta 1.6 CRDi AT SX Plus,Hyundai,2016,1050000,77150,Diesel
7292,Vento 1.5 TDI Highline Plus AT,Volkswagen,2015,651000,69000,Diesel
7293,SX4 S Cross 2015-2017 DDiS 200 Alpha,Maruti,2015,650000,57000,Diesel
7294,Rapid 1.5 TDI Ambition Plus,Skoda,2017,750000,89000,Diesel
7295,Passat Highline DSG S (Spl. Edition),Volkswagen,2012,799000,61100,Diesel
7296,Octavia Ambiente 1.9 TDI,Skoda,2010,355000,116000,Diesel
7297,Verna 1.6 CRDi S Option,Hyundai,2015,600000,80000,Diesel
7298,Swift VDI,Maruti,2018,685000,26000,Diesel
7299,Swift LDI,Maruti,2018,509999,100000,Diesel
7300,Alto Green LXi (CNG),Maruti,2012,150000,82300,CNG
7301,Swift Dzire Vdi BSIV,Maruti,2017,650000,82050,Diesel
7302,Etios VD,Toyota,2012,400000,74500,Diesel
7303,XUV500 W8 4WD,Mahindra,2012,675000,120000,Diesel
7304,KWID AMT,Renault,2018,319000,30000,Petrol
7305,Amaze S Petrol BSIV,Honda,2019,640000,6000,Petrol
7306,i20 1.2 Asta,Hyundai,2017,650000,30000,Petrol
7307,Ertiga VDI,Maruti,2015,650000,70000,Diesel
7308,Alto Green LXi (CNG),Maruti,2010,155000,70000,CNG
7309,Ertiga VDI,Maruti,2015,650000,70000,Diesel
7310,Swift Ldi BSIII,Maruti,2008,175000,120000,Diesel
7311,Grand i10 CRDi SportZ Edition,Hyundai,2014,375000,76000,Diesel
7312,Grand i10 CRDi Asta,Hyundai,2014,430000,80000,Diesel
7313,Indica V2 DLS,Tata,2008,65000,110000,Diesel
7314,Accent GLS,Hyundai,2009,150000,70000,Petrol
7315,i20 Active S Petrol,Hyundai,2019,620000,13000,Petrol
7316,Classic 1.6 Duratec CLXI,Ford,2013,250000,60000,Petrol
7317,Ritz VDi,Maruti,2011,275000,165000,Diesel
7318,Tavera Neo 3 LS 10 Seats BSIII,Chevrolet,2013,454000,120000,Diesel
7319,TUV 300 T4,Mahindra,2017,600000,30000,Diesel
7320,Vento Diesel Comfortline,Volkswagen,2011,400000,100000,Diesel
7321,Renault Logan 1.5 DLE Diesel,Mahindra,2007,180000,187000,Diesel
7322,Vitara Brezza VDi,Maruti,2016,750000,70000,Diesel
7323,Swift VXI Optional,Maruti,2016,500000,40000,Petrol
7324,Q3 2.0 TDI Quattro Premium Plus,Audi,2017,2825000,22000,Diesel
7325,Civic ZX Diesel BSIV,Honda,2020,2125000,5500,Diesel
7326,X1 sDrive20d M Sport,BMW,2018,3350000,18000,Diesel
7327,Jazz VX CVT,Honda,2019,840000,1500,Petrol
7328,Mobilio RS Option i DTEC,Honda,2015,1000000,46000,Diesel
7329,Baleno Alpha 1.3,Maruti,2017,740000,24400,Diesel
7330,Vento 1.5 TDI Highline Plus AT BSIV,Volkswagen,2018,1290000,29899,Diesel
7331,Innova Crysta 2.8 GX AT 8S BSIV,Toyota,2018,1800000,20000,Diesel
7332,Grand i10 Nios Sportz,Hyundai,2020,775000,2000,Petrol
7333,Lodgy 85PS RxL,Renault,2017,695000,34000,Diesel
7334,Elite i20 Asta Option CVT BSIV,Hyundai,2018,730000,31000,Petrol
7335,Trailblazer LTZ 4X2 AT,Chevrolet,2016,1295000,46000,Diesel
7336,MU 7 AT Premium,Isuzu,2016,1160000,121000,Diesel
7337,GLC 220d 4MATIC,Mercedes-Benz,2017,3300000,60000,Diesel
7338,Santro Asta BSIV,Hyundai,2018,540000,7000,Petrol
7339,Celerio ZXI Optional AMT BSIV,Maruti,2016,434999,10000,Petrol
7340,GL-Class 220d 4MATIC Sport,Mercedes-Benz,2018,4600000,6000,Diesel
7341,Gurkha Hard Top BS3 4WD,Force,2018,910000,20000,Diesel
7342,Creta 1.6 CRDi SX,Hyundai,2015,850000,59235,Diesel
7343,X4 M Sport X xDrive20d,BMW,2019,5800000,21000,Diesel
7344,Amaze S i-Dtech,Honda,2014,520000,48000,Diesel
7345,Xylo D4,Mahindra,2018,650000,114000,Diesel
7346,Swift Dzire LDi,Maruti,2011,430000,120000,Diesel
7347,i20 Magna Optional 1.4 CRDi,Hyundai,2013,360000,144000,Diesel
7348,i20 Magna Optional 1.4 CRDi,Hyundai,2013,350000,144000,Diesel
7349,Vitara Brezza ZDi Plus Dual Tone,Maruti,2016,791000,190000,Diesel
7350,Innova 2.5 G (Diesel) 7 Seater,Toyota,2015,950000,190000,Diesel
7351,Swift VDI,Maruti,2019,690000,20000,Diesel
7352,Verna CRDi 1.6 EX,Hyundai,2017,860000,40000,Diesel
7353,Swift Dzire Vdi BSIV,Maruti,2012,371000,100000,Diesel
7354,Indica V2 DLX TC,Tata,2008,45000,60000,Diesel
7355,Fiesta 1.4 ZXi TDCi Limited Edition,Ford,2006,55000,201000,Diesel
7356,Vento Diesel Highline,Volkswagen,2011,240000,110000,Diesel
7357,Swift VDI BSIV,Maruti,2014,495000,77215,Diesel
7358,Swift 1.3 LXI,Maruti,2005,170000,50000,Petrol
7359,Jazz 1.2 S i VTEC,Honda,2015,671000,48228,Petrol
7360,Swift VDI Optional,Maruti,2017,693000,58559,Diesel
7361,Swift VDI BSIV,Maruti,2010,352000,72179,Diesel
7362,City i DTec SV,Honda,2016,802999,50856,Diesel
7363,City i VTEC VX,Honda,2017,890000,18300,Petrol
7364,Swift LDI,Maruti,2015,495000,59292,Diesel
7365,Celerio ZXI Optional AMT BSIV,Maruti,2018,545000,10000,Petrol
7366,Baleno Zeta Automatic,Maruti,2018,775000,21147,Petrol
7367,City i-DTEC ZX,Honda,2017,925000,69000,Diesel
7368,Marazzo M8,Mahindra,2019,1450000,10000,Diesel
7369,Swift AMT VDI,Maruti,2018,790000,16000,Diesel
7370,Innova Crysta 2.4 VX MT 8S BSIV,Toyota,2017,1789999,36000,Diesel
7371,Baleno Delta,Maruti,2017,620000,37000,Petrol
7372,Celerio VDi,Maruti,2016,375000,61173,Diesel
7373,Swift VDI BSIV W ABS,Maruti,2016,595000,77321,Diesel
7374,A4 35 TDI Premium Plus,Audi,2016,2450000,30000,Diesel
7375,XUV500 W8 2WD,Mahindra,2014,850000,75000,Diesel
7376,Baleno Alpha CVT,Maruti,2017,750000,51000,Petrol
7377,Baleno Alpha,Maruti,2018,775000,17000,Petrol
7378,Swift Vdi BSIII,Maruti,2008,260000,100000,Diesel
7379,A6 2.0 TDI Premium Plus,Audi,2013,2000000,35000,Diesel
7380,EON Sportz,Hyundai,2017,300000,10000,Petrol
7381,XUV500 AT W10 AWD,Mahindra,2016,1300000,91567,Diesel
7382,Celerio VXI,Maruti,2017,380000,50000,Petrol
7383,Grand i10 1.2 Kappa Sportz Option,Hyundai,2017,480000,60000,Petrol
7384,Alto 800 LXI,Maruti,2016,240000,35000,Petrol
7385,Verna 1.4 VTVT,Hyundai,2014,500000,33400,Petrol
7386,Swift LXI Optional-O,Maruti,2015,420000,36000,Petrol
7387,Figo Diesel ZXI,Ford,2011,130000,180000,Diesel
7388,Alto K10 2010-2014 VXI,Maruti,2012,110000,80000,Petrol
7389,Alto LX BSIII,Maruti,2007,120000,120000,Petrol
7390,Swift Dzire AMT ZDI,Maruti,2017,700000,80000,Diesel
7391,Swift Dzire LDI,Maruti,2018,550000,120000,Diesel
7392,Indigo CS LX (TDI) BS-III,Tata,2014,190000,110000,Diesel
7393,Etios Liva 1.4 VD,Toyota,2018,665000,70000,Diesel
7394,Xylo D4,Mahindra,2014,445000,120000,Diesel
7395,i20 Magna 1.4 CRDi (Diesel),Hyundai,2012,340000,92686,Diesel
7396,Sonata 2.0L CRDi MT,Hyundai,2009,330000,180000,Diesel
7397,Manza Club Class Quadrajet90 LX,Tata,2012,270000,80000,Diesel
7398,XUV500 AT W8 FWD,Mahindra,2015,1044999,70000,Diesel
7399,Swift Ldi BSIV,Maruti,2009,279000,117000,Diesel
7400,Aspire Trend Plus,Ford,2018,620000,15000,Petrol
7401,Octavia L and K 1.9 TDI (MT),Skoda,2007,250000,100000,Diesel
7402,Verna 1.6 SX VTVT AT,Hyundai,2012,475000,83000,Petrol
7403,Cruze LTZ AT,Chevrolet,2016,750000,67600,Diesel
7404,Pajero Sport Anniversary Edition,Mitsubishi,2015,1250000,160000,Diesel
7405,EON Era Plus,Hyundai,2014,250000,80000,Petrol
7406,Amaze VX i-DTEC,Honda,2013,445000,100000,Diesel
7407,Jetta 2.0 TDI Comfortline,Volkswagen,2010,400000,100000,Diesel
7408,i20 1.4 CRDi Era,Hyundai,2010,350000,90000,Diesel
7409,Rapid Ultima 1.6 TDI Elegance,Skoda,2012,295000,140000,Diesel
7410,Swift Dzire VXI 1.2,Maruti,2018,600000,25000,Petrol
7411,Innova Crysta 2.4 GX MT 8S BSIV,Toyota,2018,1650000,20000,Diesel
7412,800 AC,Maruti,2012,100000,30000,Petrol
7413,Aspire Trend Plus,Ford,2018,690000,13000,Petrol
7414,i20 1.2 Asta,Hyundai,2018,710000,42000,Petrol
7415,EON 1.0 Kappa Magna Plus Optional,Hyundai,2018,350000,10000,Petrol
7416,Alto K10 2010-2014 VXI,Maruti,2012,220000,13000,Petrol
7417,Triber RXZ BSIV,Renault,2019,700000,6500,Petrol
7418,EON Magna Plus,Hyundai,2013,198000,49500,Petrol
7419,i20 1.4 CRDi Sportz,Hyundai,2011,350000,50000,Diesel
7420,Indigo CR4,Tata,2011,210000,175000,Diesel
7421,Indigo eCS LX BSIV,Tata,2011,210000,175000,Diesel
7422,Accent Gvs,Hyundai,2003,70000,120000,Petrol
7423,Ritz ZDi,Maruti,2014,375000,110000,Diesel
7424,Swift Dzire VXi,Maruti,2012,380000,112048,Petrol
7425,City 1.5 S MT,Honda,2010,360000,98000,Petrol
7426,XUV500 W6 2WD,Mahindra,2015,944999,41000,Diesel
7427,Tavera Neo 3 LS 10 Seats BSIII,Chevrolet,2016,620000,120000,Diesel
7428,Platinum Etios 1.4 GXD,Toyota,2018,780000,116000,Diesel
7429,Swift LXI,Maruti,2020,445000,1000,Petrol
7430,Xcent 1.2 VTVT S AT,Hyundai,2018,575000,15000,Petrol
7431,S-Cross 2017-2020 Delta DDiS 200 SH,Maruti,2018,975000,5000,Diesel
7432,Tiago 2019-2020 XZ Plus Dual Tone,Tata,2019,450000,3500,Petrol
7433,Swift 1.3 VXi,Maruti,2009,198000,91000,Petrol
7434,Figo 1.5D Trend MT,Ford,2017,495000,56000,Diesel
7435,Innova 2.5 G (Diesel) 7 Seater,Toyota,2013,830000,215000,Diesel
7436,XUV500 W6 2WD,Mahindra,2012,800000,40000,Diesel
7437,Swift VDI BSIV W ABS,Maruti,2010,300000,70000,Diesel
7438,Ritz VDi,Maruti,2013,300000,120000,Diesel
7439,Scorpio 2.6 SLX Turbo 7 Seater,Mahindra,2003,200000,120000,Diesel
7440,Brio 1.2 S MT,Honda,2017,480000,30400,Petrol
7441,BR-V i-DTEC VX MT,Honda,2017,950000,24000,Diesel
7442,BR-V i-VTEC VX MT,Honda,2017,840000,30646,Petrol
7443,Verna 1.6 CRDi S,Hyundai,2017,800000,15000,Diesel
7444,Vento 1.5 TDI Comfortline,Volkswagen,2017,750000,50000,Diesel
7445,EON Era Plus,Hyundai,2017,254999,34000,Petrol
7446,Ertiga SHVS ZDI Plus,Maruti,2016,725000,54000,Diesel
7447,B Class B200 CDI Sport,Mercedes-Benz,2016,1859000,40000,Diesel
7448,Beat LT,Chevrolet,2012,145000,120000,Petrol
7449,Nexon 1.2 Revotron XM,Tata,2018,750000,15000,Petrol
7450,Ameo 1.5 TDI Comfortline AT,Volkswagen,2017,655000,50000,Diesel
7451,Figo Diesel ZXI,Ford,2011,210000,84000,Diesel
7452,City 1.5 E MT,Honda,2011,450000,50000,Petrol
7453,Santro Sportz AMT BSIV,Hyundai,2019,466000,25000,Petrol
7454,Figo Aspire Facelift,Ford,2018,624000,14681,Diesel
7455,Figo 1.5D Titanium MT,Ford,2015,580000,52000,Diesel
7456,Santro Sportz BSIV,Hyundai,2019,430000,18500,Petrol
7457,Indigo CS eLX BS IV,Tata,2012,155000,50000,Diesel
7458,RediGO 1.0 S,Datsun,2017,240000,35000,Petrol
7459,Etios G,Toyota,2016,540000,15500,Petrol
7460,Indigo CS LX (TDI) BS III,Tata,2013,250000,120000,Diesel
7461,Indigo eCS VX BSIV,Tata,2012,260000,60000,Diesel
7462,Scorpio LX,Mahindra,2011,550000,80000,Diesel
7463,Ecosport 1.0 Ecoboost Titanium Optional,Ford,2014,550000,43011,Petrol
7464,Duster 110PS Diesel RxL,Renault,2015,600000,136000,Diesel
7465,Figo Aspire 1.5 TDCi Titanium,Ford,2017,550000,15000,Diesel
7466,Bolero SLX,Mahindra,2011,370000,110000,Diesel
7467,i10 Magna 1.1L,Hyundai,2008,250000,100000,Petrol
7468,Alto LXi BSIII,Maruti,2005,125000,70000,Petrol
7469,Indica Vista Aqua 1.4 TDI,Tata,2010,200000,110000,Diesel
7470,WR-V i-DTEC S,Honda,2017,675000,127991,Diesel
7471,Lancer 2.0 GLd,Mitsubishi,1999,150000,198000,Diesel
7472,Indigo eCS GLX,Tata,2010,290000,65000,Petrol
7473,Esteem Lxi,Maruti,2002,95000,90000,Petrol
7474,Ciaz 1.3 Zeta,Maruti,2018,889000,20000,Diesel
7475,Ameo 1.2 MPI Comfortline,Volkswagen,2016,400000,60000,Petrol
7476,KWID RXT Optional,Renault,2018,390000,13120,Petrol
7477,Compass 2.0 Longitude BSIV,Jeep,2017,1550000,87500,Diesel
7478,Verna 1.6 SX CRDi (O),Hyundai,2014,600000,125000,Diesel
7479,Elite i20 Asta Option CVT BSIV,Hyundai,2018,800000,25000,Petrol
7480,Ertiga ZDI,Maruti,2013,600000,120000,Diesel
7481,Verna 1.6 VTVT SX,Hyundai,2015,795000,35000,Petrol
7482,i20 Asta Option 1.4 CRDi,Hyundai,2016,735000,25000,Diesel
7483,Octavia L and K 1.9 TDI MT,Skoda,2005,250000,120000,Diesel
7484,KWID AMT,Renault,2018,400000,25000,Petrol
7485,Accent CRDi,Hyundai,2005,130000,79000,Diesel
7486,Lodgy 85PS RxE,Renault,2015,600000,125000,Diesel
7487,Xylo D2 BSIV,Mahindra,2014,395000,140000,Diesel
7488,i20 Active 1.4 SX,Hyundai,2016,720000,80000,Diesel
7489,City S,Honda,2011,450000,110000,Petrol
7490,Figo Aspire 1.2 Ti-VCT Titanium,Ford,2018,700000,25000,Petrol
7491,Mobilio RS Option i DTEC,Honda,2015,1000000,46000,Diesel
7492,Santro Magna,Hyundai,2020,500000,1000,Petrol
7493,800 AC BSII,Maruti,2007,125000,60000,Petrol
7494,Lodgy 85PS RxZ,Renault,2015,690000,80000,Diesel
7495,Compass 2.0 Limited,Jeep,2017,1550000,120000,Diesel
7496,Indica V2 1.2 GLE BSIII,Tata,2013,170000,110000,Petrol
7497,Linea Emotion (Diesel),Fiat,2010,275000,110000,Diesel
7498,Innova 2.5 V Diesel 8-seater,Toyota,2007,500000,200000,Diesel
7499,Jetta 2.0L TDI Highline,Volkswagen,2013,950000,80000,Diesel
7500,Swift Dzire ZDI,Maruti,2019,802999,24000,Diesel
7501,Swift Dzire VDI,Maruti,2013,470000,150000,Diesel
7502,KWID RXT,Renault,2015,300000,60000,Petrol
7503,Duster 110PS Diesel RxL,Renault,2014,600000,116000,Diesel
7504,Figo Diesel Celebration Edition,Ford,2013,275000,104300,Diesel
7505,KUV 100 D75 K8,Mahindra,2018,700000,30000,Diesel
7506,GL-Class 350 CDI Blue Efficiency,Mercedes-Benz,2014,3250000,33000,Diesel
7507,Ameo 1.5 TDI Comfortline,Volkswagen,2020,800000,25000,Diesel
7508,A6 2.0 TDI,Audi,2014,2200000,60000,Diesel
7509,Verna CRDi SX ABS,Hyundai,2007,245000,121000,Diesel
7510,Verna CRDi SX,Hyundai,2010,310000,120000,Diesel
7511,Verna CRDi SX ABS,Hyundai,2007,245000,120000,Diesel
7512,Polo Petrol Comfortline 1.2L,Volkswagen,2011,450000,110000,Petrol
7513,Jetta 2.0L TDI Highline AT,Volkswagen,2013,850000,84000,Diesel
7514,CR-V 2.4 4WD AT,Honda,2004,325000,120000,Petrol
7515,Swift VDI,Maruti,2013,409999,100000,Diesel
7516,XC60 Inscription D5 BSIV,Volvo,2018,5500000,50000,Diesel
7517,Creta 1.6 CRDi SX Option,Hyundai,2015,1000000,73500,Diesel
7518,Xcent 1.1 CRDi SX,Hyundai,2016,590000,34000,Diesel
7519,Kicks XV D BSIV,Nissan,2019,1200000,23000,Diesel
7520,Fiesta 1.4 SXi TDCi ABS,Ford,2008,175000,163000,Diesel
7521,Optra Magnum 2.0 LT,Chevrolet,2011,300000,119000,Diesel
7522,Innova Crysta 2.8 ZX AT BSIV,Toyota,2017,2175000,50000,Diesel
7523,City i-DTEC VX,Honda,2019,1110000,10500,Diesel
7524,Lancer 2.0 LXd,Mitsubishi,2000,150000,280000,Diesel
7525,Vento Diesel Highline,Volkswagen,2013,325000,155000,Diesel
7526,Fiesta 1.4 SXi TDCi ABS,Ford,2010,325000,163000,Diesel
7527,City 2017-2020 GXi,Honda,2008,280000,75000,Petrol
7528,Estilo LXI,Maruti,2008,160000,56000,Petrol
7529,City i DTec E,Honda,2016,765000,80000,Diesel
7530,City i DTEC V,Honda,2014,640000,120000,Diesel
7531,Indica V2 DLE BSIII,Tata,2007,65000,120000,Diesel
7532,Octavia Ambiente 1.9 TDI MT,Skoda,2007,195000,175000,Diesel
7533,Alto 800 LXI,Maruti,2017,295000,15000,Petrol
7534,Swift Dzire ZDI,Maruti,2012,625000,100000,Diesel
7535,Wagon R LX Minor,Maruti,2009,160000,80000,Petrol
7536,Celerio VXI,Maruti,2015,330000,84000,Petrol
7537,Figo Petrol LXI,Ford,2010,180000,50000,Petrol
7538,Palio 1.2 ELX,Fiat,2003,70000,50000,Petrol
7539,Omni 8 Seater BSIV,Maruti,2012,150000,35000,Petrol
7540,i10 Era,Hyundai,2011,300000,30000,Petrol
7541,i20 1.2 Asta Dual Tone,Hyundai,2018,730000,2388,Petrol
7542,Vitara Brezza LDi,Maruti,2017,650000,16200,Diesel
7543,Alto 800 CNG LXI Optional,Maruti,2019,330000,10000,CNG
7544,Alto K10 VXI Airbag,Maruti,2019,366000,15000,Petrol
7545,Verna VTVT 1.6 SX Option,Hyundai,2019,1149000,5000,Petrol
7546,GO D,Datsun,2016,150000,42000,Petrol
7547,Santro Xing GL Plus,Hyundai,2013,187000,120000,Petrol
7548,Safari DICOR 2.2 LX 4x2,Tata,2011,425000,60000,Diesel
7549,800 Std,Maruti,2012,150000,76000,Petrol
7550,Aspire Trend Plus,Ford,2018,620000,15000,Petrol
7551,Octavia L and K 1.9 TDI (MT),Skoda,2007,250000,100000,Diesel
7552,Verna 1.6 SX VTVT AT,Hyundai,2012,475000,83000,Petrol
7553,Cruze LTZ AT,Chevrolet,2016,750000,67600,Diesel
7554,Pajero Sport Anniversary Edition,Mitsubishi,2015,1250000,160000,Diesel
7555,EON Era Plus,Hyundai,2014,250000,80000,Petrol
7556,Amaze VX i-DTEC,Honda,2013,445000,100000,Diesel
7557,Jetta 2.0 TDI Comfortline,Volkswagen,2010,400000,100000,Diesel
7558,i20 1.4 CRDi Era,Hyundai,2010,350000,90000,Diesel
7559,Rapid Ultima 1.6 TDI Elegance,Skoda,2012,295000,140000,Diesel
7560,Swift Dzire VXI 1.2,Maruti,2018,600000,25000,Petrol
7561,Innova Crysta 2.4 GX MT 8S BSIV,Toyota,2018,1650000,20000,Diesel
7562,800 AC,Maruti,2012,100000,30000,Petrol
7563,Aspire Trend Plus,Ford,2018,690000,13000,Petrol
7564,i20 1.2 Asta,Hyundai,2018,710000,42000,Petrol
7565,EON 1.0 Kappa Magna Plus Optional,Hyundai,2018,350000,10000,Petrol
7566,Alto K10 2010-2014 VXI,Maruti,2012,220000,13000,Petrol
7567,Triber RXZ BSIV,Renault,2019,700000,6500,Petrol
7568,EON Magna Plus,Hyundai,2013,198000,49500,Petrol
7569,i20 1.4 CRDi Sportz,Hyundai,2011,350000,50000,Diesel
7570,Baleno Alpha 1.2,Maruti,2016,650000,35000,Petrol
7571,Verito 1.5 D4 BSIV,Mahindra,2015,380000,120000,Diesel
7572,Zest Revotron 1.2 XT,Tata,2014,360000,50000,Petrol
7573,Rapid 1.6 MPI Elegance,Skoda,2012,385000,116000,Petrol
7574,Verna 1.6 SX CRDi (O),Hyundai,2012,590000,110000,Diesel
7575,XUV500 W4,Mahindra,2013,750000,70000,Diesel
7576,Grande Punto 1.3 Emotion (Diesel),Fiat,2011,254999,100000,Diesel
7577,Grand i10 SportZ Edition,Hyundai,2015,499000,20000,Petrol
7578,Swift Dzire AMT ZDI Plus,Maruti,2018,730000,60000,Diesel
7579,Jazz 1.5 V i DTEC,Honda,2016,650000,30000,Diesel
7580,Pulse RxL,Renault,2012,220000,75000,Diesel
7581,Swift 1.3 ZXI,Maruti,2006,229999,110000,Petrol
7582,Swift 1.3 VXi,Maruti,2006,215000,90000,Petrol
7583,Indica V2 DLS TC,Tata,2006,100000,110000,Diesel
7584,Accent GLS 1.6,Hyundai,2004,110000,120000,Petrol
7585,Indica Vista Aqua 1.4 TDI,Tata,2009,152000,48000,Diesel
7586,Ignis Zeta AMT,Maruti,2020,600000,5000,Petrol
7587,Tavera Neo 3 LS 10 Seats BSIII,Chevrolet,2016,620000,120000,Diesel
7588,Platinum Etios 1.4 GXD,Toyota,2018,780000,116000,Diesel
7589,Swift LXI,Maruti,2020,445000,1000,Petrol
7590,Xcent 1.2 VTVT S AT,Hyundai,2018,575000,15000,Petrol
7591,S-Cross 2017-2020 Delta DDiS 200 SH,Maruti,2018,975000,5000,Diesel
7592,Tiago 2019-2020 XZ Plus Dual Tone,Tata,2019,450000,3500,Petrol
7593,Figo 1.5D Titanium MT,Ford,2015,480000,80000,Diesel
7594,Omni MPI STD BSIII 8-STR W/ IMMOBILISER,Maruti,2008,110000,48676,Petrol
7595,Santro Xing XL eRLX Euro II,Hyundai,2006,105000,60000,Petrol
7596,6 Series GT 630d Luxury Line,BMW,2018,5830000,30000,Diesel
7597,i20 1.2 Magna Executive,Hyundai,2014,415000,72000,Petrol
7598,Swift VXI BSIV,Maruti,2015,475000,51000,Petrol
7599,Ignis Zeta,Maruti,2017,525000,29000,Petrol
7600,Wagon R VXI 1.2,Maruti,2015,365000,28000,Petrol
7601,Swift VDI BSIV,Maruti,2011,375000,97000,Diesel
7602,Swift Dzire VDI,Maruti,2018,765000,59000,Diesel
7603,Swift Dzire VDI,Maruti,2019,770000,27000,Diesel
7604,KWID RXT,Renault,2018,350000,30000,Petrol
7605,Scorpio 1.99 S6 Plus,Mahindra,2015,875000,70000,Diesel
7606,XUV500 W6 2WD,Mahindra,2014,780000,69000,Diesel
7607,S-Cross 2017-2020 Zeta DDiS 200 SH,Maruti,2018,990000,15000,Diesel
7608,Swift Dzire VDI,Maruti,2019,800000,35700,Diesel
7609,Verna 1.6 SX,Hyundai,2012,350000,120000,Diesel
7610,Polo Diesel Comfortline 1.2L,Volkswagen,2013,325000,120000,Diesel
7611,Polo Diesel Comfortline 1.2L,Volkswagen,2013,360000,80000,Diesel
7612,Alto K10 2010-2014 VXI,Maruti,2010,148000,120000,Petrol
7613,Baleno Delta 1.3,Maruti,2017,670000,36000,Diesel
7614,Etios Liva GD,Toyota,2014,430999,120000,Diesel
7615,Omni E MPI STD BS IV,Maruti,2017,260000,9000,Petrol
7616,Nano Lx BSIV,Tata,2012,70000,50000,Petrol
7617,KWID Climber 1.0 MT BSIV,Renault,2019,300000,35000,Petrol
7618,Xylo E4,Mahindra,2011,150000,130000,Diesel
7619,Figo Diesel Titanium,Ford,2010,260000,70000,Diesel
7620,Swift Dzire VDi,Maruti,2012,320000,90000,Diesel
7621,Nexon 1.2 Revotron XM,Tata,2018,700000,35000,Petrol
7622,Polo Petrol Highline 1.2L,Volkswagen,2012,415000,80000,Petrol
7623,Swift Vdi BSIII,Maruti,2008,260000,120000,Diesel
7624,Nano Cx,Tata,2011,70000,80000,Petrol
7625,Etios Liva G,Toyota,2015,515000,30000,Petrol
7626,Verna 1.6 CRDi SX,Hyundai,2016,803999,60000,Diesel
7627,Octavia L and K 1.9 TDI (MT),Skoda,2007,275000,200000,Diesel
7628,EcoSport 1.5 TDCi Titanium BSIV,Ford,2017,934000,101000,Diesel
7629,Fiesta 1.4 Duratorq ZXI,Ford,2007,210000,110000,Diesel
7630,Innova 2.5 G (Diesel) 8 Seater,Toyota,2014,1050000,136000,Diesel
7631,Tavera B2 8 Seats BSIII,Chevrolet,2011,650000,250000,Diesel
7632,Cruze LTZ,Chevrolet,2012,550000,74000,Diesel
7633,Tavera Neo LT-L - 9 seats BSII,Chevrolet,2010,285000,265000,Diesel
7634,Jazz 1.2 VX i VTEC,Honda,2015,700000,22700,Petrol
7635,Grand i10 Sportz,Hyundai,2016,525000,45000,Petrol
7636,Eeco 5 Seater AC BSIV,Maruti,2011,250000,36000,Petrol
7637,Swift Dzire ZDI,Maruti,2015,575000,57000,Diesel
7638,Tiago 1.05 Revotorq XZ,Tata,2018,540000,33000,Diesel
7639,Ertiga VXI,Maruti,2012,560000,59000,Petrol
7640,Vento Diesel Highline,Volkswagen,2012,380000,200000,Diesel
7641,Figo Petrol Titanium,Ford,2011,240000,80000,Petrol
7642,Spark 1.0 LT LPG,Chevrolet,2012,300000,70000,LPG
7643,RediGO S,Datsun,2018,280000,50000,Petrol
7644,Ritz VDi,Maruti,2011,350000,118000,Diesel
7645,Indica Vista TDI LS,Tata,2014,110000,250000,Diesel
7646,Nexon 1.5 Revotorq XZ Plus,Tata,2018,980000,20000,Diesel
7647,Nexon 1.5 Revotorq XZ Plus,Tata,2018,969999,21871,Diesel
7648,KUV 100 mFALCON D75 K8,Mahindra,2016,357000,120000,Diesel
7649,Indica Vista TDI LX,Tata,2014,280000,100000,Diesel
7650,Bolero 2011-2019 ZLX,Mahindra,2012,430000,50000,Diesel
7651,Swift VDI BSIV,Maruti,2014,217000,50000,Diesel
7652,Alto 800 LXI Airbag,Maruti,2015,250000,70000,Petrol
7653,Enjoy 1.3 TCDi LS 8,Chevrolet,2016,525000,80000,Diesel
7654,Tiago 1.2 Revotron XZ,Tata,2018,500000,25000,Petrol
7655,Scorpio S5 BSIV,Mahindra,2019,1000000,60000,Diesel
7656,Alto 800 LXI Optional,Maruti,2017,316000,25000,Petrol
7657,Alto 800 VXI Optional,Maruti,2018,350000,50000,Petrol
7658,Nexon 1.5 Revotorq XZ Plus Dual Tone,Tata,2018,950000,14000,Diesel
7659,800 AC,Maruti,2005,45000,55425,Petrol
7660,Bolero 2011-2019 SLX,Mahindra,2013,475000,76000,Diesel
7661,Fortuner 2.8 4WD AT BSIV,Toyota,2020,3200000,3000,Diesel
7662,TUV 300 T8,Mahindra,2016,600000,139000,Diesel
7663,Vento 1.6 Highline,Volkswagen,2014,430000,100000,Petrol
7664,Creta 1.6 CRDi SX,Hyundai,2015,965000,60000,Diesel
7665,Rapid 1.6 MPI AT Elegance,Skoda,2013,395000,35000,Petrol
7666,Sumo CX 9 Seater,Tata,2008,150000,120000,Diesel
7667,Ertiga ZDI,Maruti,2013,700000,37659,Diesel
7668,Ritz VDi,Maruti,2012,250000,89000,Diesel
7669,Ertiga ZDI,Maruti,2013,680000,37500,Diesel
7670,Tiago 1.2 Revotron XTA,Tata,2018,500000,5000,Petrol
7671,Grand i10 1.2 Kappa Asta,Hyundai,2013,420000,21000,Petrol
7672,Alto K10 LXI,Maruti,2017,290000,10000,Petrol
7673,Swift Dzire VDI,Maruti,2017,750000,30000,Diesel
7674,Eeco 7 Seater Standard BSIV,Maruti,2015,300000,19800,Petrol
7675,Ritz VDi,Maruti,2011,250000,90000,Diesel
7676,Brio Exclusive Edition,Honda,2014,335000,33033,Petrol
7677,Grand i10 AT Asta,Hyundai,2015,465000,63063,Petrol
7678,Wagon R LXI Minor,Maruti,2007,100000,70000,Petrol
7679,Wagon R LX BSIII,Maruti,2007,100000,80000,Petrol
7680,Ertiga VDI,Maruti,2013,550000,120000,Diesel
7681,Swift Dzire VDi,Maruti,2012,341000,120000,Diesel
7682,Grand i10 1.2 CRDi Sportz,Hyundai,2017,600000,50000,Diesel
7683,City i DTEC VX,Honda,2014,650000,167000,Diesel
7684,Spark 1.0 PS,Chevrolet,2008,75527,80000,Petrol
7685,Indigo CS eLX BS IV,Tata,2014,215000,100000,Diesel
7686,Ciaz ZDi Plus SHVS,Maruti,2017,650000,60000,Diesel
7687,Captur 1.5 Diesel RXT,Renault,2017,900000,50000,Diesel
7688,i20 Sportz 1.2,Hyundai,2014,500000,17000,Petrol
7689,Baleno Delta 1.2,Maruti,2017,550000,46000,Petrol
7690,Swift VDI Optional,Maruti,2015,475000,60000,Diesel
7691,Wagon R LX,Maruti,2006,65000,198000,Petrol
7692,Xcent 1.1 CRDi SX,Hyundai,2015,425000,60000,Diesel
7693,Corolla Altis Diesel D4DJ,Toyota,2012,476999,90000,Diesel
7694,Spark 1.0 LS,Chevrolet,2011,150000,40000,Petrol
7695,Alto LXi,Maruti,2011,225000,90000,Petrol
7696,Alto LXi,Maruti,2010,190000,80000,Petrol
7697,Alto LX,Maruti,2003,100000,164000,Petrol
7698,Bolero SLE BSIII,Mahindra,2011,400000,70000,Diesel
7699,Q5 35TDI Premium Plus,Audi,2018,3975000,31800,Diesel
7700,CR-V 2.0L 2WD AT,Honda,2016,1350000,74000,Petrol
7701,ES 300h,Lexus,2019,5150000,20000,Petrol
7702,XF 2.0 Diesel Portfolio,Jaguar,2017,3200000,45000,Diesel
7703,Wrangler 2016-2019 3.6 4X4,Jeep,2017,4100000,17000,Petrol
7704,Thar CRDe AC,Mahindra,2018,900000,12000,Diesel
7705,Camry 2.5 Hybrid,Toyota,2016,2000000,68089,Petrol
7706,Jazz VX,Honda,2016,550000,56494,Petrol
7707,Innova 2.5 VX (Diesel) 7 Seater,Toyota,2013,750000,79328,Diesel
7708,Amaze V CVT Petrol BSIV,Honda,2019,779000,7032,Petrol
7709,5 Series 520d Sport Line,BMW,2018,4000000,10000,Diesel
7710,E-Class Exclusive E 200 BSIV,Mercedes-Benz,2019,5200000,17000,Petrol
7711,Rover Discovery Sport TD4 SE,Land,2019,4500000,21000,Diesel
7712,Hexa XE,Tata,2017,969999,26500,Diesel
7713,S-Class S 350 CDI,Mercedes-Benz,2017,6000000,37000,Diesel
7714,Grand i10 1.2 Kappa Magna AT,Hyundai,2016,475000,45629,Petrol
7715,Venue SX Plus Turbo DCT BSIV,Hyundai,2019,1125000,3500,Petrol
7716,CR-V 2.4L 4WD AT AVN,Honda,2017,1650000,52000,Petrol
7717,Bolero Power Plus SLE,Mahindra,2019,740000,35000,Diesel
7718,KUV 100 G80 K2,Mahindra,2018,400000,15000,Petrol
7719,Wagon R LXI Optional,Maruti,2018,430000,14000,Petrol
7720,XUV300 W8 Option BSIV,Mahindra,2019,1132000,20000,Petrol
7721,Wagon R LXI BS IV,Maruti,2017,352000,68850,Petrol
7722,Tiago 1.2 Revotron XE,Tata,2016,252999,45775,Petrol
7723,Spark 1.0 LT,Chevrolet,2012,80000,70000,Petrol
7724,Wagon R LXI,Maruti,2015,313000,68203,Petrol
7725,Grand i10 SportZ Edition,Hyundai,2014,380000,30000,Petrol
7726,KWID RXL,Renault,2018,350000,25000,Petrol
7727,Duster 85PS Diesel RxE,Renault,2016,600000,90000,Diesel
7728,Manza Aqua Quadrajet,Tata,2011,88000,97343,Diesel
7729,Omni 8 Seater BSII,Maruti,2008,160000,70000,Petrol
7730,Omni E 8 Str STD,Maruti,2008,125000,70000,Petrol
7731,i10 Sportz,Hyundai,2014,290000,31000,Petrol
7732,Scorpio S4 7 Seater,Mahindra,2014,650000,70000,Diesel
7733,Eeco CNG 5 Seater AC BSIV,Maruti,2015,380000,20000,CNG
7734,EON D Lite Plus,Hyundai,2014,180000,62000,Petrol
7735,800 AC,Maruti,2008,75000,29000,Petrol
7736,Safari DICOR 2.2 LX 4x2,Tata,2012,132000,82507,Diesel
7737,Beat LS,Chevrolet,2010,110000,60000,Petrol
7738,Alto K10 VXI,Maruti,2018,390000,10000,Petrol
7739,i20 Asta 1.2,Hyundai,2015,550000,70000,Petrol
7740,Santro Xing XG,Hyundai,2004,70000,70000,Petrol
7741,800 AC BSIII,Maruti,2008,70000,59400,Petrol
7742,EON Era Plus,Hyundai,2013,275000,20000,Petrol
7743,SX4 Vxi BSIII,Maruti,2009,250000,125876,Petrol
7744,Compass 1.4 Limited Plus BSIV,Jeep,2019,2100000,5000,Petrol
7745,Sumo MKII GX BS IV,Tata,2011,250000,90000,Diesel
7746,D-Max V-Cross 4X4,Isuzu,2017,1250000,56800,Diesel
7747,A4 2.0 TDI,Audi,2014,1500000,60000,Diesel
7748,Innova Crysta 2.5 VX BS IV,Toyota,2011,800000,60000,Diesel
7749,Fortuner 4x2 Manual,Toyota,2014,1380000,150000,Diesel
7750,Celerio VXI AT,Maruti,2014,325000,65204,Petrol
7751,Venue SX Plus Dual Tone Turbo DCT,Hyundai,2019,1150000,2286,Petrol
7752,Swift AMT ZXI,Maruti,2018,655000,15732,Petrol
7753,Thar DI 4X4,Mahindra,2019,890000,13000,Diesel
7754,Ignis 1.2 Zeta BSIV,Maruti,2018,525000,33000,Petrol
7755,i10 Magna 1.1L,Hyundai,2014,300000,100000,Petrol
7756,3 Series 320d GT Luxury Line,BMW,2017,2950000,39000,Diesel
7757,5 Series 520d Luxury Line,BMW,2019,5200000,10000,Diesel
7758,City i VTEC VX,Honda,2018,925000,28900,Petrol
7759,City 1.5 S MT,Honda,2017,675000,49523,Petrol
7760,Vitara Brezza VDi,Maruti,2018,745000,48000,Diesel
7761,Vitara Brezza ZDi,Maruti,2018,835000,17000,Diesel
7762,Polo 1.5 TDI Comfortline,Volkswagen,2019,695000,36800,Diesel
7763,Vitara Brezza LDi Option,Maruti,2018,725000,36521,Diesel
7764,Swift Dzire VXI 1.2 BS IV,Maruti,2017,620000,90000,Petrol
7765,Zen Classic,Maruti,1998,58000,80000,Petrol
7766,Sunny Diesel XL,Nissan,2014,335000,71000,Diesel
7767,XUV500 W6 2WD,Mahindra,2011,475000,108000,Diesel
7768,Duster 85PS Diesel RxL,Renault,2015,484999,75000,Diesel
7769,Ciaz ZXi Plus,Maruti,2015,610000,33000,Petrol
7770,Creta 1.6 CRDi SX Option,Hyundai,2015,1000000,50000,Diesel
7771,KWID Climber 1.0 MT BSIV,Renault,2019,300000,35000,Petrol
7772,Creta 1.6 SX Option Executive,Hyundai,2018,1405000,15000,Petrol
7773,Ciaz Delta BSIV,Maruti,2018,650000,22000,Petrol
7774,Creta 1.6 CRDi SX,Hyundai,2015,850000,108000,Diesel
7775,Q5 3.0 TDI Quattro,Audi,2014,1850000,76131,Diesel
7776,i10 Magna,Hyundai,2012,267000,40000,Petrol
7777,EON Magna Plus,Hyundai,2013,215000,47000,Petrol
7778,Hexa XT,Tata,2017,1282000,45000,Diesel
7779,Alto 800 LX,Maruti,2017,282000,15000,Petrol
7780,Innova 2.5 GX 8 STR,Toyota,2012,610000,90000,Diesel
7781,Thar CRDe,Mahindra,2018,900000,35000,Diesel
7782,Scorpio 1.99 S4,Mahindra,2015,800000,70000,Diesel
7783,i20 Asta 1.4 CRDi,Hyundai,2013,380000,110000,Diesel
7784,Scorpio LX,Mahindra,2012,450000,120000,Diesel
7785,SX4 Celebration Diesel,Maruti,2011,242000,120000,Diesel
7786,KWID RXT,Renault,2017,350000,35000,Petrol
7787,Tigor 1.2 Revotron XT,Tata,2018,400000,22000,Petrol
7788,Wagon R VXI Optional,Maruti,2017,400000,70000,Petrol
7789,Sail 1.3 LS,Chevrolet,2013,246000,56000,Diesel
7790,Indigo CS LS (TDI) BS-III,Tata,2014,221000,65000,Diesel
7791,Endeavour 2.5L 4X2,Ford,2013,700000,62000,Diesel
7792,Fortuner 4x4 AT,Toyota,2016,1750000,52000,Diesel
7793,Xcent 1.2 CRDi SX,Hyundai,2017,550000,49000,Diesel
7794,Ciaz VDi Plus SHVS,Maruti,2015,550000,50000,Diesel
7795,Swift VDI,Maruti,2013,375000,65000,Diesel
7796,Xcent 1.1 CRDi Base,Hyundai,2015,391000,55000,Diesel
7797,B Class B200 CDI Sport,Mercedes-Benz,2015,2051000,35000,Diesel
7798,Aria Pure LX 4x2,Tata,2014,525000,78000,Diesel
7799,Verna CRDi SX,Hyundai,2007,212000,58000,Diesel
7800,Beat Diesel LT,Chevrolet,2011,221000,56000,Diesel
7801,Linea Emotion (Diesel),Fiat,2010,265000,61000,Diesel
7802,Scala Diesel RxL,Renault,2013,399000,61000,Diesel
7803,Getz 1.5 CRDi GVS,Hyundai,2008,175000,61000,Diesel
7804,Rapid 1.6 TDI Elegance,Skoda,2011,411000,64481,Diesel
7805,Vento Diesel Comfortline,Volkswagen,2011,365000,65000,Diesel
7806,5 Series 520d Sport Line,BMW,2009,975000,80000,Diesel
7807,Sunny XV D,Nissan,2015,499000,61000,Diesel
7808,M-Class ML 350 CDI,Mercedes-Benz,2014,2575000,70000,Diesel
7809,Spark 1.0,Chevrolet,2009,145000,30000,Petrol
7810,Indica Vista Aqua TDI BSIII,Tata,2011,200000,200000,Diesel
7811,Q3 2.0 TDI Quattro Premium Plus,Audi,2014,1200000,230000,Diesel
7812,EON 1.0 Magna Plus Option O,Hyundai,2016,280000,100000,Petrol
7813,Scorpio VLS AT 2.2 mHAWK,Mahindra,2011,450000,95000,Diesel
7814,City 2017-2020 EXi,Honda,2006,150000,140000,Petrol
7815,Mobilio S i VTEC,Honda,2017,600000,70000,Petrol
7816,KWID RXT Optional,Renault,2016,275000,60000,Petrol
7817,Manza Aura Quadrajet,Tata,2010,110000,88000,Diesel
7818,XUV500 W8 4WD,Mahindra,2012,500000,200000,Diesel
7819,XUV500 W8 4WD,Mahindra,2012,700000,60000,Diesel
7820,3 Series 320d Corporate Edition,BMW,2012,900000,155000,Diesel
7821,Wagon R VXI,Maruti,2005,150000,80000,Petrol
7822,Sunny XV,Nissan,2013,275000,80000,Petrol
7823,Swift VDI,Maruti,2014,455000,40000,Diesel
7824,Creta 1.6 CRDi SX Plus,Hyundai,2015,900000,50000,Diesel
7825,Swift VDI BSIV,Maruti,2014,455000,40000,Diesel
7826,City i DTec SV,Honda,2017,650000,47000,Diesel
7827,Grand i10 1.2 Kappa Sportz BSIV,Hyundai,2018,551000,20000,Petrol
7828,Ameo 1.5 TDI Highline 16 Alloy,Volkswagen,2017,650000,49060,Diesel
7829,i20 Asta 1.2,Hyundai,2015,600000,60000,Petrol
7830,Alto 800 LXI,Maruti,2013,235000,18000,Petrol
7831,Ecosport 1.5 DV5 MT Trend,Ford,2018,800000,37161,Diesel
7832,Creta 1.6 CRDi SX Option,Hyundai,2016,1050000,80000,Diesel
7833,Nano LX SE,Tata,2012,45000,28000,Petrol
7834,Verna 1.6 SX VTVT AT,Hyundai,2013,450000,100000,Petrol
7835,Polo 1.5 TDI Highline,Volkswagen,2014,391000,120000,Diesel
7836,Enjoy TCDi LT 7 Seater,Chevrolet,2013,380000,70000,Diesel
7837,Wagon R LXI Minor,Maruti,2010,170000,90000,Petrol
7838,Sumo MKII GX BS IV,Tata,2011,250000,90000,Diesel
7839,Innova Crysta 2.5 VX BS IV,Toyota,2011,800000,60000,Diesel
7840,Fortuner 4x2 Manual,Toyota,2014,1380000,150000,Diesel
7841,Thar CRDe AC,Mahindra,2014,700000,24000,Diesel
7842,Mobilio S i DTEC,Honda,2016,450000,100000,Diesel
7843,KUV 100 G80 K8,Mahindra,2018,650000,6000,Petrol
7844,XUV500 W8 2WD,Mahindra,2013,950000,49700,Diesel
7845,Innova 2.5 E Diesel MS 7-seater,Toyota,2007,626000,80000,Diesel
7846,Qualis Fleet A3,Toyota,2000,200000,100000,Diesel
7847,Swift Dzire AMT VXI,Maruti,2019,600000,10000,Petrol
7848,KWID RXT Optional,Renault,2019,290000,21000,Petrol
7849,Alto K10 2010-2014 VXI,Maruti,2013,215000,25000,Petrol
7850,KWID RXT Optional,Renault,2016,250000,22000,Petrol
7851,Ertiga SHVS ZDI Plus,Maruti,2017,750000,50000,Diesel
7852,Alto K10 VXI,Maruti,2016,250000,20000,Petrol
7853,BRV i-VTEC V CVT,Honda,2017,950000,15000,Petrol
7854,Figo Aspire 1.5 TDCi Titanium,Ford,2018,793000,30000,Diesel
7855,Creta 1.6 CRDi SX Option,Hyundai,2015,750000,74000,Diesel
7856,Jazz V CVT,Honda,2017,725000,6550,Petrol
7857,Grand i10 CRDi Sportz,Hyundai,2016,480000,30000,Diesel
7858,XE 2016-2019 2.0L Diesel Prestige,Jaguar,2017,2711000,9000,Diesel
7859,ES 300h,Lexus,2019,5150000,20000,Petrol
7860,XF 2.0 Diesel Portfolio,Jaguar,2017,3200000,45000,Diesel
7861,Safari Storme EX,Tata,2015,503000,110000,Diesel
7862,XC40 D4 Inscription BSIV,Volvo,2019,3800000,20000,Diesel
7863,Camry 2.5 Hybrid,Toyota,2016,2000000,68089,Petrol
7864,Wagon R LXI,Maruti,2013,225000,58343,Petrol
7865,Baleno Alpha 1.3,Maruti,2018,740000,38817,Diesel
7866,Jazz VX,Honda,2016,550000,56494,Petrol
7867,Innova 2.5 VX (Diesel) 7 Seater,Toyota,2013,750000,79328,Diesel
7868,Swift AMT VVT VXI,Maruti,2019,650000,5621,Petrol
7869,Etios VX,Toyota,2017,625000,25538,Petrol
7870,Swift AMT ZXI,Maruti,2018,600000,69779,Petrol
7871,Grand i10 1.2 CRDi Sportz,Hyundai,2017,450000,56290,Diesel
7872,X4 M Sport X xDrive20d,BMW,2019,5400000,7500,Diesel
7873,X4 M Sport X xDrive20d,BMW,2019,5500000,8500,Diesel
7874,Amaze V CVT Petrol BSIV,Honda,2019,779000,7032,Petrol
7875,Rapid 1.6 MPI AT Elegance,Skoda,2016,645000,11000,Petrol
7876,V40 D3 R-Design,Volvo,2018,2475000,2000,Diesel
7877,Verna VTVT 1.6 AT SX Option,Hyundai,2017,990000,20000,Petrol
7878,Swift Dzire VDI,Maruti,2012,370000,68000,Diesel
7879,Sail Hatchback 1.2 LS,Chevrolet,2014,300000,60175,Petrol
7880,EON Era,Hyundai,2012,250000,25000,Petrol
7881,Figo Aspire 1.5 TDCi Titanium,Ford,2017,700000,49957,Diesel
7882,Figo 1.5 Sports Edition MT,Ford,2017,600000,43235,Diesel
7883,EcoSport 1.5 TDCi Titanium Plus BE BSIV,Ford,2018,925000,50699,Diesel
7884,i20 Active 1.4 SX,Hyundai,2016,700000,111000,Diesel
7885,Baleno RS 1.0 Petrol,Maruti,2018,700000,48000,Petrol
7886,Swift Vdi BSIII,Maruti,2007,185000,90000,Diesel
7887,Sumo Gold EX,Tata,2015,434999,80000,Diesel
7888,Figo 1.2P Titanium MT,Ford,2017,400000,100000,Petrol
7889,Figo Diesel Titanium,Ford,2011,180000,90000,Diesel
7890,Swift Dzire VDI,Maruti,2015,600000,50000,Diesel
7891,Etios Liva GD,Toyota,2014,320000,90000,Diesel
7892,Innova Crysta 2.4 VX MT 8S BSIV,Toyota,2016,1689999,120000,Diesel
7893,Vento Petrol Highline AT,Volkswagen,2011,250000,140000,Petrol
7894,Tigor 2017-2020 XZ Plus,Tata,2019,650000,20000,Petrol
7895,Corolla Altis 1.8 J,Toyota,2009,340000,82000,Petrol
7896,Grand 2000 DSZ PW CL,Ambassador,2008,200000,80000,Diesel
7897,Vitara Brezza ZDi Plus,Maruti,2017,869999,40000,Diesel
7898,Ertiga SHVS ZDI Plus,Maruti,2017,795000,120000,Diesel
7899,Vitara Brezza ZDi Plus,Maruti,2017,869999,60000,Diesel
7900,Ritz LDi,Maruti,2010,200000,70000,Diesel
7901,Verna 1.6 CRDi SX,Hyundai,2017,800000,45500,Diesel
7902,Innova 2.5 VX (Diesel) 8 Seater,Toyota,2014,1100000,120000,Diesel
7903,Alto LXi,Maruti,2008,114999,100000,Petrol
7904,Ertiga VDI,Maruti,2013,500000,92000,Diesel
7905,Swift VDI BSIV,Maruti,2014,700000,141000,Diesel
7906,Innova Crysta 2.8 ZX AT BSIV,Toyota,2016,1516000,120000,Diesel
7907,RediGO T Option,Datsun,2016,200000,35000,Petrol
7908,Amaze VX i-VTEC,Honda,2015,450000,50000,Petrol
7909,Nexon 1.5 Revotorq XM,Tata,2018,850000,9500,Diesel
7910,Eeco 7 Seater Standard BSIV,Maruti,2019,359000,5500,Petrol
7911,KWID RXT,Renault,2017,320000,28000,Petrol
7912,Indica GLS BS IV,Tata,2009,110000,113000,Petrol
7913,Eeco 5 STR With AC Plus HTR CNG,Maruti,2011,209000,1,CNG
7914,Manza Aura (ABS) Safire,Tata,2010,169000,100000,Petrol
7915,Grand i10 CRDi Magna,Hyundai,2014,400000,50074,Diesel
7916,i20 Asta 1.4 CRDi,Hyundai,2014,600000,100000,Diesel
7917,Eeco 7 Seater Standard BSIV,Maruti,2017,350000,35000,Petrol
7918,EcoSport 1.5 Diesel Titanium BSIV,Ford,2018,990000,60000,Diesel
7919,E-Class E250 CDI Elegance,Mercedes-Benz,2011,1600000,70000,Diesel
7920,Hexa XT,Tata,2017,1400000,70000,Diesel
7921,Baleno Zeta Automatic,Maruti,2017,745000,10000,Petrol
7922,Kodiaq 2.0 TDI Style,Skoda,2018,2800000,40000,Diesel
7923,Swift LDI SP Limited Edition,Maruti,2015,500000,35000,Diesel
7924,Wagon R VXI AMT Opt 1.2,Maruti,2019,540000,5000,Petrol
7925,Innova Crysta 2.4 VX MT BSIV,Toyota,2016,1850000,33000,Diesel
7926,Bolt Quadrajet XE,Tata,2017,600000,27000,Diesel
7927,Freestyle Titanium Petrol BSIV,Ford,2018,690000,25000,Petrol
7928,Swift VDI BSIV,Maruti,2016,630000,30154,Diesel
7929,Xcent 1.2 VTVT SX Option,Hyundai,2018,640000,20000,Petrol
7930,S90 D4 Inscription BSIV,Volvo,2019,5500000,17000,Diesel
7931,Endeavour 2.2 Titanium AT 4X2,Ford,2016,2100000,85000,Diesel
7932,Swift VXI Deca,Maruti,2016,500000,100000,Petrol
7933,Alto 800 LXI,Maruti,2017,310000,54000,Petrol
7934,TUV 300 T6 Plus,Mahindra,2015,600000,80000,Diesel
7935,800 AC,Maruti,1999,40000,100000,Petrol
7936,Xcent 1.2 CRDi S,Hyundai,2018,620000,70000,Diesel
7937,Baleno Zeta 1.3,Maruti,2018,760000,50000,Diesel
7938,Verna CRDi 1.6 SX Option,Hyundai,2018,1200000,40000,Diesel
7939,Baleno Zeta 1.3,Maruti,2018,760000,50000,Diesel
7940,i10 Sportz Option,Hyundai,2012,300000,45000,Petrol
7941,Tiago 1.2 Revotron XZ Plus Dual Tone,Tata,2019,500000,5000,Petrol
7942,Beat LT,Chevrolet,2012,120000,70000,Petrol
7943,EON D Lite Plus,Hyundai,2017,350000,26263,Petrol
7944,KUV 100 mFALCON G80 K4 Plus 5str,Mahindra,2016,350000,100000,Petrol
7945,Innova 2.5 G (Diesel) 7 Seater,Toyota,2012,730000,250000,Diesel
7946,Duster 110PS Diesel RxZ,Renault,2018,1050000,18000,Diesel
7947,Verna SX Diesel,Hyundai,2013,550000,80000,Diesel
7948,SX4 S Cross 2015-2017 DDiS 200 Sigma,Maruti,2016,675000,108000,Diesel
7949,Innova 2.5 ZX Diesel 7 Seater BSIII,Toyota,2015,1400000,170000,Diesel
7950,Swift VVT ZXI,Maruti,2017,625000,25000,Petrol
7951,Creta 1.6 SX,Hyundai,2018,1220000,11000,Petrol
7952,S-Presso VXI AT,Maruti,2019,475000,5000,Petrol
7953,Ecosport 1.5 Diesel Titanium,Ford,2014,550000,105000,Diesel
7954,Ritz VXi,Maruti,2012,320000,40000,Petrol
7955,Swift ZDi,Maruti,2014,530000,90000,Diesel
7956,Alto 800 LXI,Maruti,2018,300000,30000,Petrol
7957,City i-VTEC VX,Honda,2018,1180000,5500,Petrol
7958,Alto LX,Maruti,2000,45957,90000,Petrol
7959,EON Sportz,Hyundai,2012,190000,65000,Petrol
7960,Verna 1.6 SX CRDi (O),Hyundai,2014,730000,60000,Diesel
7961,Swift VDI Optional,Maruti,2015,530000,120000,Diesel
7962,Figo 1.2P Titanium MT,Ford,2019,530000,9500,Petrol
7963,Captur 1.5 Diesel RXT,Renault,2018,1265000,12000,Diesel
7964,Ciaz Alpha Diesel,Maruti,2019,1025000,32000,Diesel
7965,Alto LXi,Maruti,2009,130000,60000,Petrol
7966,TUV 300 T8,Mahindra,2017,735000,70000,Diesel
7967,3 Series 320d Sedan,BMW,2011,1500000,84925,Diesel
7968,Santro Xing XK eRLX EuroIII,Hyundai,2007,120000,120000,Petrol
7969,Innova 2.5 G (Diesel) 7 Seater,Toyota,2012,730000,250000,Diesel
7970,Duster 110PS Diesel RxZ,Renault,2018,1050000,18000,Diesel
7971,Verna SX Diesel,Hyundai,2013,550000,80000,Diesel
7972,SX4 S Cross 2015-2017 DDiS 200 Sigma,Maruti,2016,675000,108000,Diesel
7973,Innova 2.5 ZX Diesel 7 Seater BSIII,Toyota,2015,1400000,170000,Diesel
7974,Swift VVT ZXI,Maruti,2017,625000,25000,Petrol
7975,Creta 1.6 SX,Hyundai,2018,1220000,11000,Petrol
7976,S-Presso VXI AT,Maruti,2019,475000,5000,Petrol
7977,Ecosport 1.5 Diesel Titanium,Ford,2014,550000,105000,Diesel
7978,Ritz VXi,Maruti,2012,320000,40000,Petrol
7979,Swift ZDi,Maruti,2014,530000,90000,Diesel
7980,Alto 800 LXI,Maruti,2018,300000,30000,Petrol
7981,City i-VTEC VX,Honda,2018,1180000,5500,Petrol
7982,Alto LX,Maruti,2000,45957,90000,Petrol
7983,EON Sportz,Hyundai,2012,190000,65000,Petrol
7984,Verna 1.6 SX CRDi (O),Hyundai,2014,730000,60000,Diesel
7985,Swift VDI Optional,Maruti,2015,530000,120000,Diesel
7986,Figo 1.2P Titanium MT,Ford,2019,530000,9500,Petrol
7987,Captur 1.5 Diesel RXT,Renault,2018,1265000,12000,Diesel
7988,Ciaz Alpha Diesel,Maruti,2019,1025000,32000,Diesel
7989,Grand i10 Magna,Hyundai,2017,470000,50000,Petrol
7990,Indigo CS eLX BS IV,Tata,2014,250000,50000,Diesel
7991,Ertiga LXI,Maruti,2013,430000,90000,Petrol
7992,Ertiga VDI,Maruti,2012,550000,93000,Diesel
7993,Swift Dzire VXI,Maruti,2015,500000,117000,Petrol
7994,City 2017-2020 GXi,Honda,2008,240000,90000,Petrol
7995,Swift VXI BSIII,Maruti,2008,170000,80000,Petrol
7996,Santro LS zipPlus,Hyundai,2000,140000,50000,Petrol
7997,Alto 800 LXI,Maruti,2016,252000,30000,Petrol
7998,Alto 800 LXI,Maruti,2017,270000,35000,Petrol
7999,Alto LX,Maruti,2004,100000,40000,Petrol
8000,Wagon R VXI BS IV,Maruti,2015,350000,46357,Petrol
8001,Fiesta 1.4 ZXi Duratec,Ford,2011,240000,80000,Petrol
8002,Lodgy 85PS Std,Renault,2016,620000,7000,Diesel
8003,Fluence 2.0,Renault,2011,600000,43000,Petrol
8004,Figo Aspire Titanium Diesel,Ford,2016,650000,85000,Diesel
8005,Verna CRDi 1.6 SX,Hyundai,2018,950000,70000,Diesel
8006,Swift VDI Optional,Maruti,2017,660000,56000,Diesel
8007,i20 Sportz 1.4 CRDi,Hyundai,2012,360000,90000,Diesel
8008,Alto K10 VXI Airbag,Maruti,2017,382000,40000,Petrol
8009,Santro Xing XS eRLX Euro III,Hyundai,2006,145000,80000,Petrol
8010,i10 Magna 1.1L,Hyundai,2011,270000,60000,Petrol
8011,i20 2015-2017 Sportz Option 1.4 CRDi,Hyundai,2015,650000,70000,Diesel
8012,Figo Diesel Titanium,Ford,2011,200000,170000,Diesel
8013,Celerio LDi,Maruti,2015,400000,95000,Diesel
8014,Swift VDI,Maruti,2012,416000,90000,Diesel
8015,Baleno Alpha Diesel,Maruti,2018,750000,35000,Diesel
8016,Indica Vista Quadrajet VX,Tata,2013,190000,120000,Diesel
8017,Indica V2 2001-2011 DLS BSIII,Tata,2008,60000,120000,Diesel
8018,New Safari Dicor VX 4X2,Tata,2006,300000,175000,Diesel
8019,Wagon R LX Minor,Maruti,2013,300000,90000,Petrol
8020,Indica V2 DLS,Tata,2007,65000,120000,Diesel
8021,Fiesta Classic 1.4 Duratorq CLXI,Ford,2012,270000,108000,Diesel
8022,Bolero 2011-2019 EX NON AC,Mahindra,2014,600000,70000,Diesel
8023,Santa Fe 4x4 AT,Hyundai,2011,1200000,62000,Diesel
8024,EON Sportz,Hyundai,2012,195000,35000,Petrol
8025,800 AC,Maruti,1998,35000,40000,Petrol
8026,Indigo CS LX (TDI) BS III,Tata,2008,100000,120000,Diesel
8027,i10 Magna,Hyundai,2012,220000,67000,Petrol
8028,Alto 800 VXI,Maruti,2016,320000,46737,Petrol
8029,Beat LT,Chevrolet,2014,240000,30000,Petrol
8030,Sumo Gold EX,Tata,2014,275000,300000,Diesel
8031,Enjoy TCDi LT 7 Seater,Chevrolet,2014,275000,195000,Diesel
8032,Indica Vista Aura 1.2 Safire BSIV,Tata,2011,130000,70000,Petrol
8033,Verna 1.6 SX,Hyundai,2012,450000,200000,Diesel
8034,Duster 110PS Diesel RxZ,Renault,2015,600000,160000,Diesel
8035,Alto 800 LXI Optional,Maruti,2018,310000,20000,Petrol
8036,Wagon R VXI Optional,Maruti,2018,432000,30000,Petrol
8037,Indica Vista TDI LS,Tata,2012,175000,90000,Diesel
8038,Ertiga SHVS VDI,Maruti,2016,770000,100000,Diesel
8039,Alto K10 LXI,Maruti,2011,135000,110048,Petrol
8040,Xcent 1.2 CRDi E Plus,Hyundai,2018,680000,26000,Diesel
8041,Wagon R LXI Minor,Maruti,2007,90000,110000,Petrol
8042,Gypsy King Soft Top,Maruti,1997,300000,186388,Petrol
8043,Aveo U-VA 1.2 LT,Chevrolet,2007,100000,60000,Petrol
8044,Alto LXi BSIII,Maruti,2006,120000,70000,Petrol
8045,Duster RXZ 110PS AMT BSIV,Renault,2017,750000,20171,Diesel
8046,Jazz V Diesel,Honda,2017,525000,37151,Diesel
8047,City i VTEC VX Option,Honda,2015,649000,39000,Petrol
8048,Polo Select 1.2 MPI Highline,Volkswagen,2010,210000,44500,Petrol
8049,Jazz 1.2 VX i VTEC,Honda,2016,526000,15000,Petrol
8050,Ecosport 1.5 Petrol Titanium,Ford,2016,599000,39000,Petrol
8051,City i VTEC S,Honda,2015,500000,58161,Petrol
8052,CR-V 2.4L 4WD AT,Honda,2012,750000,50171,Petrol
8053,City i-VTEC V,Honda,2011,325000,40000,Petrol
8054,City i VTEC SV,Honda,2016,575000,55161,Petrol
8055,Brio 1.2 S MT,Honda,2012,245000,30000,Petrol
8056,City i VTEC V,Honda,2016,625000,55000,Petrol
8057,Accord 2.4 A/T,Honda,2013,580000,50000,Petrol
8058,A3 40 TFSI Premium,Audi,2017,1689999,8000,Petrol
8059,Creta 1.6 SX Option,Hyundai,2018,1175000,14000,Petrol
8060,City i VTEC SV,Honda,2015,575000,9599,Petrol
8061,i20 Asta (o),Hyundai,2017,600000,35000,Petrol
8062,City i VTEC VX Option,Honda,2016,750000,16151,Petrol
8063,Creta 1.6 SX Automatic,Hyundai,2016,890000,40000,Petrol
8064,City i VTEC V,Honda,2015,600000,28161,Petrol
8065,Spark 1.0 LS,Chevrolet,2010,114999,60000,Petrol
8066,Spark 1.0 LS,Chevrolet,2010,140000,60000,Petrol
8067,Scorpio M2DI,Mahindra,2011,360000,100000,Diesel
8068,Figo Aspire Facelift,Ford,2017,580000,165000,Diesel
8069,Swift Dzire Tour S CNG,Maruti,2017,500000,130000,Petrol
8070,Amaze VX O iDTEC,Honda,2015,409999,60000,Diesel
8071,Innova 2.5 V Diesel 7-seater,Toyota,2010,425000,200000,Diesel
8072,Terrano XL 85 PS,Nissan,2014,450000,82000,Diesel
8073,Grand i10 Magna,Hyundai,2014,400000,20000,Petrol
8074,SX4 ZXI MT BSIV,Maruti,2013,295000,60000,Petrol
8075,Ciaz ZDi,Maruti,2014,560000,90000,Diesel
8076,Wagon R LXI BSIII,Maruti,2006,150000,50000,Petrol
8077,Innova 2.5 E 7 STR,Toyota,2009,550000,250000,Diesel
8078,Spark 1.0 LS,Chevrolet,2011,114999,100000,Petrol
8079,Indigo LS,Tata,2007,90177,129000,Diesel
8080,New Safari DICOR 2.2 EX 4x2,Tata,2010,300000,100000,Diesel
8081,City ZXi AT,Honda,2005,110000,100000,Petrol
8082,Fiesta 1.4 Duratorq EXI,Ford,2007,125000,110000,Diesel
8083,Captiva LT,Chevrolet,2008,300000,100000,Diesel
8084,Grand i10 1.2 Kappa Magna BSIV,Hyundai,2017,450000,20000,Petrol
8085,Cruze LT,Chevrolet,2011,300000,40000,Diesel
8086,Celerio ZXI AMT BSIV,Maruti,2018,470000,30000,Petrol
8087,Bolt Revotron XM,Tata,2015,330000,25000,Petrol
8088,Wagon R VXI Plus,Maruti,2018,390000,25000,Petrol
8089,Nano Cx,Tata,2011,46000,25000,Petrol
8090,Terrano XL Plus 85 PS,Nissan,2013,509999,170000,Diesel
8091,Linea Emotion,Fiat,2010,125000,40000,Petrol
8092,i20 2015-2017 Asta Option 1.4 CRDi,Hyundai,2017,780000,28000,Diesel
8093,Verna 1.6 CRDI,Hyundai,2011,450000,100000,Diesel
8094,Manza Aura (ABS) Safire BS IV,Tata,2012,200000,80868,Petrol
8095,Figo Diesel Titanium,Ford,2012,260000,194000,Diesel
8096,Swift Vdi BSIII,Maruti,2009,250000,151000,Diesel
8097,EcoSport 1.5 Diesel Titanium BSIV,Ford,2018,880000,65000,Diesel
8098,Swift Vdi BSIII,Maruti,2009,307000,100000,Diesel
8099,XUV500 W8 2WD,Mahindra,2013,750000,120000,Diesel
8100,Nexon 1.5 Revotorq XT,Tata,2018,800000,85000,Diesel
8101,Grande Punto 1.3 Dynamic (Diesel),Fiat,2012,450000,70000,Diesel
8102,Verna 1.6 SX CRDi (O),Hyundai,2011,450000,128000,Diesel
8103,Swift 1.3 VXi,Maruti,2006,130000,100000,Petrol
8104,City 2017-2020 VTEC,Honda,2006,160000,70000,Petrol
8105,City 1.3 EXI,Honda,2004,135000,120000,Petrol
8106,Verna 1.6 SX,Hyundai,2012,450000,128000,Diesel
8107,Duster 85PS Diesel RxL Plus,Renault,2013,325000,100000,Diesel
8108,Seltos HTX Plus AT D,Kia,2019,1575000,20000,Diesel
8109,Freestyle Titanium Plus Diesel BSIV,Ford,2018,750000,24000,Diesel
8110,Celerio VXI,Maruti,2017,425000,12000,Petrol
8111,Etios Cross 1.4L GD,Toyota,2014,425000,50000,Diesel
8112,Freestyle Titanium Plus Diesel BSIV,Ford,2018,746000,24000,Diesel
8113,Innova 2.5 GX (Diesel) 8 Seater BS IV,Toyota,2010,425000,129000,Diesel
8114,Alto LXi,Maruti,2011,200000,73000,Petrol
8115,800 AC,Maruti,1997,40000,120000,Petrol
8116,Alto K10 VXI Airbag,Maruti,2017,340000,45000,Petrol
8117,Swift Dzire VDI,Maruti,2015,625000,50000,Diesel
8118,i20 Magna,Hyundai,2013,380000,25000,Petrol
8119,Wagon R LXI Optional,Maruti,2017,360000,80000,Petrol
8120,Santro Xing GLS,Hyundai,2008,120000,191000,Petrol
8121,Wagon R VXI BS IV with ABS,Maruti,2013,260000,50000,Petrol
8122,i20 Magna 1.4 CRDi,Hyundai,2014,475000,80000,Diesel
8123,i20 Magna,Hyundai,2013,320000,110000,Petrol
8124,Verna CRDi SX,Hyundai,2007,135000,119000,Diesel
8125,Swift Dzire ZDi,Maruti,2009,382000,120000,Diesel
8126,Indigo CR4,Tata,2013,290000,25000,Diesel
8127,Indigo CR4,Tata,2013,290000,25000,Diesel
8128,800 AC,Maruti,2007,60000,70000,Petrol
8129,Wagon R LXI Minor,Maruti,2007,135000,50000,Petrol
8130,Verna 1.6 SX,Hyundai,2012,600000,100000,Diesel
8131,RediGO T Option,Datsun,2017,250000,46000,Petrol
8132,Amaze VX i-DTEC,Honda,2014,450000,141000,Diesel
8133,Alto LX BSIII,Maruti,2007,140000,125000,Petrol
8134,Xcent 1.2 Kappa S,Hyundai,2016,550000,25000,Petrol
8135,Indigo Grand Petrol,Tata,2014,240000,60000,Petrol
8136,Creta 1.6 VTVT S,Hyundai,2015,850000,25000,Petrol
8137,Celerio Green VXI,Maruti,2017,365000,78000,CNG
8138,Sail 1.2 Base,Chevrolet,2015,260000,35000,Petrol
8139,Indigo Grand Petrol,Tata,2014,250000,100000,Petrol
8140,Corolla Altis 1.8 VL CVT,Toyota,2018,1650000,25000,Petrol
8141,800 AC,Maruti,2007,60000,70000,Petrol
8142,Wagon R LXI Minor,Maruti,2007,135000,50000,Petrol
8143,Verna 1.6 SX,Hyundai,2012,600000,100000,Diesel
8144,RediGO T Option,Datsun,2017,250000,46000,Petrol
8145,Amaze VX i-DTEC,Honda,2014,450000,141000,Diesel
8146,Alto LX BSIII,Maruti,2007,140000,125000,Petrol
8147,Xcent 1.2 Kappa S,Hyundai,2016,550000,25000,Petrol
8148,Indigo Grand Petrol,Tata,2014,240000,60000,Petrol
8149,Creta 1.6 VTVT S,Hyundai,2015,850000,25000,Petrol
8150,Celerio Green VXI,Maruti,2017,365000,78000,CNG
8151,Sail 1.2 Base,Chevrolet,2015,260000,35000,Petrol
8152,Indigo Grand Petrol,Tata,2014,250000,100000,Petrol
8153,Corolla Altis 1.8 VL CVT,Toyota,2018,1650000,25000,Petrol
8154,Ciaz VXi Plus,Maruti,2015,585000,24000,Petrol
8155,Venue SX Opt Diesel,Hyundai,2019,1195000,5000,Diesel
8156,Enjoy TCDi LTZ 7 Seater,Chevrolet,2013,390000,33000,Diesel
8157,XF 2.2 Litre Luxury,Jaguar,2014,1964999,28000,Diesel
8158,New C-Class 220 CDI AT,Mercedes-Benz,2013,1425000,59000,Diesel
8159,Vitara Brezza ZDi Plus AMT,Maruti,2018,975000,4500,Diesel
8160,Q5 2.0 TDI,Audi,2011,1190000,175900,Diesel
8161,City V MT,Honda,2018,930000,14500,Petrol
8162,Tigor 1.2 Revotron XT,Tata,2018,525000,15000,Petrol
8163,A6 2.0 TDI  Design Edition,Audi,2013,1735000,50000,Diesel
8164,New C-Class C 220 CDI Avantgarde,Mercedes-Benz,2012,1375000,33800,Diesel
8165,Superb Ambition 2.0 TDI CR AT,Skoda,2011,450000,130400,Diesel
8166,Corolla Altis G AT,Toyota,2016,900000,50000,Petrol
8167,Innova 2.5 G (Diesel) 7 Seater,Toyota,2015,1300000,80000,Diesel
8168,Compass 1.4 Sport Plus BSIV,Jeep,2019,1400000,10000,Petrol
8169,E-Class E 200 CGI Elegance,Mercedes-Benz,2010,850000,119000,Petrol
8170,i10 Magna 1.1L,Hyundai,2014,229999,60000,Petrol
8171,3 Series 320d Sport Line,BMW,2013,1550000,75800,Diesel
8172,Q7 35 TDI Quattro Premium,Audi,2009,1250000,78000,Diesel
8173,Elantra CRDi S,Hyundai,2012,625000,40000,Diesel
8174,Scorpio 1.99 S10,Mahindra,2014,1050000,50000,Diesel
8175,City i DTEC V,Honda,2014,560000,74000,Diesel
8176,Wagon R VXI BS IV with ABS,Maruti,2014,290000,64000,Petrol
8177,Wagon R VXI BS IV,Maruti,2012,275000,60000,Petrol
8178,Scorpio LX,Mahindra,2009,411000,120000,Diesel
8179,Santro Xing GLS,Hyundai,2009,150000,79000,Petrol
8180,Grand i10 1.2 Kappa Asta,Hyundai,2019,500000,15000,Petrol
8181,Alto LXi,Maruti,2006,100000,80000,Petrol
8182,Swift Dzire VDI Optional,Maruti,2017,725000,18500,Diesel
8183,Eeco 5 Seater AC BSIV,Maruti,2018,401000,10200,Petrol
8184,i20 Sportz 1.4 CRDi,Hyundai,2018,750000,29000,Diesel
8185,Omni Maruti Omni MPI STD BSIII 5-STR W/ IMMOBILISER,Maruti,2018,310000,28000,Petrol
8186,Swift ZDi BSIV,Maruti,2016,665000,46000,Diesel
8187,i20 2015-2017 Sportz Option 1.4 CRDi,Hyundai,2014,465000,70000,Diesel
8188,Alto LXi,Maruti,2012,160000,60000,Petrol
8189,Jeep CL 500 MDI,Mahindra,1996,250000,35000,Diesel
8190,City i DTEC VX,Honda,2014,675000,90000,Diesel
8191,Wagon R VXI BS IV,Maruti,2013,300000,80000,Petrol
8192,Indica DLS,Tata,2005,70000,80000,Diesel
8193,EON Magna Plus,Hyundai,2014,240000,73300,Petrol
8194,Etios GD,Toyota,2014,525000,92000,Diesel
8195,Alto LXi,Maruti,2009,151000,66764,Petrol
8196,Alto LXi,Maruti,2009,140000,100000,Petrol
8197,Tavera Neo LS B3 - 7(C) seats BSIII,Chevrolet,2010,280000,350000,Diesel
8198,Corolla Altis Diesel D4DG,Toyota,2011,350000,230000,Diesel
8199,Scorpio 1.99 S6 Plus,Mahindra,2017,570000,60000,Diesel
8200,EON Magna Plus,Hyundai,2018,300000,31000,Petrol
8201,Indigo Classic Dicor,Tata,2007,100000,39000,Diesel
8202,Innova 2.5 V Diesel 8-seater,Toyota,2009,500000,120000,Diesel
8203,Indica Vista Quadrajet LS,Tata,2014,125000,166000,Diesel
8204,Swift 1.3 VXi,Maruti,2006,130000,110000,Petrol
8205,EcoSport 1.5 Diesel Titanium BSIV,Ford,2017,925000,35000,Diesel
8206,Ciaz 1.3 Delta,Maruti,2018,750000,60000,Diesel
8207,Civic 1.8 V AT,Honda,2007,200000,54000,Petrol
8208,i10 Sportz 1.2,Hyundai,2010,248000,63000,Petrol
8209,Rapid 1.5 TDI Elegance,Skoda,2014,450000,120000,Diesel
8210,Getz GLS,Hyundai,2005,80000,120000,Petrol
8211,Terrano XL,Nissan,2014,650000,76000,Petrol
8212,Grand i10 CRDi Sportz,Hyundai,2015,450000,80000,Diesel
8213,Elite i20 Diesel Era,Hyundai,2019,650000,25000,Diesel
8214,Amaze S i-VTEC,Honda,2016,495000,11958,Petrol
8215,Brio S MT,Honda,2015,371000,20000,Petrol
8216,Creta 1.6 SX Option,Hyundai,2017,1025000,9000,Petrol
8217,S-Class S 350d Connoisseurs Edition,Mercedes-Benz,2017,8150000,6500,Diesel
8218,XUV500 W8 2WD,Mahindra,2015,750000,70000,Diesel
8219,Duster 85PS Diesel RxL Optional,Renault,2013,600000,120000,Diesel
8220,Santro Xing XO,Hyundai,2007,80000,58000,Petrol
8221,Bolero 2011-2019 SLE,Mahindra,2013,325000,62200,Diesel
8222,A6 2.0 TDI Premium Plus,Audi,2014,1470000,34000,Diesel
8223,Avventura MULTIJET Emotion,Fiat,2015,350000,53000,Diesel
8224,A8 4.2 TDI,Audi,2013,2800000,49000,Diesel
8225,RediGO 1.0 S,Datsun,2017,210000,15000,Petrol
8226,Jetta 1.4 TSI Comfortline,Volkswagen,2013,450000,50000,Petrol
8227,A4 2.0 TDI 177 Bhp Premium Plus,Audi,2013,1150000,53000,Diesel
8228,Civic 1.8 V AT,Honda,2009,210000,63500,Petrol
8229,E-Class Exclusive E 200 BSIV,Mercedes-Benz,2018,4500000,9800,Petrol
8230,X1 sDrive 20d xLine,BMW,2017,2750000,13000,Diesel
8231,V40 D3 R Design,Volvo,2018,1975000,21000,Diesel
8232,SX4 Zxi BSIII,Maruti,2008,175000,29173,Petrol
8233,7 Series 730Ld,BMW,2012,2500000,48000,Diesel
8234,Bolero Power Plus SLX,Mahindra,2017,628000,120000,Diesel
8235,Sonata CRDi M/T,Hyundai,2010,600000,100000,Diesel
8236,Micra Active XV Petrol,Nissan,2017,399000,30000,Petrol
8237,Xylo D4,Mahindra,2018,750000,87000,Diesel
8238,Elite i20 Sportz Plus Dual Tone BSIV,Hyundai,2019,750000,15000,Petrol
8239,KWID RXT,Renault,2017,315000,16000,Petrol
8240,Xylo E4 BS III,Mahindra,2012,600000,60000,Diesel
8241,Wagon R LXI Minor,Maruti,2010,100000,60000,Petrol
8242,SX4 ZXI MT BSIV,Maruti,2011,250000,110000,Petrol
8243,KWID RXT,Renault,2017,350000,25000,Petrol
8244,Creta 1.4 CRDi S,Hyundai,2016,780000,60000,Diesel
8245,Swift Dzire VDI,Maruti,2014,434000,79350,Diesel
8246,Verna 1.6 VTVT AT S Option,Hyundai,2016,690000,80000,Petrol
8247,Scorpio LX BSIV,Mahindra,2014,555000,90000,Diesel
8248,SX4 Vxi BSIII,Maruti,2007,120000,90000,Petrol
8249,Ertiga VDI,Maruti,2014,500000,120000,Diesel
8250,Beat Diesel,Chevrolet,2013,165000,60000,Diesel
8251,Zen LX,Maruti,2004,95000,50000,Petrol
8252,Baleno Delta 1.2,Maruti,2018,550000,20000,Petrol
8253,Swift Vdi BSIII,Maruti,2007,100000,110000,Diesel
8254,Nano Lx BSIV,Tata,2012,100000,50000,Petrol
8255,Innova 2.5 GX (Diesel) 8 Seater,Toyota,2012,500000,100000,Diesel
8256,Ertiga SHVS VDI,Maruti,2016,800000,70000,Diesel
8257,Creta 1.6 CRDi SX,Hyundai,2016,840000,70000,Diesel
8258,Amaze S i-Vtech,Honda,2016,490000,50000,Petrol
8259,Indica Vista Aqua 1.4 TDI,Tata,2010,125000,81000,Diesel
8260,Tavera Neo 2 LS B4 7 Str BSIII,Chevrolet,2012,400000,120000,Diesel
8261,Cruze LTZ,Chevrolet,2015,1000000,3600,Diesel
8262,Figo Aspire 1.2 Ti-VCT Titanium Plus,Ford,2015,530000,14272,Petrol
8263,EcoSport 1.5 Diesel Titanium Plus BSIV,Ford,2017,840000,49213,Diesel
8264,i10 Sportz 1.1L,Hyundai,2015,229999,40000,Petrol
8265,800 Std,Maruti,1998,40000,40000,Petrol
8266,Spark 1.0 LS,Chevrolet,2012,130000,80000,Petrol
8267,EON Era Plus,Hyundai,2015,200000,70000,Petrol
8268,Indica Vista Aqua TDI BSIII,Tata,2011,120000,70000,Diesel
8269,Santro LP zipPlus,Hyundai,2003,75000,57000,Petrol
8270,Bolt Quadrajet XE,Tata,2016,250000,120000,Diesel
8271,800 AC BSIII,Maruti,2005,100000,30000,Petrol
8272,EON Era Plus,Hyundai,2013,280000,3240,Petrol
8273,i20 Magna 1.2,Hyundai,2015,540000,5000,Petrol
8274,i20 1.2 Asta,Hyundai,2018,700000,10000,Petrol
8275,Ciaz VDi Plus,Maruti,2015,525000,100000,Diesel
8276,i20 Asta 1.4 CRDi,Hyundai,2016,430000,80000,Diesel
8277,Santro LE,Hyundai,2002,65000,70000,Petrol
8278,Vitara Brezza VDi,Maruti,2018,800000,35000,Diesel
8279,Santro Xing XL eRLX Euro III,Hyundai,2007,75000,114000,Petrol
8280,Getz 1.3 GLS,Hyundai,2008,210000,53772,Petrol
8281,Quanto C8,Mahindra,2012,195000,140000,Diesel
8282,Tavera Neo 3 LS 7 C BSIII,Chevrolet,2015,400000,120000,Diesel
8283,EON Magna Plus,Hyundai,2012,170000,60000,Petrol
8284,KWID RXT,Renault,2016,225000,25000,Petrol
8285,Wagon R DUO LPG,Maruti,2014,210000,90000,LPG
8286,Wagon R LXI,Maruti,2020,240000,120000,Petrol
8287,Enjoy 1.3 TCDi LS 8,Chevrolet,2015,300000,175000,Diesel
8288,Spark 1.0 LS,Chevrolet,2011,99000,100000,Petrol
8289,City i VTEC SV,Honda,2014,620000,36000,Petrol
8290,Amaze VX i-DTEC,Honda,2013,500000,30000,Diesel
8291,XJ 5.0 L V8 Supercharged,Jaguar,2010,2550000,40000,Petrol
8292,Brio E MT,Honda,2013,260000,70000,Petrol
8293,Swift VVT ZXI,Maruti,2017,550000,60000,Petrol
8294,Indigo CR4,Tata,2011,150000,155500,Diesel
8295,i10 Asta AT,Hyundai,2011,350000,50000,Petrol
8296,Beat LT,Chevrolet,2016,320000,40000,Petrol
8297,Swift VDI BSIV,Maruti,2015,400000,100000,Diesel
8298,Alto LXi,Maruti,2012,175000,80000,Petrol
8299,Beat LT,Chevrolet,2011,120000,90000,Petrol
8300,Duster 110PS Diesel RxZ,Renault,2013,320000,90000,Diesel
8301,Santro Xing XG,Hyundai,2006,70000,110000,Petrol
8302,Swift Dzire ZXI Plus,Maruti,2019,810000,15000,Petrol
8303,800 AC,Maruti,2007,95000,100000,Petrol
8304,Alto K10 LXI CNG,Maruti,2020,282000,40000,CNG
8305,800 Std BSII,Maruti,2004,80000,60000,Petrol
8306,Nano LX SE,Tata,2013,72000,25000,Petrol
8307,i20 Magna 1.2,Hyundai,2016,600000,25000,Petrol
8308,Rapid 1.6 MPI Ambition With Alloy Wheel,Skoda,2015,640000,23000,Petrol
8309,Alto K10 VXI,Maruti,2018,380000,22155,Petrol
8310,Ciaz 1.4 Delta,Maruti,2018,650000,70000,Petrol
8311,Alto LX,Maruti,2009,150000,60000,Petrol
8312,i20 Asta,Hyundai,2009,280000,110000,Petrol
8313,Nexon 1.2 Revotron XM,Tata,2018,430000,30000,Petrol
8314,Bolero Power Plus SLX,Mahindra,2019,800000,15000,Diesel
8315,Zen D,Maruti,2003,75000,100000,Diesel
8316,Vento Celeste 1.5 TDI Highline AT,Volkswagen,2016,650000,70000,Diesel
8317,Eeco 7 Seater Standard BSIV,Maruti,2017,390000,24000,Petrol
8318,City 1.5 EXI,Honda,2005,100000,120000,Petrol
8319,New C-Class 220 CDI AT,Mercedes-Benz,2013,1500000,35000,Diesel
8320,SX4 Zxi with Leather BSIII,Maruti,2007,175000,78380,Petrol
8321,Duster 110PS Diesel RxZ,Renault,2012,434999,110000,Diesel
8322,Figo Diesel Titanium,Ford,2010,170000,90000,Diesel
8323,Figo Diesel Titanium,Ford,2011,190000,90000,Diesel
8324,Swift Dzire VDi,Maruti,2009,250000,150000,Diesel
8325,Xylo E4,Mahindra,2009,229999,230000,Diesel
8326,Esteem Vxi - BSIII,Maruti,2006,140000,70000,Petrol
8327,Swift VDI BSIV,Maruti,2017,600000,80362,Diesel
8328,i20 1.2 Sportz,Hyundai,2012,280000,110000,Petrol
8329,Beat Diesel LT,Chevrolet,2012,150000,60000,Diesel
8330,Cruze LTZ AT,Chevrolet,2015,650000,50000,Diesel
8331,Micra XL,Nissan,2014,210000,40000,Petrol
8332,5 Series 520d Luxury Line,BMW,2017,2900000,40000,Diesel
8333,Enjoy 1.3 TCDi LS 8,Chevrolet,2013,425000,20000,Diesel
8334,EON Era Plus Option,Hyundai,2014,265000,55000,Petrol
8335,Linea T Jet Emotion,Fiat,2018,890000,1136,Petrol
8336,Scala RxL,Renault,2013,365000,55000,Petrol
8337,Figo Petrol Titanium,Ford,2014,350000,43000,Petrol
8338,Ciaz ZDi SHVS,Maruti,2016,685000,60000,Diesel
8339,Rapid 1.5 TDI Ambition BSIV,Skoda,2018,940000,2650,Diesel
8340,XUV500 W6 2WD,Mahindra,2017,1000000,40000,Diesel
8341,XUV300 W8 Option,Mahindra,2019,1150000,15000,Petrol
8342,Ertiga SHVS ZDI,Maruti,2016,450000,115962,Diesel
8343,Terrano XE D,Nissan,2015,590000,65000,Diesel
8344,S-Cross Facelift,Maruti,2017,800000,40000,Diesel
8345,i20 Magna 1.4 CRDi (Diesel),Hyundai,2012,385000,58000,Diesel
8346,New C-Class C 220 CDI BE Avantgare,Mercedes-Benz,2013,2000000,15000,Diesel
8347,EON Era Plus,Hyundai,2012,235000,54000,Petrol
8348,Ameo 1.5 TDI Highline,Volkswagen,2017,640000,56000,Diesel
8349,Alto LX,Maruti,2006,52000,120000,Petrol
8350,Omni LPG CARGO BSIII W IMMOBILISER,Maruti,2009,80000,90000,LPG
8351,Alto LX,Maruti,2012,140000,70000,Petrol
8352,Verna i (Petrol),Hyundai,2008,120000,90000,Petrol
8353,Renault Logan 1.5 DLS,Mahindra,2008,89999,213000,Diesel
8354,Optra Magnum 2.0 LS BSIII,Chevrolet,2012,180000,120000,Diesel
8355,Scorpio S11 BSIV,Mahindra,2017,1500000,20000,Diesel
8356,i20 Active 1.2 SX,Hyundai,2017,700000,10000,Petrol
8357,SX4 Celebration Diesel,Maruti,2012,285000,80000,Diesel
8358,Grand i10 Magna,Hyundai,2015,390000,90000,Petrol
8359,Alto LXi BSIII,Maruti,2008,125000,80000,Petrol
8360,SX4 Zxi with Leather BSIII,Maruti,2008,225000,60000,Petrol
8361,i10 Era,Hyundai,2011,175000,139000,Petrol
8362,Innova 2.5 V Diesel 7-seater,Toyota,2011,1075000,160000,Diesel
8363,Mobilio V i DTEC,Honda,2014,300000,150000,Diesel
8364,Innova 2.5 G (Diesel) 7 Seater BS IV,Toyota,2010,700000,163000,Diesel
8365,Indica V2 2001-2011 DLS BSIII,Tata,2009,90000,120000,Diesel
8366,Indica Vista TDI LS,Tata,2011,120000,120000,Diesel
8367,Beat Diesel LS,Chevrolet,2012,220000,100000,Diesel
8368,Zest Quadrajet 1.3 75PS XE,Tata,2015,300000,140000,Diesel
8369,Fabia 1.2L Diesel Ambiente,Skoda,2010,180000,87000,Diesel
8370,800 Std,Maruti,2013,170000,70000,Petrol
8371,Figo Petrol Titanium,Ford,2015,300000,50000,Petrol
8372,Innova 2.5 VX (Diesel) 8 Seater,Toyota,2014,1050000,70000,Diesel
8373,Mobilio V i DTEC,Honda,2014,300000,150000,Diesel
8374,Grand i10 1.2 CRDi Asta,Hyundai,2018,465000,25000,Diesel
8375,Beat Diesel LT,Chevrolet,2011,130000,80000,Diesel
8376,GO Plus T Option Petrol,Datsun,2018,434999,10000,Petrol
8377,Grand i10 1.2 Kappa Asta,Hyundai,2018,500000,32000,Petrol
8378,Omni MPI STD BSIV,Maruti,2018,200000,10000,Petrol
8379,Baleno Alpha 1.2,Maruti,2017,625000,52000,Petrol
8380,Fiesta Classic 1.4 SXI Duratorq,Ford,2006,110000,120000,Diesel
8381,Elite i20 Asta Option BSIV,Hyundai,2019,800000,11240,Petrol
8382,Grand i10 CRDi Magna,Hyundai,2017,490000,66000,Diesel
8383,Ertiga SHVS ZDI,Maruti,2017,880000,64000,Diesel
8384,Santro Xing GL Plus,Hyundai,2013,290000,49000,Petrol
8385,Sumo GX TC 7 Str BSIII,Tata,2006,115999,100000,Diesel
8386,KWID RXT,Renault,2018,360000,26500,Petrol
8387,800 AC,Maruti,2002,65000,100000,Petrol
8388,Vitara Brezza LDi Option,Maruti,2017,685000,72000,Diesel
8389,Jazz S,Honda,2009,300000,50000,Petrol
8390,i20 1.4 Sportz,Hyundai,2017,680000,44000,Diesel
8391,Ertiga SHVS ZDI Plus,Maruti,2017,1000000,60000,Diesel
8392,Sumo SE Plus BSIII,Tata,2002,100000,120000,Diesel
8393,Xylo E4,Mahindra,2010,160000,130000,Diesel
8394,Swift ZDi BSIV,Maruti,2017,450000,70000,Diesel
8395,Ertiga VXI,Maruti,2014,600000,20000,Petrol
8396,i20 1.4 Magna ABS,Hyundai,2009,180000,60000,Diesel
8397,Alto LXi,Maruti,2007,100000,195000,Petrol
8398,Alto LXi,Maruti,2010,120000,90000,Petrol
8399,Getz GL,Hyundai,2006,130000,80000,Petrol
8400,Wagon R LX BS IV,Maruti,2011,160000,155000,Petrol
8401,Bolero Power Plus SLX,Mahindra,2019,860000,35000,Diesel
8402,i20 1.2 Spotz,Hyundai,2018,650000,20000,Petrol
8403,Wagon R LXI Minor,Maruti,2010,100000,80000,Petrol
8404,Alto 800 VXI,Maruti,2017,282000,20000,Petrol
8405,i20 Asta (o),Hyundai,2009,300000,50000,Petrol
8406,i20 Asta,Hyundai,2010,270000,110000,Petrol
8407,Verna 1.6 SX CRDi (O),Hyundai,2013,550000,29000,Diesel
8408,Xylo D2 BSIV,Mahindra,2013,450000,120000,Diesel
8409,Bolero SLX 2WD BSIII,Mahindra,2011,430000,70000,Diesel
8410,Ertiga VXI ABS,Maruti,2013,350000,40000,Petrol
8411,Brio 1.2 E MT,Honda,2017,350000,20000,Petrol
8412,Etios Liva G,Toyota,2013,229999,50000,Petrol
8413,Alto 800 LXI,Maruti,2013,110000,50000,Petrol
8414,Swift Dzire 1.2 Vxi BSIV,Maruti,2012,395000,49000,Petrol
8415,Scorpio VLS AT 2.2 mHAWK,Mahindra,2011,650000,70000,Diesel
8416,Bolero SLX,Mahindra,2011,350000,90000,Diesel
8417,XUV500 W11 Option AWD,Mahindra,2020,1400000,25000,Diesel
8418,Tiago 1.2 Revotron XZ,Tata,2018,360000,4000,Petrol
8419,Marazzo M8 8Str,Mahindra,2018,1300000,10000,Diesel
8420,Duster 110PS Diesel RxL,Renault,2015,800000,15000,Diesel
8421,EON Magna Plus,Hyundai,2018,229999,30000,Petrol
8422,Wagon R VXI,Maruti,2014,315000,41000,Petrol
8423,Spark 1.0 LT,Chevrolet,2012,125000,28000,Petrol
8424,Baleno Alpha,Maruti,2019,700000,16000,Petrol
8425,EON 1.0 Kappa Magna Plus,Hyundai,2015,160000,70000,Petrol
8426,Figo Aspire 1.2 Ti-VCT Trend,Ford,2017,530000,10832,Petrol
8427,Figo Aspire Facelift,Ford,2018,624000,14681,Diesel
8428,i10 Era,Hyundai,2009,250000,50000,Petrol
8429,Bolero SLX,Mahindra,2016,585000,51000,Diesel
8430,Verna 1.4 VTVT,Hyundai,2015,500000,25000,Petrol
8431,Sail 1.2 LT ABS,Chevrolet,2014,350000,30000,Petrol
8432,City i-DTEC SV,Honda,2014,495000,80000,Diesel
8433,Grand i10 1.2 Kappa Asta,Hyundai,2017,500000,50000,Petrol
8434,Bolero Power Plus Plus AC BSIV PS,Mahindra,2015,430000,200000,Diesel
8435,Grand i10 1.2 Kappa Sportz Option,Hyundai,2013,345000,44000,Petrol
8436,Baleno Sigma 1.2,Maruti,2015,500000,10000,Petrol
8437,Tiago 1.2 Revotron XZ,Tata,2019,425000,19600,Petrol
8438,Wagon R LXI,Maruti,2005,80000,40000,Petrol
8439,Beat Diesel LS,Chevrolet,2011,106000,50000,Diesel
8440,A-Star Vxi,Maruti,2009,180000,46730,Petrol
8441,GO A,Datsun,2015,250000,40000,Petrol
8442,Yeti Ambition 4WD,Skoda,2011,350000,80000,Diesel
8443,Zen LXi BSII,Maruti,2002,60000,80000,Petrol
8444,Verna CRDi 1.6 EX,Hyundai,2018,900000,24000,Diesel
8445,Aspire Titanium Diesel BSIV,Ford,2017,700000,21170,Diesel
8446,3 Series 320d Sport,BMW,2013,2000000,167223,Diesel
8447,Ertiga SHVS ZDI Plus,Maruti,2017,1000000,40000,Diesel
8448,X1 sDrive 20d Exclusive,BMW,2011,1375000,60000,Diesel
8449,Innova Crysta 2.4 VX MT,Toyota,2016,1800000,141440,Diesel
8450,Tavera Neo 3 10 Seats BSIV,Chevrolet,2007,160000,120000,Diesel
8451,Outlander 2.4,Mitsubishi,2012,525000,140000,Petrol
8452,XUV500 W8 2WD,Mahindra,2012,850000,212814,Diesel
8453,Baleno Alpha 1.3,Maruti,2019,800000,30000,Diesel
8454,Figo Aspire 1.5 TDCi Titanium,Ford,2017,700000,88635,Diesel
8455,Swift Dzire VDI,Maruti,2018,800000,25000,Diesel
8456,i20 1.2 Spotz,Hyundai,2017,575000,20000,Petrol
8457,Duster 110PS Diesel RxZ,Renault,2012,350000,110000,Diesel
8458,Swift Vdi BSIII,Maruti,2008,250000,120000,Diesel
8459,Endeavour Titanium 4X2,Ford,2011,600000,149674,Diesel
8460,Scorpio 2.6 Turbo 9 Str,Mahindra,2007,370000,100000,Diesel
8461,Baleno Vxi,Maruti,2006,80000,120000,Petrol
8462,Indica DLX,Tata,2003,50000,120000,Diesel
8463,Verna CRDi 1.6 EX,Hyundai,2018,900000,25000,Diesel
8464,Wagon R VXI BS IV,Maruti,2014,300000,35000,Petrol
8465,Indica LSI,Tata,2002,125000,40000,Petrol
8466,Swift Dzire VDI,Maruti,2015,490000,60000,Diesel
8467,Etios Liva GD,Toyota,2012,300000,50000,Diesel
8468,Nano STD,Tata,2013,55000,25000,Petrol
8469,Grand i10 Sportz,Hyundai,2016,350000,25000,Petrol
8470,Grand i10 1.2 CRDi Asta,Hyundai,2019,755000,8000,Diesel
8471,Ertiga SHVS VDI,Maruti,2017,720000,60000,Diesel
8472,Bolero SLX,Mahindra,2006,229999,200000,Diesel
8473,Scorpio S7 140 BSIV,Mahindra,2018,1100000,20000,Diesel
8474,Polo Petrol Comfortline 1.2L,Volkswagen,2013,400000,100000,Petrol
8475,Xcent 1.1 CRDi Base,Hyundai,2015,350000,70000,Diesel
8476,Beat Diesel PS,Chevrolet,2012,159000,68000,Diesel
8477,Swift ZXi BSIV,Maruti,2017,550000,38000,Petrol
8478,Ritz VDi,Maruti,2013,335000,80000,Diesel
8479,Indigo CS Emax CNG GLX,Tata,2014,185000,72000,CNG
8480,Eeco 5 STR With AC Plus HTR CNG,Maruti,2012,229999,75000,CNG
8481,Estilo LXI,Maruti,2014,225000,43000,Petrol
8482,Swift VXI with ABS,Maruti,2007,250000,120000,Petrol
8483,Zest Quadrajet 1.3 XM,Tata,2015,400000,100000,Diesel
8484,Swift VDI BSIV,Maruti,2014,470000,163000,Diesel
8485,Alto K10 VXI AGS Optional,Maruti,2018,300000,25000,Petrol
8486,Alto LX,Maruti,2011,145000,25000,Petrol
8487,SX4 Vxi BSIII,Maruti,2007,100000,90000,Petrol
8488,Scorpio SLE BSIV,Mahindra,2014,500000,70000,Diesel
8489,Santro Xing GLS CNG,Hyundai,2010,130000,98000,CNG
8490,Cruze LTZ,Chevrolet,2010,240000,81925,Diesel
8491,Figo Diesel Celebration Edition,Ford,2013,150000,80000,Diesel
8492,KWID RXT Optional,Renault,2017,270000,40000,Petrol
8493,Swift Dzire VDI,Maruti,2014,400000,90000,Diesel
8494,EON Era Plus,Hyundai,2012,200000,46000,Petrol
8495,XUV500 W6 2WD,Mahindra,2012,550000,80000,Diesel
8496,KWID 1.0 RXT Optional,Renault,2018,325000,35000,Petrol
8497,Rapid 1.5 TDI AT Style BSIV,Skoda,2017,860000,82080,Diesel
8498,XUV500 W8 2WD,Mahindra,2012,600000,200000,Diesel
8499,Spark 1.0,Chevrolet,2009,125000,70000,Petrol
8500,800 AC,Maruti,2000,60000,40000,Petrol
8501,Tavera Neo 3 10 Seats BSIV,Chevrolet,2010,300000,120000,Diesel
8502,Fiesta 1.6 ZXi Duratec,Ford,2007,190000,60000,Petrol
8503,Ertiga VDI,Maruti,2013,400000,110000,Diesel
8504,Manza Aura Quadrajet BS IV,Tata,2011,260000,97000,Diesel
8505,Swift VVT VXI,Maruti,2017,400000,30000,Petrol
8506,i20 Sportz Petrol,Hyundai,2010,250000,40000,Petrol
8507,Grand i10 1.2 Kappa Asta,Hyundai,2019,600000,10000,Petrol
8508,Zen Estilo VXI BSIV,Maruti,2010,175000,52047,Petrol
8509,Innova 2.5 G (Diesel) 8 Seater BS IV,Toyota,2011,450000,200000,Diesel
8510,Tiago 1.2 Revotron XZA,Tata,2019,350000,15000,Petrol
8511,Vitara Brezza ZDi,Maruti,2018,800000,50000,Diesel
8512,Swift VXI BSIII,Maruti,2011,250000,70000,Petrol
8513,Swift VXI BSIV,Maruti,2019,600000,10000,Petrol
8514,Swift VDI BSIV,Maruti,2017,600000,90000,Diesel
8515,Alto 800 LXI,Maruti,2016,130000,40000,Petrol
8516,Wagon R LXI,Maruti,2006,90000,62009,Petrol
8517,i20 Active 1.2 S,Hyundai,2017,595000,33100,Petrol
8518,EON Era Plus,Hyundai,2014,190000,40000,Petrol
8519,Santro GLS I - Euro I,Hyundai,1999,50000,120000,Petrol
8520,Wagon R LXI Minor,Maruti,2007,95000,80000,Petrol
8521,Safari Storme VX,Tata,2016,1000000,70000,Diesel
8522,Scorpio REV 116,Mahindra,2006,220000,220000,Petrol
8523,Bolero SLX,Mahindra,2010,400000,50000,Diesel
8524,GO Plus A,Datsun,2015,315000,45000,Petrol
8525,Fortuner 4x4 MT,Toyota,2014,1000000,110000,Diesel
8526,Ecosport 1.5 DV5 MT Titanium,Ford,2014,500000,49000,Diesel
8527,XUV500 W11 AT BSIV,Mahindra,2018,1600000,35000,Diesel
8528,Supro VX 8 Str,Mahindra,2017,500000,160000,Diesel
8529,Alto LX,Maruti,2007,70000,180000,Petrol
8530,800 AC,Maruti,2007,105000,60000,Petrol
8531,Endeavour 2.5L 4X2 MT,Ford,2008,400000,110000,Diesel
8532,Wagon R LXI,Maruti,2004,80000,60000,Petrol
8533,Alto 800 VXI,Maruti,2016,300000,30000,Petrol
8534,KUV 100 D75 K2,Mahindra,2017,409999,40000,Diesel
8535,Swift Glam,Maruti,2009,250000,70000,Petrol
8536,New Safari DICOR 2.2 EX 4x2,Tata,2010,250000,120000,Diesel
8537,Swift Dzire VDI,Maruti,2012,215000,80000,Diesel
8538,Fortuner 4x4 MT,Toyota,2015,1400000,120000,Diesel
8539,Brio 1.2 VX MT,Honda,2018,475000,20000,Petrol
8540,Brio 1.2 VX MT,Honda,2018,475000,22000,Petrol
8541,Spark 1.0 LS,Chevrolet,2008,75000,35000,Petrol
8542,Sail Hatchback LS ABS,Chevrolet,2013,200000,120000,Diesel
8543,Tiago NRG Petrol,Tata,2019,575000,8000,Petrol
8544,Ritz VDi,Maruti,2011,150000,40000,Diesel
8545,Vitara Brezza ZDi Plus,Maruti,2018,850000,10000,Diesel
8546,Santro Era,Hyundai,2019,350000,30000,Petrol
8547,Endeavour 2.5L 4X2 MT,Ford,2011,550000,54000,Diesel
8548,Verna 1.4 VTVT,Hyundai,2017,330000,80577,Petrol
8549,City i-DTEC V,Honda,2017,1044999,25000,Diesel
8550,Verna 1.6 CRDI,Hyundai,2011,300000,127500,Diesel
8551,EON D Lite Plus,Hyundai,2015,235000,40903,Petrol
8552,Figo Petrol Titanium,Ford,2011,120000,60000,Petrol
8553,Wagon R VXI,Maruti,2004,130000,46000,Petrol
8554,Endeavour 4x4 XLT,Ford,2004,275000,22288,Diesel
8555,Jetta 2.0 TDI Trendline,Volkswagen,2011,270000,180000,Diesel
8556,Polo 1.5 TDI Highline,Volkswagen,2015,500000,30000,Diesel
8557,Grand i10 Sportz,Hyundai,2015,400000,61690,Petrol
8558,i20 Asta 1.2,Hyundai,2015,600000,64484,Petrol
8559,Q5 2.0 TDI,Audi,2012,1350000,90000,Diesel
8560,Duster 85PS Diesel RxE,Renault,2013,400000,75976,Diesel
8561,Figo Diesel Titanium,Ford,2011,220000,70000,Diesel
8562,Brio E MT,Honda,2012,300000,85962,Petrol
8563,Omni E MPI STD BS IV,Maruti,2018,250000,120000,Petrol
8564,Mobilio V i DTEC,Honda,2015,600000,120000,Diesel
8565,Brio S Option AT,Honda,2012,285000,75000,Petrol
8566,Accord 2.4 MT,Honda,2009,350000,57035,Petrol
8567,Bolero SLX,Mahindra,2011,170000,70000,Diesel
8568,Figo 1.2P Ambiente MT,Ford,2015,229999,45000,Petrol
8569,XUV500 W6 2WD,Mahindra,2013,500000,72104,Diesel
8570,Nano Lx,Tata,2011,75000,15000,Petrol
8571,i20 Active 1.2 SX,Hyundai,2016,600000,30000,Petrol
8572,Indigo LS Dicor,Tata,2011,220000,80000,Diesel
8573,Indica Vista Terra 1.4 TDI,Tata,2009,150000,164000,Diesel
8574,Alto LX,Maruti,2006,65000,124439,Petrol
8575,Zen VXI,Maruti,2006,120000,77000,Petrol
8576,Swift Dzire VDI,Maruti,2014,240000,90000,Diesel
8577,KWID 1.0 RXT Optional,Renault,2017,390000,30000,Petrol
8578,Beat LS,Chevrolet,2012,180000,50000,Petrol
8579,Swift VDI,Maruti,2012,320000,80000,Diesel
8580,Alto 800 LXI,Maruti,2018,310000,5000,Petrol
8581,Wagon R AMT VXI,Maruti,2018,420000,24000,Petrol
8582,Tiago NRG Petrol,Tata,2019,550000,10000,Petrol
8583,Ertiga SHVS VDI,Maruti,2016,550000,78000,Diesel
8584,TUV 300 T4 Plus,Mahindra,2018,760000,50000,Diesel
8585,800 AC BSII,Maruti,2001,43000,100000,Petrol
8586,Omni MPI STD BSIV,Maruti,2018,250000,20000,Petrol
8587,Santro Magna BSIV,Hyundai,2019,500000,1250,Petrol
8588,Zest Revotron 1.2 XT,Tata,2015,380000,17152,Petrol
8589,XUV500 W11 Option AT AWD,Mahindra,2019,1850000,5000,Diesel
8590,Polo Diesel Trendline 1.2L,Volkswagen,2012,350000,77000,Diesel
8591,Verna CRDi,Hyundai,2008,195000,90000,Diesel
8592,Beat LS,Chevrolet,2011,225000,80000,Petrol
8593,Innova 2.5 G (Diesel) 7 Seater,Toyota,2015,1125000,65000,Diesel
8594,Indica Vista Quadrajet LX,Tata,2011,133000,80000,Diesel
8595,EON Era Plus,Hyundai,2013,200000,24005,Petrol
8596,Vitara Brezza ZDi Plus,Maruti,2018,940000,20000,Diesel
8597,Duster 85PS Diesel RxL,Renault,2014,400000,120000,Diesel
8598,i10 Era 1.1,Hyundai,2009,120000,120000,Petrol
8599,Swift Dzire ZDI,Maruti,2015,625000,80000,Diesel
8600,Swift 1.3 VXi,Maruti,2005,110000,80000,Petrol
8601,Duster 110PS Diesel RxZ,Renault,2012,490000,100000,Diesel
8602,Alto LX,Maruti,2009,140000,120000,Petrol
8603,Figo Diesel ZXI,Ford,2011,175000,149000,Diesel
8604,Wagon R LXI BSIII,Maruti,2005,90000,65000,Petrol
8605,Swift Ldi BSIV,Maruti,2009,275000,100000,Diesel
8606,Vento Diesel Highline,Volkswagen,2011,300000,65000,Diesel
8607,GO Plus T Option BSIV,Datsun,2018,270000,19000,Petrol
8608,Beat LT,Chevrolet,2010,130000,80000,Petrol
8609,Alto K10 VXI Airbag,Maruti,2015,275000,30000,Petrol
8610,Swift VDI,Maruti,2012,352000,109000,Diesel
8611,EON LPG Magna Plus,Hyundai,2012,180000,90000,LPG
8612,Alto LX,Maruti,2012,150000,90000,Petrol
8613,Vento Diesel Highline,Volkswagen,2011,300000,65000,Diesel
8614,Swift Vdi BSIII,Maruti,2010,300000,110000,Diesel
8615,Bolero DI DX 7 Seater,Mahindra,2007,225000,120000,Diesel
8616,Mobilio V i DTEC,Honda,2014,600000,44000,Diesel
8617,Ertiga BSIV ZXI,Maruti,2015,500000,80000,Petrol
8618,BR-V i-VTEC S MT,Honda,2018,900000,5000,Petrol
8619,i20 Magna 1.2,Hyundai,2016,600000,61000,Petrol
8620,Etios VD,Toyota,2011,450000,100000,Diesel
8621,i10 Era 1.1,Hyundai,2009,270000,27633,Petrol
8622,Swift Vdi BSIII,Maruti,2010,310000,100000,Diesel
8623,Santro Xing GLS Audio LPG,Hyundai,2012,250000,100000,LPG
8624,Figo 1.2P Titanium MT,Ford,2019,700000,12586,Petrol
8625,Avventura Urban Cross 1.3 Multijet Emotion,Fiat,2018,650000,38083,Diesel
8626,Figo Diesel ZXI,Ford,2012,400000,55328,Diesel
8627,Figo Diesel Titanium,Ford,2012,425000,81632,Diesel
8628,Aspire Titanium Diesel BSIV,Ford,2016,600000,155201,Diesel
8629,EcoSport 1.5 TDCi Titanium BSIV,Ford,2013,600000,93283,Diesel
8630,Swift Ldi BSIII,Maruti,2009,300000,217871,Diesel
8631,Fiesta Classic 1.4 Duratorq CLXI,Ford,2012,450000,90165,Diesel
8632,Ecosport 1.5 DV5 MT Titanium,Ford,2014,750000,101504,Diesel
8633,Figo Titanium Diesel BSIV,Ford,2010,325000,86017,Diesel
8634,XUV500 W8 2WD,Mahindra,2013,900000,85036,Diesel
8635,Ikon 1.3L Rocam Flair,Ford,2006,180000,91086,Petrol
8636,Punto 1.3 Emotion,Fiat,2013,350000,160254,Diesel
8637,EcoSport 1.5 TDCi Titanium BSIV,Ford,2013,600000,125531,Diesel
8638,WR-V i-DTEC V,Honda,2019,900000,60000,Diesel
8639,Laura L n K 1.9 PD,Skoda,2006,350000,100000,Diesel
8640,Ritz LDi,Maruti,2013,280000,90000,Diesel
8641,Xylo D2,Mahindra,2009,225000,120000,Diesel
8642,City i DTEC S,Honda,2014,520000,82000,Diesel
8643,Scorpio 1.99 S4,Mahindra,2016,509999,60000,Diesel
8644,Baleno Alpha 1.2,Maruti,2019,556000,24000,Petrol
8645,Indigo Grand Dicor,Tata,2014,225000,120000,Diesel
8646,Amaze EX i-Dtech,Honda,2013,325000,65000,Diesel
8647,Swift VDI,Maruti,2013,365000,65000,Diesel
8648,Creta 1.6 CRDi SX Plus,Hyundai,2015,850000,84000,Diesel
8649,Etios GD SP,Toyota,2013,350000,75000,Diesel
8650,Swift VDI,Maruti,2007,225000,50000,Diesel
8651,Alto LX,Maruti,2011,135000,50000,Petrol
8652,Wagon R LXI Minor,Maruti,2007,140000,49000,Petrol
8653,SX4 S Cross DDiS 320 Delta,Maruti,2016,665000,560000,Diesel
8654,KWID RXT,Renault,2015,275000,14365,Petrol
8655,Fortuner 2.8 4WD AT BSIV,Toyota,2017,2750000,41000,Diesel
8656,Verna 1.6 SX,Hyundai,2013,484999,65000,Diesel
8657,Ciaz VDi Option SHVS,Maruti,2015,565000,65000,Diesel
8658,Swift Dzire VDI,Maruti,2013,425000,61083,Diesel
8659,Innova 2.5 VX (Diesel) 8 Seater,Toyota,2013,925000,75000,Diesel
8660,Scorpio VLX 2WD AIRBAG SE BSIV,Mahindra,2012,565000,72000,Diesel
8661,Duster 110PS Diesel RxL,Renault,2014,525000,65000,Diesel
8662,Tucson 2.0 e-VGT 2WD MT,Hyundai,2017,1650000,55000,Diesel
8663,EON Era Plus,Hyundai,2015,295000,21000,Petrol
8664,XF 5.0 Litre V8 Petrol,Jaguar,2012,2050000,66363,Petrol
8665,Creta 1.6 VTVT AT SX Plus,Hyundai,2018,1475000,11700,Petrol
8666,Verna VTVT 1.6 AT SX Option,Hyundai,2017,1100000,10000,Petrol
8667,GL-Class 350 CDI Blue Efficiency,Mercedes-Benz,2014,4400000,100000,Diesel
8668,Swift ZXI BSIV,Maruti,2016,670000,7104,Petrol
8669,S-Cross Zeta DDiS 200 SH,Maruti,2015,750000,45974,Diesel
8670,Verna 1.6 VTVT SX,Hyundai,2015,760000,55340,Petrol
8671,Polo GTI,Volkswagen,2017,850000,20000,Petrol
8672,Pulse RxL,Renault,2015,390000,61585,Diesel
8673,Celerio VXI AMT BSIV,Maruti,2016,450000,39415,Petrol
8674,Brio V MT,Honda,2014,425000,29654,Petrol
8675,Baleno Alpha 1.3,Maruti,2016,770000,64672,Diesel
8676,Creta 1.6 SX Automatic Diesel,Hyundai,2015,1150000,54634,Diesel
8677,City i VTEC V,Honda,2015,775000,66521,Petrol
8678,Innova Crysta 2.4 GX AT,Toyota,2018,1725000,23974,Diesel
8679,3 Series 320d Luxury Line,BMW,2016,2150000,43000,Diesel
8680,Duster 85PS Diesel RxL,Renault,2013,450000,1000,Diesel
8681,C-Class Progressive C 220d,Mercedes-Benz,2018,3800000,10000,Diesel
8682,A4 3.0 TDI Quattro,Audi,2013,1580000,86000,Diesel
8683,X5 xDrive 30d xLine,BMW,2019,4950000,30000,Diesel
8684,Creta 1.6 CRDi SX,Hyundai,2016,535000,52600,Diesel
8685,SX4 Vxi BSIV,Maruti,2012,225000,110000,Petrol
8686,Grand i10 1.2 Kappa Magna AT,Hyundai,2017,550000,19890,Petrol
8687,Swift ZXI BSIV,Maruti,2016,670000,7104,Petrol
8688,Ertiga VXI,Maruti,2015,625000,11918,Petrol
8689,Grand i10 Magna AT,Hyundai,2017,520000,10510,Petrol
8690,Beat LT Option,Chevrolet,2016,239000,41000,Petrol
8691,Fortuner 4x2 AT,Toyota,2017,2600000,47162,Diesel
8692,S-Cross Zeta DDiS 200 SH,Maruti,2015,750000,45974,Diesel
8693,i10 Magna,Hyundai,2012,229999,49824,Petrol
8694,A6 2.0 TDI Premium Plus,Audi,2013,1300000,58500,Diesel
8695,Santro GS,Hyundai,2005,80000,56580,Petrol
8696,Laura Ambiente 2.0 TDI CR MT,Skoda,2012,385000,52000,Diesel
8697,Verna 1.6 VTVT SX,Hyundai,2015,760000,55340,Petrol
8698,Swift Dzire VDI,Maruti,2017,600000,46507,Diesel
8699,Duster 85PS Diesel RxL,Renault,2013,450000,1000,Diesel
8700,C-Class Progressive C 220d,Mercedes-Benz,2018,3800000,10000,Diesel
8701,A4 3.0 TDI Quattro,Audi,2013,1580000,86000,Diesel
8702,X5 xDrive 30d xLine,BMW,2019,4950000,30000,Diesel
8703,Creta 1.6 CRDi SX,Hyundai,2016,535000,52600,Diesel
8704,SX4 Vxi BSIV,Maruti,2012,225000,110000,Petrol
8705,Grand i10 1.2 Kappa Magna AT,Hyundai,2017,550000,19890,Petrol
8706,Swift ZXI BSIV,Maruti,2016,670000,7104,Petrol
8707,Ertiga VXI,Maruti,2015,625000,11918,Petrol
8708,Grand i10 Magna AT,Hyundai,2017,520000,10510,Petrol
8709,Beat LT Option,Chevrolet,2016,239000,41000,Petrol
8710,Fortuner 4x2 AT,Toyota,2017,2600000,47162,Diesel
8711,S-Cross Zeta DDiS 200 SH,Maruti,2015,750000,45974,Diesel
8712,i10 Magna,Hyundai,2012,229999,49824,Petrol
8713,A6 2.0 TDI Premium Plus,Audi,2013,1300000,58500,Diesel
8714,Santro GS,Hyundai,2005,80000,56580,Petrol
8715,Laura Ambiente 2.0 TDI CR MT,Skoda,2012,385000,52000,Diesel
8716,Verna 1.6 VTVT SX,Hyundai,2015,760000,55340,Petrol
8717,Swift Dzire VDI,Maruti,2017,600000,46507,Diesel
8718,Duster 85PS Diesel RxL,Renault,2013,450000,1000,Diesel
8719,C-Class Progressive C 220d,Mercedes-Benz,2018,3800000,10000,Diesel
8720,A4 3.0 TDI Quattro,Audi,2013,1580000,86000,Diesel
8721,X5 xDrive 30d xLine,BMW,2019,4950000,30000,Diesel
8722,Creta 1.6 CRDi SX,Hyundai,2016,535000,52600,Diesel
8723,SX4 Vxi BSIV,Maruti,2012,225000,110000,Petrol
8724,Grand i10 1.2 Kappa Magna AT,Hyundai,2017,550000,19890,Petrol
8725,Swift ZXI BSIV,Maruti,2016,670000,7104,Petrol
8726,Ertiga VXI,Maruti,2015,625000,11918,Petrol
8727,Grand i10 Magna AT,Hyundai,2017,520000,10510,Petrol
8728,Beat LT Option,Chevrolet,2016,239000,41000,Petrol
8729,Fortuner 4x2 AT,Toyota,2017,2600000,47162,Diesel
8730,S-Cross Zeta DDiS 200 SH,Maruti,2015,750000,45974,Diesel
8731,i10 Magna,Hyundai,2012,229999,49824,Petrol
8732,A6 2.0 TDI Premium Plus,Audi,2013,1300000,58500,Diesel
8733,Santro GS,Hyundai,2005,80000,56580,Petrol
8734,Laura Ambiente 2.0 TDI CR MT,Skoda,2012,385000,52000,Diesel
8735,Verna 1.6 VTVT SX,Hyundai,2015,760000,55340,Petrol
8736,Swift Dzire VDI,Maruti,2017,600000,46507,Diesel
8737,Duster 85PS Diesel RxL,Renault,2013,450000,1000,Diesel
8738,C-Class Progressive C 220d,Mercedes-Benz,2018,3800000,10000,Diesel
8739,A4 3.0 TDI Quattro,Audi,2013,1580000,86000,Diesel
8740,X5 xDrive 30d xLine,BMW,2019,4950000,30000,Diesel
8741,Creta 1.6 CRDi SX,Hyundai,2016,535000,52600,Diesel
8742,SX4 Vxi BSIV,Maruti,2012,225000,110000,Petrol
8743,Grand i10 1.2 Kappa Magna AT,Hyundai,2017,550000,19890,Petrol
8744,Swift ZXI BSIV,Maruti,2016,670000,7104,Petrol
8745,Ertiga VXI,Maruti,2015,625000,11918,Petrol
8746,Grand i10 Magna AT,Hyundai,2017,520000,10510,Petrol
8747,Beat LT Option,Chevrolet,2016,239000,41000,Petrol
8748,Fortuner 4x2 AT,Toyota,2017,2600000,47162,Diesel
8749,S-Cross Zeta DDiS 200 SH,Maruti,2015,750000,45974,Diesel
8750,i10 Magna,Hyundai,2012,229999,49824,Petrol
8751,A6 2.0 TDI Premium Plus,Audi,2013,1300000,58500,Diesel
8752,Santro GS,Hyundai,2005,80000,56580,Petrol
8753,Laura Ambiente 2.0 TDI CR MT,Skoda,2012,385000,52000,Diesel
8754,Verna 1.6 VTVT SX,Hyundai,2015,760000,55340,Petrol
8755,Swift Dzire VDI,Maruti,2017,600000,46507,Diesel
8756,i20 Sportz 1.2,Hyundai,2013,350000,50000,Petrol
8757,Alto 800 LXI,Maruti,2014,114999,30000,Petrol
8758,i20 Sportz 1.2,Hyundai,2013,380000,50000,Petrol
8759,Gypsy E MG410W ST,Maruti,1995,95000,100000,Petrol
8760,Scorpio 1.99 S6 Plus,Mahindra,2016,900000,35000,Diesel
8761,Beat LT,Chevrolet,2012,200999,90000,Petrol
8762,Omni E MPI STD BS IV,Maruti,2014,229999,11451,Petrol
8763,Nexon 1.5 Revotorq XZ,Tata,2019,800000,60000,Diesel
8764,Verito 1.5 D4 BSIV,Mahindra,2012,150000,172000,Diesel
8765,Swift VDI,Maruti,2018,600000,60000,Diesel
8766,Tavera LS B3 7 Seats BSII,Chevrolet,2005,150000,150000,Diesel
8767,Optra Magnum 2.0 LS,Chevrolet,2009,150000,66000,Diesel
8768,Eeco 5 Seater Standard BSIV,Maruti,2019,380000,5000,Petrol
8769,Swift 1.3 VXi,Maruti,2006,80000,66508,Petrol
8770,Civic 1.8 MT Sport,Honda,2007,225000,55000,Petrol
8771,Nano Lx BSIV,Tata,2012,75000,29900,Petrol
8772,Hexa XT 4X4,Tata,2017,1600000,3000,Diesel
8773,Indica Vista Quadrajet VX,Tata,2012,185000,85000,Diesel
8774,Scorpio 2.6 CRDe SLE,Mahindra,2011,425000,50000,Diesel
8775,Indica Vista Aqua 1.4 TDI,Tata,2010,100000,120000,Diesel
8776,Zen Estilo LXI BSIII,Maruti,2008,140000,90000,Petrol
8777,Swift Dzire AMT ZXI Plus BS IV,Maruti,2017,710000,8000,Petrol
8778,Amaze S AT i-Vtech,Honda,2015,450000,7900,Petrol
8779,RediGO T Option,Datsun,2017,210000,50000,Petrol
8780,Alto K10 VXI,Maruti,2016,270000,25000,Petrol
8781,Alto LXi,Maruti,2009,110000,20000,Petrol
8782,Swift VXI,Maruti,2018,540000,17500,Petrol
8783,Renault Logan 1.4 GLX Petrol,Mahindra,2008,145000,25000,Petrol
8784,Safari Storme VX,Tata,2013,360000,206500,Diesel
8785,i10 Magna LPG,Hyundai,2013,250000,88600,LPG
8786,Venture EX,Tata,2012,110000,80000,Diesel
8787,Captiva LT,Chevrolet,2008,250000,100000,Diesel
8788,Fiesta Classic 1.4 Duratorq CLXI,Ford,2011,150000,186000,Diesel
8789,Aveo U-VA 1.2 LS,Chevrolet,2010,140000,60000,Petrol
8790,Ciaz Zeta BSIV,Maruti,2019,925000,11000,Petrol
8791,Hexa XM,Tata,2017,969999,30000,Diesel
8792,Santro Xing GL PLUS CNG,Hyundai,2007,90000,80000,CNG
8793,Santro GLS I - Euro I,Hyundai,2001,55000,60000,Petrol
8794,Verna CRDi,Hyundai,2007,155000,100000,Diesel
8795,Thar CRDe ABS,Mahindra,2019,900000,15000,Diesel
8796,Alto K10 2010-2014 VXI,Maruti,2011,135000,90000,Petrol
8797,800 AC,Maruti,2012,180000,120000,Petrol
8798,Verna 1.6 SX,Hyundai,2013,495000,100000,Diesel
8799,Innova 2.5 V Diesel 8-seater,Toyota,2009,400000,138000,Diesel
8800,Verna CRDi,Hyundai,2008,250000,110000,Diesel
8801,Alto K10 LXI,Maruti,2015,138000,120000,Petrol
8802,City 1.5 V AT,Honda,2011,311000,70000,Petrol
8803,Alto 800 VXI,Maruti,2015,190000,70000,Petrol
8804,Bolero SLX,Mahindra,2011,311000,140000,Diesel
8805,Ritz LXI,Maruti,2009,300000,15000,Petrol
8806,Jazz VX,Honda,2018,600000,20000,Petrol
8807,Scorpio SLE BSIII,Mahindra,2009,550000,100000,Diesel
8808,Rapid 1.6 MPI AT Elegance Plus,Skoda,2015,600000,70000,Petrol
8809,Alto 800 VXI,Maruti,2018,195000,5000,Petrol
8810,Nano LX,Tata,2013,58000,27974,Petrol
8811,Alto 800 VXI,Maruti,2018,183000,40000,Petrol
8812,Zen Estilo 1.1 VXI BSIII,Maruti,2007,95000,80000,Petrol
8813,Wagon R LX Minor,Maruti,2013,250000,38000,Petrol
8814,Wagon R LX Minor,Maruti,2013,250000,38000,Petrol
8815,Zest Revotron 1.2 XT,Tata,2014,400000,35000,Petrol
8816,Verna 1.6 SX CRDi (O),Hyundai,2012,409999,60000,Diesel
8817,Octavia Classic 1.9 TDI MT,Skoda,2004,120000,120000,Diesel
8818,Swift AMT VXI,Maruti,2018,600000,18000,Petrol
8819,Amaze SX i-VTEC,Honda,2016,600000,10000,Petrol
8820,XUV500 W6 2WD,Mahindra,2015,825000,90000,Diesel
8821,Etios GD,Toyota,2016,625000,80000,Diesel
8822,Grand i10 Nios Magna CRDi,Hyundai,2020,700000,1400,Diesel
8823,Beat LS,Chevrolet,2011,160000,60000,Petrol
8824,Alto LX,Maruti,2011,114999,60000,Petrol
8825,Wagon R LXI Minor,Maruti,2009,150000,53000,Petrol
8826,Jetta 1.9 L TDI,Volkswagen,2010,250000,100000,Diesel
8827,Verna 1.6 SX,Hyundai,2012,390000,86000,Diesel
8828,Duster 85PS Diesel RxL,Renault,2015,650000,100000,Diesel
8829,Xcent 1.1 CRDi SX Option,Hyundai,2016,600000,30000,Diesel
8830,i20 1.2 Sportz,Hyundai,2011,250000,120000,Petrol
8831,Santro Xing GL Plus LPG,Hyundai,2011,229999,60000,LPG
8832,Ritz LDi,Maruti,2016,299000,50000,Diesel
8833,Cruze LTZ,Chevrolet,2010,330000,124000,Diesel
8834,Accent Executive,Hyundai,2012,180000,100000,Petrol
8835,Grand i10 1.2 Kappa Asta,Hyundai,2017,475000,42000,Petrol
8836,Grand i10 CRDi Sportz,Hyundai,2015,325000,100000,Diesel
8837,City i VTEC V,Honda,2016,639000,28205,Petrol
8838,Celerio VXI AT,Maruti,2017,415000,32670,Petrol
8839,Creta 1.6 CRDi AT SX Plus,Hyundai,2016,1199000,30093,Diesel
8840,Ertiga VXI CNG,Maruti,2013,525000,56228,CNG
8841,Verna 1.6 SX VTVT,Hyundai,2013,425000,59319,Petrol
8842,Vitara Brezza VDi,Maruti,2016,699000,39503,Diesel
8843,Grand i10 1.2 Kappa Sportz Dual Tone,Hyundai,2013,325000,35299,Petrol
8844,Etios V,Toyota,2011,275000,51687,Petrol
8845,Vento Petrol Highline AT,Volkswagen,2011,269000,76259,Petrol
8846,Polo Diesel Highline 1.2L,Volkswagen,2013,399000,44049,Diesel
8847,KUV 100 mFALCON D75 K8,Mahindra,2017,475000,45087,Diesel
8848,Etios V,Toyota,2011,249000,41125,Petrol
8849,A4 New  2.0 TDI Multitronic,Audi,2014,1549000,42215,Diesel
8850,Polo Petrol Highline 1.2L,Volkswagen,2011,254999,54206,Petrol
8851,Rapid 1.6 MPI Active,Skoda,2012,269000,52547,Petrol
8852,Ertiga ZDI,Maruti,2014,665000,59110,Diesel
8853,Wagon R Stingray LXI,Maruti,2014,299000,54565,Petrol
8854,i20 Asta,Hyundai,2010,265000,47564,Petrol
8855,Polo Petrol Highline 1.2L,Volkswagen,2010,211000,45143,Petrol
8856,Superb 1.8 TSI,Skoda,2013,599000,61624,Petrol
8857,Indigo LS,Tata,2007,55000,195000,Diesel
8858,Verna 1.6 SX CRDi (O),Hyundai,2014,550000,50000,Diesel
8859,Rover Discovery Sport TD4 HSE 7S,Land,2018,4000000,68000,Diesel
8860,Sumo GX TC 8 Str,Tata,2010,220000,120000,Diesel
8861,Swift VXI,Maruti,2019,500000,20000,Petrol
8862,Alto LXi,Maruti,2010,140000,30000,Petrol
8863,Swift VDI,Maruti,2013,325000,60000,Diesel
8864,i20 Magna,Hyundai,2010,210000,90000,Petrol
8865,Alto LXi,Maruti,2008,110000,90000,Petrol
8866,Verna CRDi 1.6 SX Option,Hyundai,2019,1200000,25000,Diesel
8867,Alto 800 VXI,Maruti,2017,229999,40000,Petrol
8868,SX4 Vxi BSIV,Maruti,2012,225000,110000,Petrol
8869,Alto 800 LXI,Maruti,2006,165000,132000,Petrol
8870,Tiago XZA AMT,Tata,2018,525000,10980,Petrol
8871,EON Era Plus,Hyundai,2018,325000,20629,Petrol
8872,Innova Crysta 2.4 VX MT BSIV,Toyota,2018,1500000,50000,Diesel
8873,Grand i10 AT Asta,Hyundai,2015,400000,30000,Petrol
8874,Ciaz VXi,Maruti,2015,550000,69782,Petrol
8875,800 Std,Maruti,2003,98000,54000,Petrol
8876,XUV500 W8 4WD,Mahindra,2013,900000,63654,Diesel
8877,Lodgy 85PS RxL,Renault,2017,700000,60000,Diesel
8878,Scorpio S6 Plus 7 Seater,Mahindra,2015,890000,52000,Diesel
8879,Swift LDI BSIV,Maruti,2015,490000,59385,Diesel
8880,i20 2015-2017 Magna 1.2,Hyundai,2015,525000,70378,Petrol
8881,Wagon R LXI BS IV,Maruti,2013,330000,55425,Petrol
8882,Bolero 2011-2019 SLX 2WD BSIII,Mahindra,2013,550000,78413,Diesel
8883,Bolero Power Plus SLX,Mahindra,2018,790000,40890,Diesel
8884,Brio S MT,Honda,2015,350000,34823,Petrol
8885,Innova Crysta 2.8 ZX AT BSIV,Toyota,2017,1700000,75000,Diesel
8886,Ciaz VDI SHVS,Maruti,2017,750000,55545,Diesel
8887,Amaze EX i-Dtech,Honda,2014,409999,56541,Diesel
8888,EON Magna Plus,Hyundai,2016,220000,43700,Petrol
8889,Indica GLS BS IV,Tata,2009,68000,120000,Petrol
8890,EON Era Plus,Hyundai,2017,290000,20000,Petrol
8891,City i DTec SV,Honda,2014,600000,27483,Diesel
8892,Swift LXI,Maruti,2019,470000,8000,Petrol
8893,i10 Sportz 1.2,Hyundai,2008,150000,30000,Petrol
8894,Alto 800 LXI,Maruti,2014,180000,56207,Petrol
8895,Zen LXI,Maruti,2006,80000,70000,Petrol
8896,WR-V i-VTEC VX,Honda,2018,875000,1440,Petrol
8897,Alto 800 LXI,Maruti,2019,300000,50000,Petrol
8898,Fortuner 2.8 2WD AT BSIV,Toyota,2017,2800000,20000,Diesel
8899,Innova Crysta 2.4 ZX MT,Toyota,2017,1330000,91195,Diesel
8900,Polo 1.5 TDI Trendline,Volkswagen,2011,220000,63657,Diesel
8901,Verito Vibe 1.5 dCi D4,Mahindra,2013,250000,60000,Diesel
8902,Innova 2.5 G (Diesel) 7 Seater,Toyota,2016,919999,75000,Diesel
8903,Vento Magnific 1.6 Highline,Volkswagen,2013,380000,97248,Petrol
8904,Swift VDI,Maruti,2012,450000,46000,Diesel
8905,Verna 1.6 VTVT AT S Option,Hyundai,2016,770000,10000,Petrol
8906,Swift Dzire LDI,Maruti,2018,550000,80000,Diesel
8907,New Safari DICOR 2.2 GX 4x2,Tata,2011,320000,100000,Diesel
8908,SX4 Vxi BSIV,Maruti,2013,400000,35000,Petrol
8909,Celerio VXI AT,Maruti,2017,450000,50000,Petrol
8910,SX4 ZDI,Maruti,2011,220000,90000,Diesel
8911,XUV500 W8 2WD,Mahindra,2012,400000,150000,Diesel
8912,Verna 1.6 SX VTVT (O),Hyundai,2013,530000,89000,Petrol
8913,Swift Dzire VDI,Maruti,2014,390000,60000,Diesel
8914,Grande Punto 1.3 Dynamic (Diesel),Fiat,2012,185000,100000,Diesel
8915,SX4 Vxi BSIV,Maruti,2012,300000,100000,Petrol
8916,Swift VDI BSIV,Maruti,2014,575000,90000,Diesel
8917,Wagon R Stingray VXI,Maruti,2014,300000,75000,Petrol
8918,Etios Liva 1.4 VD,Toyota,2017,425000,36000,Diesel
8919,Xcent 1.2 Kappa SX,Hyundai,2016,350000,12000,Petrol
8920,Amaze VX O iDTEC,Honda,2017,550000,12997,Diesel
8921,Ciaz 1.4 AT Zeta,Maruti,2017,500000,40000,Petrol
8922,Scorpio S4 4WD,Mahindra,2015,600000,60000,Diesel
8923,Quanto C8,Mahindra,2013,300000,25000,Diesel
8924,Verna CRDi 1.6 SX Option,Hyundai,2018,1150000,26430,Diesel
8925,Swift 1.3 VXI ABS,Maruti,2015,475000,24600,Petrol
8926,Wagon R LXI,Maruti,2011,260000,28481,Petrol
8927,Ecosport 1.0 Ecoboost Titanium Optional,Ford,2013,350000,100000,Petrol
8928,XUV500 W8 2WD,Mahindra,2013,750000,41988,Diesel
8929,Wagon R LXI,Maruti,2009,180000,30375,Petrol
8930,KWID Climber 1.0 AMT BSIV,Renault,2017,350000,7658,Petrol
8931,Swift Dzire VDI,Maruti,2017,611000,34400,Diesel
8932,KWID RXL BSIV,Renault,2017,325000,18500,Petrol
8933,EON 1.0 Era Plus,Hyundai,2012,225000,48000,Petrol
8934,Wagon R AMT VXI,Maruti,2014,300000,28942,Petrol
8935,Bolero Power Plus SLX,Mahindra,2017,400000,50000,Diesel
8936,XUV500 W8 2WD,Mahindra,2012,711000,53600,Diesel
8937,Innova 2.5 G (Diesel) 8 Seater,Toyota,2015,851000,53652,Diesel
8938,Ertiga VXI,Maruti,2014,500000,25000,Petrol
8939,Innova 2.5 G4 Diesel 8-seater,Toyota,2007,250000,80000,Diesel
8940,Alto 800 VXI,Maruti,2017,150000,50000,Petrol
8941,Scorpio 1.99 S10,Mahindra,2016,610000,15000,Diesel
8942,KUV 100 G80 K2,Mahindra,2018,450000,5000,Petrol
8943,i20 1.4 Asta Option,Hyundai,2017,744000,106000,Diesel
8944,Spark 1.0,Chevrolet,2008,120000,100000,Petrol
8945,KWID RXL,Renault,2016,220000,60000,Petrol
8946,Ertiga ZDI,Maruti,2012,480000,120000,Diesel
8947,Celerio ZXI Optional AMT BSIV,Maruti,2017,370000,82000,Petrol
8948,Palio D 1.9 EL PS,Fiat,2003,55000,35000,Diesel
8949,EON Magna Plus,Hyundai,2013,125000,205000,Petrol
8950,Verna 1.6 CRDI,Hyundai,2011,260000,125000,Diesel
8951,Linea Classic 1.3 Multijet,Fiat,2015,350000,130000,Diesel
8952,Alto 800 CNG LXI,Maruti,2012,170000,97000,CNG
8953,Grand i10 Sportz,Hyundai,2015,350000,90000,Petrol
8954,Swift Dzire VXi,Maruti,2009,250000,60000,Petrol
8955,Indigo CR4,Tata,2013,170000,60000,Diesel
8956,Scorpio S11 BSIV,Mahindra,2018,1300000,35000,Diesel
8957,Grand i10 1.2 Kappa Sportz BSIV,Hyundai,2019,550000,25000,Petrol
8958,Brio 1.2 S MT,Honda,2017,400000,15000,Petrol
8959,Nano Lx,Tata,2011,120000,20000,Petrol
8960,Nano Lx,Tata,2011,120000,20000,Petrol
8961,Figo Petrol Titanium,Ford,2010,275000,70000,Petrol
8962,Zest Revotron 1.2T XE,Tata,2016,285000,90000,Petrol
8963,Creta 1.4 CRDi Base,Hyundai,2016,900000,80000,Diesel
8964,M-Class ML 350 CDI,Mercedes-Benz,2014,2500000,79500,Diesel
8965,Verna 1.6 SX CRDi (O),Hyundai,2013,620000,70000,Diesel
8966,Innova Crysta 2.4 GX MT 8S BSIV,Toyota,2018,1700000,5000,Diesel
8967,Figo Aspire 1.2 Ti-VCT Titanium Plus,Ford,2018,650000,15000,Petrol
8968,Ertiga VXI,Maruti,2014,500000,35000,Petrol
8969,New Safari DICOR 2.2 EX 4x4,Tata,2009,250000,120000,Diesel
8970,Marazzo M4,Mahindra,2018,950000,15000,Diesel
8971,Etios Cross 1.2L G,Toyota,2015,320000,60000,Petrol
8972,Duster 110PS Diesel RxZ,Renault,2013,450000,120000,Diesel
8973,KUV 100 mFALCON D75 K8 AW,Mahindra,2016,350000,90000,Diesel
8974,Swift Dzire VXI,Maruti,2015,400000,90000,Petrol
8975,Omni MPI STD BSIV,Maruti,2018,200000,10000,Petrol
8976,i20 Asta 1.4 CRDi (Diesel),Hyundai,2009,250000,72000,Diesel
8977,Innova 2.0 GX 8 STR BSIV,Toyota,2011,550000,197000,Petrol
8978,Zen LXI,Maruti,1999,85000,70000,Petrol
8979,Santro LP zipPlus,Hyundai,2001,52000,50000,Petrol
8980,Hexa XTA,Tata,2017,1200000,50000,Diesel
8981,Verna 1.6 SX VTVT AT,Hyundai,2011,450000,60000,Petrol
8982,Swift Dzire VXI 1.2 BS IV,Maruti,2018,615000,40000,Petrol
8983,SX4 ZDI Leather,Maruti,2012,400000,60000,Diesel
8984,Nano LX,Tata,2013,60000,40000,Petrol
8985,Ignis 1.2 Alpha BSIV,Maruti,2017,500000,9161,Petrol
8986,Mobilio V i VTEC,Honda,2015,600000,45000,Petrol
8987,Getz 1.3 GVS,Hyundai,2010,110000,110000,Petrol
8988,Santro Xing GL Plus,Hyundai,2013,175000,80000,Petrol
8989,Fiesta Titanium 1.5 TDCi,Ford,2011,325000,100000,Diesel
8990,Swift Dzire LDI,Maruti,2017,425000,90000,Diesel
8991,Accent GLE CNG,Hyundai,2009,160000,70000,CNG
8992,Zen Estilo LXI BSIII,Maruti,2007,100000,80000,Petrol
8993,Swift Dzire LDI,Maruti,2014,390000,110000,Diesel
8994,i20 1.2 Spotz,Hyundai,2017,400000,50000,Petrol
8995,Tigor 1.2 Revotron XM,Tata,2018,509999,5000,Petrol
8996,i10 Magna 1.1,Hyundai,2008,150000,90000,Petrol
8997,Santro Xing GLS,Hyundai,2009,110000,120000,Petrol
8998,Sunny Diesel XV,Nissan,2013,450000,80000,Diesel
8999,i20 1.2 Spotz,Hyundai,2017,400000,38000,Petrol
9000,Santro Xing GLS,Hyundai,2009,140000,120000,Petrol
9001,Indigo CR4,Tata,2011,130000,90000,Diesel
9002,Alto 800 LXI,Maruti,2017,160000,50000,Petrol
9003,Alto 800 LXI,Maruti,2016,150000,60000,Petrol
9004,XUV500 W8 2WD,Mahindra,2013,500000,100000,Diesel
9005,Nano Std,Tata,2011,40000,19000,Petrol
9006,Tavera LT L1 7 Seats BSIII,Chevrolet,2006,140000,200000,Diesel
9007,Verito 1.5 D2 BSIV,Mahindra,2015,227000,70000,Diesel
9008,Swift VDI,Maruti,2011,285000,50000,Diesel
9009,Alto LX,Maruti,2012,155000,19077,Petrol
9010,EON D Lite,Hyundai,2016,210000,30000,Petrol
9011,Alto LXi,Maruti,2009,140000,80000,Petrol
9012,Innova 2.5 GX (Diesel) 7 Seater,Toyota,2015,940000,128000,Diesel
9013,Terrano XV Premium 110 PS,Nissan,2013,750000,80000,Diesel
9014,Baleno Alpha 1.3,Maruti,2016,610000,100000,Diesel
9015,Sunny XV D Premium Leather,Nissan,2015,450000,50000,Diesel
9016,Etios Liva GD,Toyota,2012,409999,56000,Diesel
9017,EON 1.0 Era Plus,Hyundai,2018,100000,21302,Petrol
9018,KWID 1.0 RXT Optional,Renault,2018,300000,10500,Petrol
9019,Bolero 2011-2019 SLX,Mahindra,2013,400000,107000,Diesel
9020,i10 Sportz 1.2,Hyundai,2010,210000,60000,Petrol
9021,Santro Xing XG eRLX Euro III,Hyundai,2006,90000,120000,Petrol
9022,Wagon R LXI BS IV,Maruti,2010,222000,70000,Petrol
9023,Alto 800 LXI,Maruti,2015,240000,50000,Petrol
9024,Etios Liva GD,Toyota,2013,450000,70000,Diesel
9025,Duster 85PS Diesel RxL,Renault,2013,450000,1000,Diesel
9026,C-Class Progressive C 220d,Mercedes-Benz,2018,3800000,10000,Diesel
9027,A4 3.0 TDI Quattro,Audi,2013,1580000,86000,Diesel
9028,X5 xDrive 30d xLine,BMW,2019,4950000,30000,Diesel
9029,Creta 1.6 CRDi SX,Hyundai,2016,535000,52600,Diesel
9030,SX4 Vxi BSIV,Maruti,2012,225000,110000,Petrol
9031,Grand i10 1.2 Kappa Magna AT,Hyundai,2017,550000,19890,Petrol
9032,Swift ZXI BSIV,Maruti,2016,670000,7104,Petrol
9033,Ertiga VXI,Maruti,2015,625000,11918,Petrol
9034,Grand i10 Magna AT,Hyundai,2017,520000,10510,Petrol
9035,Beat LT Option,Chevrolet,2016,239000,41000,Petrol
9036,Fortuner 4x2 AT,Toyota,2017,2600000,47162,Diesel
9037,S-Cross Zeta DDiS 200 SH,Maruti,2015,750000,45974,Diesel
9038,i10 Magna,Hyundai,2012,229999,49824,Petrol
9039,A6 2.0 TDI Premium Plus,Audi,2013,1300000,58500,Diesel
9040,Santro GS,Hyundai,2005,80000,56580,Petrol
9041,Laura Ambiente 2.0 TDI CR MT,Skoda,2012,385000,52000,Diesel
9042,Verna 1.6 VTVT SX,Hyundai,2015,760000,55340,Petrol
9043,Swift Dzire VDI,Maruti,2017,600000,46507,Diesel
9044,Duster 85PS Diesel RxL,Renault,2013,450000,1000,Diesel
9045,C-Class Progressive C 220d,Mercedes-Benz,2018,3800000,10000,Diesel
9046,A4 3.0 TDI Quattro,Audi,2013,1580000,86000,Diesel
9047,X5 xDrive 30d xLine,BMW,2019,4950000,30000,Diesel
9048,Creta 1.6 CRDi SX,Hyundai,2016,535000,52600,Diesel
9049,SX4 Vxi BSIV,Maruti,2012,225000,110000,Petrol
9050,Grand i10 1.2 Kappa Magna AT,Hyundai,2017,550000,19890,Petrol
9051,Swift ZXI BSIV,Maruti,2016,670000,7104,Petrol
9052,Ertiga VXI,Maruti,2015,625000,11918,Petrol
9053,Grand i10 Magna AT,Hyundai,2017,520000,10510,Petrol
9054,Beat LT Option,Chevrolet,2016,239000,41000,Petrol
9055,Fortuner 4x2 AT,Toyota,2017,2600000,47162,Diesel
9056,S-Cross Zeta DDiS 200 SH,Maruti,2015,750000,45974,Diesel
9057,i10 Magna,Hyundai,2012,229999,49824,Petrol
9058,A6 2.0 TDI Premium Plus,Audi,2013,1300000,58500,Diesel
9059,Santro GS,Hyundai,2005,80000,56580,Petrol
9060,Laura Ambiente 2.0 TDI CR MT,Skoda,2012,385000,52000,Diesel
9061,Verna 1.6 VTVT SX,Hyundai,2015,760000,55340,Petrol
9062,Swift Dzire VDI,Maruti,2017,600000,46507,Diesel
9063,Jetta 2.0L TDI Highline AT,Volkswagen,2012,735000,55300,Diesel
9064,Indica Vista Quadrajet 90 VX,Tata,2012,285000,74300,Diesel
9065,City VX MT,Honda,2010,350000,48781,Petrol
9066,Jetta 1.9 Highline TDI,Volkswagen,2010,290000,87620,Diesel
9067,Vento 1.5 TDI Highline Plus AT,Volkswagen,2017,890000,40219,Diesel
9068,Jazz VX,Honda,2011,385000,11473,Petrol
9069,Eeco 5 Seater AC BSIV,Maruti,2017,425000,8352,Petrol
9070,Wagon R VXI AMT1.2BSIV,Maruti,2017,525000,9745,Petrol
9071,Grand i10 Asta,Hyundai,2017,550000,9748,Petrol
9072,Polo 1.0 MPI Trendline,Volkswagen,2012,271000,49000,Petrol
9073,Creta 1.6 CRDi SX Option,Hyundai,2018,1490000,20694,Diesel
9074,Grand i10 Asta Option,Hyundai,2015,490000,31080,Petrol
9075,EON Era Plus,Hyundai,2014,260000,37605,Petrol
9076,Xcent 1.1 CRDi SX Option,Hyundai,2014,455000,55850,Diesel
9077,Nano Lx BSIV,Tata,2010,75000,58850,Petrol
9078,Etios Cross 1.2L G,Toyota,2015,421000,23839,Petrol
9079,Swift DDiS LDI,Maruti,2016,550000,54000,Diesel
9080,i10 Sportz 1.2 AT,Hyundai,2013,330000,38000,Petrol
9081,Vento 1.5 TDI Comfortline,Volkswagen,2012,390000,45454,Diesel
9082,Rapid 1.5 TDI AT Ambition,Skoda,2015,599000,46957,Diesel
9083,Getz GLE,Hyundai,2007,110000,60000,Petrol
9084,KWID RXT Optional,Renault,2016,250000,25000,Petrol
9085,Scorpio M2DI,Mahindra,2012,600000,110000,Diesel
9086,Endeavour XLT TDCi 4X2,Ford,2008,280000,190000,Diesel
9087,Q3 35 TDI Quattro Technology,Audi,2018,2700000,25000,Diesel
9088,Renault Logan 1.4 GLX Petrol,Mahindra,2008,80000,90000,Petrol
9089,Alto K10 VXI,Maruti,2019,350000,5000,Petrol
9090,Swift VDI BSIV,Maruti,2015,475000,60000,Diesel
9091,A5 Sportback,Audi,2020,4700000,1500,Diesel
9092,Swift Dzire VDI,Maruti,2018,500000,50000,Diesel
9093,Sail Hatchback 1.3 TCDi LT ABS,Chevrolet,2014,250000,120000,Diesel
9094,Accent CRDi,Hyundai,2005,100000,120000,Diesel
9095,Alto K10 VXI Airbag,Maruti,2019,350000,5000,Petrol
9096,7 Series Signature 730Ld,BMW,2014,4000000,47000,Diesel
9097,Camry 2.5 Hybrid,Toyota,2017,1900000,20000,Petrol
9098,Santro Xing XG,Hyundai,2005,95000,120000,Petrol
9099,Grand i10 CRDi Sportz,Hyundai,2015,409999,58000,Diesel
9100,XUV500 W5 BSIV,Mahindra,2018,1050000,35000,Diesel
9101,Alto K10 VXI,Maruti,2017,320000,30000,Petrol
9102,XUV300 W8 Option Diesel BSIV,Mahindra,2019,1000000,10000,Diesel
9103,Innova Crysta 2.4 VX MT BSIV,Toyota,2017,1770000,25000,Diesel
9104,Thar CRDe,Mahindra,2018,950000,20000,Diesel
9105,Swift Dzire ZDI,Maruti,2018,750000,50000,Diesel
9106,EON Magna Plus,Hyundai,2014,220000,42000,Petrol
9107,Hexa XM,Tata,2017,1000000,50000,Diesel
9108,Mobilio E i DTEC,Honda,2017,660000,116000,Diesel
9109,Ertiga ZDI,Maruti,2015,716000,100000,Diesel
9110,Ciaz ZXi Plus,Maruti,2015,675000,66000,Petrol
9111,Scorpio LX,Mahindra,2010,385000,110000,Diesel
9112,Grande Punto EVO 1.3 Dynamic,Fiat,2014,325000,70000,Diesel
9113,Creta 1.6 CRDi SX Option,Hyundai,2015,950000,60000,Diesel
9114,Endeavour Hurricane Limited Edition,Ford,2007,400000,110000,Diesel
9115,Indica Vista TDI LS,Tata,2014,250000,25000,Diesel
9116,Rover Discovery S 2.0 SD4,Land,2018,4000000,68000,Petrol
9117,Alto 800 LXI,Maruti,2014,210000,20000,Petrol
9118,i10 Era 1.1 iTech SE,Hyundai,2011,147000,110000,Petrol
9119,Vitara Brezza VDi Option,Maruti,2018,725000,26350,Diesel
9120,Scorpio SLE BSIV,Mahindra,2012,550000,90000,Diesel
9121,i20 Sportz Option 1.2,Hyundai,2016,475000,25000,Petrol
9122,Santro Xing GLS,Hyundai,2014,250000,50000,Petrol
9123,Indica LSI,Tata,2006,70000,60000,Petrol
9124,EON Era Plus,Hyundai,2012,160000,70000,Petrol
9125,Endeavour 3.0L 4X4 AT,Ford,2011,1000000,90000,Diesel
9126,Santro LE zipPlus,Hyundai,2001,68000,70000,Petrol
9127,Grand i10 1.2 Kappa Asta,Hyundai,2017,500000,26500,Petrol
9128,Indigo CR4,Tata,2013,170000,60000,Diesel
9129,Scorpio S11 BSIV,Mahindra,2018,1300000,35000,Diesel
9130,Creta 1.4 EX Diesel,Hyundai,2020,1050000,10000,Diesel
9131,Ritz LXI,Maruti,2009,300000,15000,Petrol
9132,i20 Magna 1.2,Hyundai,2016,600000,25000,Petrol
9133,Verna CRDi 1.6 SX,Hyundai,2017,900000,50000,Diesel
9134,Grand i10 1.2 Kappa Sportz BSIV,Hyundai,2019,550000,25000,Petrol
9135,Alto LX,Maruti,2007,100000,52000,Petrol
9136,Brio 1.2 S MT,Honda,2017,400000,15000,Petrol
9137,Nano Lx,Tata,2011,120000,20000,Petrol
9138,i20 Asta 1.4 CRDi,Hyundai,2013,300000,90000,Diesel
9139,Indigo LX,Tata,2011,140000,60000,Diesel
9140,Rapid 1.6 MPI Ambition With Alloy Wheel,Skoda,2015,640000,23000,Petrol
9141,Alto K10 VXI,Maruti,2018,380000,22155,Petrol
9142,Nano Lx,Tata,2011,120000,20000,Petrol
9143,Ciaz 1.4 Delta,Maruti,2018,650000,70000,Petrol
9144,Alto LX,Maruti,2009,150000,60000,Petrol
9145,Figo Aspire 1.2 Ti-VCT Trend,Ford,2018,550000,35000,Petrol
9146,XUV500 W8 4WD,Mahindra,2012,650000,71042,Diesel
9147,Pajero Sport 4X4,Mitsubishi,2012,1025000,167870,Diesel
9148,Fiesta 1.5 TDCi Titanium,Ford,2011,195000,133564,Diesel
9149,C-Class Progressive C 220d,Mercedes-Benz,2018,3800000,10000,Diesel
9150,3 Series 320d Sport,BMW,2013,1490000,40000,Diesel
9151,X5 xDrive 30d xLine,BMW,2019,4950000,30000,Diesel
9152,City i-VTEC CVT ZX,Honda,2018,1140000,23038,Petrol
9153,Beat Diesel LS,Chevrolet,2011,95000,70000,Diesel
9154,3 Series GT Luxury Line,BMW,2017,3050000,30000,Diesel
9155,Grand i10 1.2 Kappa Magna AT,Hyundai,2017,550000,19890,Petrol
9156,Ertiga VXI,Maruti,2015,625000,11918,Petrol
9157,Grand i10 Magna AT,Hyundai,2017,520000,10510,Petrol
9158,Beat LT Option,Chevrolet,2016,239000,41000,Petrol
9159,Fortuner 4x2 AT,Toyota,2017,2600000,47162,Diesel
9160,i10 Magna,Hyundai,2012,229999,49824,Petrol
9161,A6 2.0 TDI Premium Plus,Audi,2013,1300000,58500,Diesel
9162,Baleno Delta 1.2,Maruti,2017,585000,43608,Petrol
9163,Baleno Alpha CVT,Maruti,2018,825000,11212,Petrol
9164,i20 1.4 Magna Executive,Hyundai,2013,280000,52000,Diesel
9165,Baleno Zeta,Maruti,2016,725000,49217,Petrol
9166,Verito 1.5 D4 BSIV,Mahindra,2015,300000,90000,Diesel
9167,Xcent 1.2 Kappa S,Hyundai,2015,375000,70000,Petrol
9168,City VTEC,Honda,2003,310000,90000,Petrol
9169,Swift Dzire VDi,Maruti,2011,375000,190000,Diesel
9170,Endeavour 3.2 Titanium AT 4X4,Ford,2016,1950000,106000,Diesel
9171,Xenon XT EX 4X2,Tata,2012,400000,80000,Diesel
9172,Terrano XL Plus 85 PS,Nissan,2014,550000,80000,Diesel
9173,Eeco 7 Seater Standard BSIV,Maruti,2018,270000,20000,Petrol
9174,Ertiga ZDI,Maruti,2012,555000,110000,Diesel
9175,Ecosport 1.5 DV5 MT Ambiente,Ford,2013,500000,60000,Diesel
9176,Laura Elegance 1.9 TDI  AT,Skoda,2010,400000,130000,Diesel
9177,EON 1.0 Era Plus,Hyundai,2017,280000,28838,Petrol
9178,Indica GLS BS IV,Tata,2008,80000,200000,Petrol
9179,Indica DLS,Tata,2006,55000,100000,Diesel
9180,Alto 800 LXI Airbag,Maruti,2014,250000,50000,Petrol
9181,Bolero SLX 2WD,Mahindra,2010,250000,190000,Diesel
9182,Jeep MM 540,Mahindra,2007,95000,100000,Diesel
9183,Scorpio 1.99 S10,Mahindra,2014,725000,135000,Diesel
9184,Bolero Power Plus Plus AC BSIV PS,Mahindra,2015,320000,50000,Diesel
9185,Octavia Elegance 2.0 TDI AT,Skoda,2014,1200000,135000,Diesel
9186,Beat Diesel LS,Chevrolet,2012,160000,50000,Diesel
9187,Jazz 1.5 VX i DTEC,Honda,2018,790000,19571,Diesel
9188,City i-VTEC ZX,Honda,2018,1200000,29600,Petrol
9189,Swift LXI,Maruti,2011,175000,70000,Petrol
9190,Vitara Brezza ZDi Plus AMT Dual Tone,Maruti,2018,950000,15000,Diesel
9191,Celerio LXI MT BSIV,Maruti,2019,340000,50000,Petrol
9192,Captur 1.5 Diesel RXT,Renault,2017,825000,13500,Diesel
9193,A4 30 TFSI Technology,Audi,2018,3100000,22000,Petrol
9194,Amaze VX Diesel BSIV,Honda,2018,780000,25000,Diesel
9195,Corolla Altis 1.8 VL AT,Toyota,2010,350000,80000,Petrol
9196,Amaze VX Petrol BSIV,Honda,2018,690000,39000,Petrol
9197,Alto 800 VXI,Maruti,2016,245000,60000,Petrol
9198,Amaze VX Diesel BSIV,Honda,2018,790000,49000,Diesel
9199,Amaze VX i-VTEC,Honda,2018,680000,48600,Petrol
9200,Grand i10 Asta Option,Hyundai,2017,540000,20000,Petrol
9201,KUV 100 mFALCON G80 K2,Mahindra,2016,425000,25000,Petrol
9202,Zen Estilo Sports,Maruti,2008,140000,120000,Petrol
9203,Ertiga ZDI Plus,Maruti,2019,1100000,30000,Diesel
9204,Lodgy 85PS RxL,Renault,2015,715000,35000,Diesel
9205,A4 3.0 TDI Quattro,Audi,2013,1580000,86000,Diesel
9206,Q3 2.0 TDI Quattro Premium Plus,Audi,2015,1750000,127643,Diesel
9207,Zest Revotron 1.2T XMS,Tata,2018,400000,54000,Petrol
9208,A6 2.0 TDI  Design Edition,Audi,2014,1750000,102354,Diesel
9209,Q5 2.0 TFSI Quattro Premium Plus,Audi,2014,1850000,62237,Petrol
9210,Santro Xing XL eRLX Euro III,Hyundai,2005,114999,90000,Petrol
9211,EcoSport 1.5 TDCi Titanium BSIV,Ford,2018,950000,21394,Diesel
9212,GO T Petrol,Datsun,2015,310000,32686,Petrol
9213,Jeep CJ 500 DI,Mahindra,2006,575000,1001,Diesel
9214,Pulse RxZ,Renault,2017,490000,22000,Diesel
9215,Grand i10 Magna,Hyundai,2017,480000,53261,Petrol
9216,Rover Discovery Sport SD4 HSE Luxury,Land,2016,3500000,53000,Diesel
9217,KWID 1.0 RXT Optional,Renault,2018,370000,10000,Petrol
9218,Baleno Alpha 1.3,Maruti,2017,835000,14000,Diesel
9219,Polo 2015-2019 1.2 MPI Highline,Volkswagen,2017,650000,44000,Petrol
9220,Etios VD,Toyota,2014,670000,39895,Diesel
9221,Cruze LTZ AT,Chevrolet,2017,950000,73000,Diesel
9222,City i-VTEC SV,Honda,2014,690000,17000,Petrol
9223,Polo 2015-2019 1.2 MPI Highline,Volkswagen,2017,670000,18591,Petrol
9224,Nexon 1.5 Revotorq XZ,Tata,2017,925000,26766,Diesel
9225,EON Magna Plus,Hyundai,2015,250000,30000,Petrol
9226,Sumo Gold EX,Tata,2016,509999,42000,Diesel
9227,City i DTEC VX,Honda,2014,520000,110000,Diesel
9228,Indica DLE,Tata,2005,100000,100000,Diesel
9229,Indica DLS,Tata,2006,85000,300000,Diesel
9230,Indigo LX,Tata,2009,130000,110000,Diesel
9231,EcoSport 1.5 TDCi Titanium BSIV,Ford,2018,950000,27620,Diesel
9232,Figo Aspire 1.2 Ti-VCT Titanium Plus,Ford,2015,450000,70000,Petrol
9233,City S,Honda,2012,320000,50000,Petrol
9234,Swift Dzire VDI,Maruti,2015,480000,50000,Diesel
9235,New C-Class C 220 CDI Grand Edition,Mercedes-Benz,2014,2490000,46000,Diesel
9236,Innova 2.5 VX 8 STR,Toyota,2012,790000,82000,Diesel
9237,Omni MPI STD BSIV,Maruti,2016,120000,120000,Petrol
9238,Alto LXi,Maruti,2006,75000,80000,Petrol
9239,Indica GLS BS IV,Tata,2010,99000,70000,Petrol
9240,S-Cross Zeta DDiS 200 SH,Maruti,2018,1015000,20000,Diesel
9241,Xylo D4 BSIV,Mahindra,2013,250000,200000,Diesel
9242,Innova Crysta 2.5 VX BS IV,Toyota,2011,520000,120000,Diesel
9243,Verna CRDi 1.6 AT SX Option,Hyundai,2018,1100000,30000,Diesel
9244,Innova 2.5 V Diesel 7-seater,Toyota,2005,200000,223000,Diesel
9245,Swift Dzire VDI,Maruti,2016,525000,60000,Diesel
9246,i20 Asta 1.2,Hyundai,2016,500000,40000,Petrol
9247,Scorpio S2 7 Seater,Mahindra,2016,675000,161327,Diesel
9248,i10 Magna 1.2 iTech SE,Hyundai,2009,150000,60000,Petrol
9249,Bolero DI,Mahindra,2007,250000,50000,Diesel
9250,Grand i10 1.2 Kappa Sportz BSIV,Hyundai,2018,450000,6000,Petrol
9251,Santro Xing XS,Hyundai,2009,150000,68000,Petrol
9252,Beat Diesel LS,Chevrolet,2012,200000,85000,Diesel
9253,Scorpio VLS AT 2.2 mHAWK,Mahindra,2011,525000,70000,Diesel
9254,Esteem VX,Maruti,1999,60000,35000,Petrol
9255,Swift Vdi BSIII,Maruti,2010,180000,100000,Diesel
9256,Amaze S i-Dtech,Honda,2015,475000,110000,Diesel
9257,Scorpio VLS AT 2.2 mHAWK,Mahindra,2010,380000,195000,Diesel
9258,Alto 800 LXI,Maruti,2015,285000,46000,Petrol
9259,Alto LXi BSIII,Maruti,2008,91200,60000,Petrol
9260,RediGO T Option,Datsun,2017,250000,46000,Petrol
9261,Grand i10 CRDi Sportz,Hyundai,2015,400000,42000,Diesel
9262,Santro Xing XG AT,Hyundai,2006,160000,90000,Petrol
9263,Yeti Ambition 4X2,Skoda,2012,650000,85000,Diesel
9264,Verna 1.6 SX,Hyundai,2012,409999,120000,Diesel
9265,Ecosport 1.5 DV5 MT Titanium,Ford,2013,425000,72000,Diesel
9266,Wagon R LXI CNG,Maruti,2013,250000,71000,CNG
9267,Swift Dzire VXi,Maruti,2009,200000,110000,Petrol
9268,Wagon R LXI CNG,Maruti,2013,250000,71000,CNG
9269,Polo Diesel Trendline 1.2L,Volkswagen,2010,130000,144000,Diesel
9270,Eeco 5 Seater AC BSIV,Maruti,2017,260000,30000,Petrol
9271,Verna SX,Hyundai,2007,155000,65000,Petrol
9272,Jazz 1.5 VX i DTEC,Honda,2015,450000,38000,Diesel
9273,SX4 Celebration Petrol,Maruti,2012,220000,90000,Petrol
9274,i20 Active S Diesel,Hyundai,2018,650000,37000,Diesel
9275,Alto 800 LXI,Maruti,2018,285000,30000,Petrol
9276,Amaze V CVT Petrol BSIV,Honda,2018,725000,26000,Petrol
9277,Ciaz ZXi,Maruti,2016,625000,30000,Petrol
9278,i20 Active SX Petrol,Hyundai,2016,550000,23000,Petrol
9279,i10 Magna,Hyundai,2012,240000,40000,Petrol
9280,Terrano XL 85 PS,Nissan,2014,600000,27000,Diesel
9281,New Safari DICOR 2.2 EX 4x2,Tata,2012,350000,65000,Diesel
9282,EON Magna Plus,Hyundai,2015,245000,32000,Petrol
9283,Bolero B6,Mahindra,2016,600000,56000,Diesel
9284,X1 sDrive 20d xLine,BMW,2017,2400000,30000,Diesel
9285,Scorpio SLE BS IV,Mahindra,2014,620000,80000,Diesel
9286,Swift Dzire 1.2 Vxi BSIV,Maruti,2014,395000,52000,Petrol
9287,Ertiga ZXI,Maruti,2014,635000,13250,Petrol
9288,Alto LX,Maruti,2011,180000,36000,Petrol
9289,Swift ZDI Plus,Maruti,2015,484999,73000,Diesel
9290,Alto LX,Maruti,2004,110000,60000,Petrol
9291,Wagon R VXI BSIII,Maruti,2006,150000,60000,Petrol
9292,Tavera Neo 2 LT L 9 Str,Chevrolet,2012,400000,110000,Diesel
9293,Indica Vista Aura Plus 1.3 Quadrajet,Tata,2012,200000,70000,Diesel
9294,Duster 85PS Diesel RxL Plus,Renault,2013,302000,60000,Diesel
9295,Swift Dzire Vdi BSIV,Maruti,2011,215000,90000,Diesel
9296,Wagon R VXI BSIII,Maruti,2004,155000,80000,Petrol
9297,Innova 2.5 G (Diesel) 8 Seater,Toyota,2014,1000000,101000,Diesel
9298,Bolero Power Plus SLX,Mahindra,2018,550000,44000,Diesel
9299,Swift 1.3 VXi,Maruti,2006,200000,45000,Petrol
9300,Scorpio S2 7 Seater,Mahindra,2017,750000,120000,Diesel
9301,Zen LXI,Maruti,2005,90000,90000,Petrol
9302,Wagon R LXI Minor,Maruti,2007,80000,120000,Petrol
9303,EON D Lite Plus,Hyundai,2013,229999,13500,Petrol
9304,KWID 1.0 RXT Optional,Renault,2017,350000,10000,Petrol
9305,Grand i10 Magna,Hyundai,2015,325000,25000,Petrol
9306,Tigor 1.2 Revotron XT,Tata,2018,450000,8500,Petrol
9307,SX4 Celebration Diesel,Maruti,2012,250000,120000,Diesel
9308,Polo Diesel Comfortline 1.2L,Volkswagen,2012,225000,120000,Diesel
9309,Alto LXi,Maruti,2009,150000,90246,Petrol
9310,Alto LX BSIII,Maruti,2008,110000,90000,Petrol
9311,Alto LXi BSIII,Maruti,2010,150000,40000,Petrol
9312,Gypsy King Hard Top,Maruti,2000,165000,60000,Petrol
9313,Duster 85PS Diesel RxL,Renault,2017,610000,32000,Diesel
9314,Manza Club Class Quadrajet90 VX,Tata,2013,170000,60400,Diesel
9315,Verna CRDi,Hyundai,2008,150000,70950,Diesel
9316,i20 Asta 1.4 CRDi,Hyundai,2013,300000,90000,Diesel
9317,Xcent 1.1 CRDi Base,Hyundai,2015,375000,72000,Diesel
9318,Swift VDI,Maruti,2013,390000,90000,Diesel
9319,i20 Active 1.2 S,Hyundai,2017,600000,10000,Petrol
9320,Alto 800 LXI,Maruti,2014,204999,25000,Petrol
9321,Verna CRDi,Hyundai,2009,270000,80000,Diesel
9322,Grand i10 Sportz,Hyundai,2017,375000,10000,Petrol
9323,Baleno Zeta,Maruti,2020,700000,1100,Petrol
9324,Swift VXI Deca,Maruti,2017,455000,40000,Petrol
9325,i10 Sportz 1.1L,Hyundai,2017,375000,10000,Petrol
9326,Grand i10 Asta,Hyundai,2014,341000,31491,Petrol
9327,Swift Dzire VDI,Maruti,2014,200000,107143,Diesel
9328,Ignis 1.2 AMT Delta BSIV,Maruti,2017,450000,15000,Petrol
9329,Santro Xing GL Plus,Hyundai,2012,170000,50000,Petrol
9330,Innova Crysta 2.4 VX MT 8S BSIV,Toyota,2017,1900000,100000,Diesel
9331,Bolero Power Plus LX,Mahindra,2016,500000,60000,Diesel
9332,Vitara Brezza ZDi Plus,Maruti,2016,819999,85000,Diesel
9333,Swift 1.2 DLX,Maruti,2014,351000,40000,Petrol
9334,i10 Magna 1.2 iTech SE,Hyundai,2011,195000,80000,Petrol
9335,Swift Dzire VDi,Maruti,2008,250000,82000,Diesel
9336,Zen Estilo 1.1 VXI BSIII,Maruti,2008,120000,70000,Petrol
9337,A-Star Vxi,Maruti,2009,180000,70000,Petrol
9338,KUV 100 mFALCON D75 K6,Mahindra,2016,430000,20000,Diesel
9339,Nano Cx BSIV,Tata,2012,75000,35000,Petrol
9340,Xylo D4,Mahindra,2017,750000,80000,Diesel
9341,Nano Lx,Tata,2011,60000,40000,Petrol
9342,Innova 2.5 VX (Diesel) 8 Seater,Toyota,2015,1500000,46412,Diesel
9343,Bolero SLX 2WD BSIII,Mahindra,2011,390000,150000,Diesel
9344,TUV 300 T4,Mahindra,2016,630000,50000,Diesel
9345,Safari Storme VX Varicor 400,Tata,2018,1085000,15000,Diesel
9346,i10 Magna 1.2 iTech SE,Hyundai,2012,190000,60000,Petrol
9347,Baleno Delta Automatic,Maruti,2018,550000,25000,Petrol
9348,Alto 800 LXI,Maruti,2012,200000,90000,Petrol
9349,Spark 1.0 LT,Chevrolet,2011,165000,60000,Petrol
9350,Figo Diesel Celebration Edition,Ford,2013,260000,65000,Diesel
9351,Alto LX,Maruti,2011,151000,40000,Petrol
9352,Vitara Brezza VDi,Maruti,2018,780000,50000,Diesel
9353,Indica Vista Quadrajet LX,Tata,2012,175000,80000,Diesel
9354,Indica Vista TDI LS,Tata,2010,170000,107500,Diesel
9355,Indica Vista TDI LS,Tata,2013,210000,135000,Diesel
9356,Alto LXi,Maruti,2007,90000,43826,Petrol
9357,i20 Active S Petrol,Hyundai,2016,535000,55838,Petrol
9358,Swift VDI BSIV,Maruti,2007,195000,112880,Diesel
9359,Indica Vista Terra Quadrajet 1.3L,Tata,2011,140000,90000,Diesel
9360,Sunny XL,Nissan,2012,350000,40000,Petrol
9361,Verna 1.6 SX VTVT (O),Hyundai,2013,425000,66000,Petrol
9362,KWID 1.0 RXT Optional,Renault,2017,300000,30300,Petrol
9363,Vento Diesel Style Limited Edition,Volkswagen,2013,340000,85000,Diesel
9364,Swift Dzire VXi,Maruti,2009,250000,80659,Petrol
9365,Aveo 1.4 LS,Chevrolet,2008,170000,81324,Petrol
9366,Amaze S i-Dtech,Honda,2013,315000,127884,Diesel
9367,Beat PS,Chevrolet,2015,200000,50000,Petrol
9368,Beat PS,Chevrolet,2016,300000,25000,Petrol
9369,Amaze S i-Dtech,Honda,2015,300000,66755,Diesel
9370,City E,Honda,2013,380000,123084,Petrol
9371,Swift VXI BSIII,Maruti,2009,250000,806599,Petrol
9372,Amaze S i-Dtech,Honda,2013,310000,95851,Diesel
9373,Wagon R VXI Minor ABS,Maruti,2010,260000,50000,Petrol
9374,Omni BSIII 8-STR W/ IMMOBILISER,Maruti,2008,150000,50000,Petrol
9375,Esteem Vxi - BSIII,Maruti,2006,85000,60000,Petrol
9376,Alto 800 LXI,Maruti,2015,280000,15000,Petrol
9377,Xylo H4 ABS,Mahindra,2016,850000,40000,Diesel
9378,GO Plus T Option BSIV,Datsun,2017,375000,20000,Petrol
9379,Elantra CRDi (Leather Option),Hyundai,2006,125000,120000,Diesel
9380,Beat Diesel LT,Chevrolet,2012,250000,110000,Diesel
9381,Corolla Altis D-4D J,Toyota,2014,715000,234000,Diesel
9382,i20 1.4 CRDi Era,Hyundai,2011,220000,70000,Diesel
9383,Indica Vista Aqua 1.3 Quadrajet,Tata,2010,110000,110000,Diesel
9384,Verna XXi (Petrol),Hyundai,2007,150000,84000,Petrol
9385,Sunny Diesel XV,Nissan,2012,300000,170000,Diesel
9386,RediGO T Option,Datsun,2017,220000,40000,Petrol
9387,Wagon R LX,Maruti,2006,75000,96000,Petrol
9388,Indigo LS,Tata,2009,100000,20000,Diesel
9389,Figo Aspire 1.2 Ti-VCT Trend,Ford,2016,380000,15000,Petrol
9390,Santro Xing XK (Non-AC),Hyundai,2007,100000,50000,Petrol
9391,Passat 1.8 TSI MT,Volkswagen,2010,480000,80000,Petrol
9392,Etios GD,Toyota,2012,300000,124000,Diesel
9393,Beat Diesel LS,Chevrolet,2013,190000,70000,Diesel
9394,Figo Diesel LXI,Ford,2012,190000,130000,Diesel
9395,EcoSport 1.5 Ti VCT MT Trend BSIV,Ford,2017,650000,19014,Petrol
9396,Corolla Executive (HE),Toyota,2009,300000,23262,Petrol
9397,Freestyle Titanium Diesel BSIV,Ford,2016,700000,29600,Diesel
9398,i10 Sportz 1.1L,Hyundai,2015,310000,35925,Petrol
9399,Ignis 1.2 Zeta BSIV,Maruti,2018,500000,12000,Petrol
9400,Etios V,Toyota,2013,415000,40771,Petrol
9401,Celerio VXI AT,Maruti,2015,395000,30500,Petrol
9402,Etios Liva 1.2 G,Toyota,2014,430000,42000,Petrol
9403,Corolla H6,Toyota,2007,215000,55800,Petrol
9404,Duster RXL AWD,Renault,2014,550000,66569,Diesel
9405,Polo 1.5 TDI Trendline,Volkswagen,2014,415000,81358,Diesel
9406,Polo 1.5 TDI Comfortline,Volkswagen,2015,450000,82695,Diesel
9407,Figo Diesel EXI,Ford,2014,285000,68293,Diesel
9408,Jazz VX CVT,Honda,2016,580000,32000,Petrol
9409,Swift Dzire Tour LDI,Maruti,2014,300000,190621,Diesel
9410,Verna CRDi 1.6 SX Option,Hyundai,2018,1200000,60000,Diesel
9411,800 Std MPFi,Maruti,2006,78000,64700,Petrol
9412,800 AC,Maruti,2002,65000,100000,Petrol
9413,Zest Quadrajet 1.3 75PS XE,Tata,2016,400000,88470,Diesel
9414,Verna 1.6 CRDI SX Option,Hyundai,2016,850000,75000,Diesel
9415,Vento Diesel Highline,Volkswagen,2013,450000,120000,Diesel
9416,E-Class E250 CDI Blue Efficiency,Mercedes-Benz,2012,2500000,35000,Diesel
9417,Etios 1.4 VXD,Toyota,2017,780000,70000,Diesel
9418,Fortuner 2.8 2WD AT BSIV,Toyota,2017,3200000,57000,Diesel
9419,Alto 800 VXI,Maruti,2020,350000,1000,Petrol
9420,Quanto C6,Mahindra,2013,285000,120000,Diesel
9421,Vento 1.5 TDI Highline,Volkswagen,2015,525000,98000,Diesel
9422,Ciaz ZDi,Maruti,2014,550000,90000,Diesel
9423,Ameo 1.5 TDI Comfortline,Volkswagen,2018,580000,70000,Diesel
9424,Nano CX SE,Tata,2013,75000,25000,Petrol
9425,Manza Aura Quadrajet,Tata,2009,185000,60000,Diesel
9426,Omni E 8 Str STD,Maruti,2007,110000,90000,Petrol
9427,City 1.5 EXI,Honda,2004,180000,200000,Petrol
9428,Polo Diesel Comfortline 1.2L,Volkswagen,2010,350000,110000,Diesel
9429,Optra 1.6 LS,Chevrolet,2005,60000,126000,Petrol
9430,TUV 300 T10,Mahindra,2018,695000,70000,Diesel
9431,Alturas G4 4X2 AT BSIV,Mahindra,2019,2700000,5000,Diesel
9432,Zen Estilo LX BSIII,Maruti,2007,135000,74183,Petrol
9433,Bolero Power Plus Plus AC BSIV PS,Mahindra,2015,640000,70000,Diesel
9434,Alto 800 VXI,Maruti,2014,160000,90000,Petrol
9435,Indica LXI,Tata,2004,80000,46000,Petrol
9436,Swift Dzire VDI,Maruti,2013,340000,110000,Diesel
9437,Ritz VDi,Maruti,2012,110000,80000,Diesel
9438,Sumo Gold EX,Tata,2013,250000,90000,Diesel
9439,Innova Crysta 2.4 VX MT BSIV,Toyota,2017,1300000,70000,Diesel
9440,Quanto C6,Mahindra,2014,250000,1,Diesel
9441,Innova 2.5 G (Diesel) 8 Seater BS IV,Toyota,2009,450000,192000,Diesel
9442,Wagon R LX Minor,Maruti,2013,240000,70000,Petrol
9443,Bolero DI DX 7 Seater,Mahindra,2007,225000,120000,Diesel
9444,Wagon R VXI Optional,Maruti,2015,275000,60000,Petrol
9445,Sumo Victa CX 7/9 Str BSII,Tata,2012,320000,120000,Diesel
9446,Alto LX BSIII,Maruti,2008,75000,120000,Petrol
9447,Indica GLS BS IV,Tata,2007,85000,50000,Petrol
9448,Indica Vista Aqua TDI BSIII,Tata,2009,90000,120000,Diesel
9449,Wagon R LXI Minor,Maruti,2007,85000,80000,Petrol
9450,Scorpio M2DI,Mahindra,2008,350000,80000,Diesel
9451,Superb Elegance 2.0 TDI CR AT,Skoda,2009,355000,100000,Diesel
9452,Swift VXI,Maruti,2020,619000,1500,Petrol
9453,Compass 2.0 Longitude Option BSIV,Jeep,2018,1700000,50000,Diesel
9454,Indica DL,Tata,2006,55000,100000,Diesel
9455,Fiesta 1.6 ZXi Leather,Ford,2006,95000,83411,Petrol
9456,Vento Diesel Highline,Volkswagen,2011,300000,120000,Diesel
9457,Fiesta 1.6 ZXi Leather,Ford,2006,81000,83411,Petrol
9458,Superb Elegance 2.0 TDI CR AT,Skoda,2015,1000000,80000,Diesel
9459,Ertiga VDI,Maruti,2019,925000,50000,Diesel
9460,Bolero Power Plus Plus AC BSIV PS,Mahindra,2015,450000,40000,Diesel
9461,Scorpio EX,Mahindra,2014,600000,13270,Diesel
9462,Santro Xing XL AT eRLX Euro III,Hyundai,2006,85000,100000,Petrol
9463,Thar DI 4X4 PS,Mahindra,2016,700000,50000,Diesel
9464,Grand i10 1.2 Kappa Magna BSIV,Hyundai,2017,486000,26500,Petrol
9465,Swift VDI,Maruti,2013,400000,90000,Diesel
9466,Fiesta 1.4 Duratec ZXI,Ford,2008,120000,100000,Petrol
9467,Alto 800 LXI,Maruti,2018,275000,35000,Petrol
9468,i20 Asta Option 1.4 CRDi,Hyundai,2016,580000,57000,Diesel
9469,Swift Dzire LXI,Maruti,2015,375000,70000,Petrol
9470,Wagon R VXI BS IV with ABS,Maruti,2015,229999,100000,Petrol
9471,Alto LX,Maruti,2010,110000,88000,Petrol
9472,Swift Dzire VDI,Maruti,2017,600000,60000,Diesel
9473,A-Star Vxi,Maruti,2009,120000,76000,Petrol
9474,Figo Diesel Titanium,Ford,2010,200000,100000,Diesel
9475,Verna 1.6 SX CRDi (O),Hyundai,2012,450000,110000,Diesel
9476,Verna 1.6 SX CRDi (O),Hyundai,2012,550000,80000,Diesel
9477,Alto LX,Maruti,2012,220000,80000,Petrol
9478,800 EX,Maruti,2001,40000,30000,Petrol
9479,KWID Climber 1.0 AMT,Renault,2017,300000,20000,Petrol
9480,Bolero Power Plus SLE,Mahindra,2018,630000,40000,Diesel
9481,Swift Dzire VDI,Maruti,2017,610000,40000,Diesel
9482,Xcent 1.2 VTVT S,Hyundai,2019,660000,7000,Petrol
9483,Wagon R LXI LPG BSIV,Maruti,2012,220000,80000,LPG
9484,Micra Diesel XV Premium,Nissan,2011,138000,90000,Diesel
9485,Micra Diesel XV Premium,Nissan,2013,210000,13770,Diesel
9486,Zen LXi - BS III,Maruti,2005,125000,34000,Petrol
9487,Alto LXi BSIII,Maruti,2008,125000,102000,Petrol
9488,City i DTEC SV,Honda,2014,725000,110000,Diesel
9489,Alto K10 2010-2014 VXI,Maruti,2011,170000,90000,Petrol
9490,Innova 2.5 VX (Diesel) 7 Seater,Toyota,2015,1200000,70000,Diesel
9491,Wagon R VXI BSIII,Maruti,2003,70000,90000,Petrol
9492,Alto LXi,Maruti,2007,100000,70000,Petrol
9493,Civic 1.8 (E) MT,Honda,2006,300000,80000,Petrol
9494,Swift VDI,Maruti,2013,450000,100000,Diesel
9495,Swift Dzire VDI,Maruti,2015,530000,100000,Diesel
9496,Zen Estilo 1.1 LXI BSIII,Maruti,2007,100000,143000,Petrol
9497,City 1.5 V MT,Honda,2010,350000,115000,Petrol
9498,Manza ELAN Quadrajet BS IV,Tata,2011,165000,100000,Diesel
9499,Swift Dzire ZDI,Maruti,2019,475000,120000,Diesel
9500,Xylo E4 ABS BS IV,Mahindra,2013,350000,42000,Diesel
9501,KWID RXL,Renault,2016,229999,38000,Petrol
9502,WR-V i-DTEC VX,Honda,2018,800000,35000,Diesel
9503,Swift Dzire ZDI,Maruti,2014,475000,120000,Diesel
9504,Terrano XL 110 PS,Nissan,2014,425000,136906,Diesel
9505,Ciaz VDi Plus,Maruti,2015,660000,97000,Diesel
9506,Amaze S CVT Petrol,Honda,2019,610000,10000,Petrol
9507,Brio S MT,Honda,2013,240000,50000,Petrol
9508,Esteem Lxi,Maruti,2005,70000,60000,Petrol
9509,Corolla Altis Diesel D4DGL,Toyota,2011,550000,120000,Diesel
9510,Indica Vista Aura 1.2 Safire,Tata,2010,100000,120000,Petrol
9511,Bolero SLE,Mahindra,2010,350000,90000,Diesel
9512,EON Era Plus,Hyundai,2013,200000,120000,Petrol
9513,Elite i20 Asta Option CVT BSIV,Hyundai,2019,720000,3000,Petrol
9514,Ritz VDi,Maruti,2014,350000,133000,Diesel
9515,Wagon R VXI BS IV,Maruti,2016,400000,25000,Petrol
9516,i20 Active 1.2 S,Hyundai,2017,570000,35000,Petrol
9517,Omni MPI STD BSIV,Maruti,2015,130000,70000,Petrol
9518,Alto 800 LXI,Maruti,2016,210000,52000,Petrol
9519,Creta 1.4 E Plus,Hyundai,2018,800000,52000,Diesel
9520,Jazz 1.5 E i DTEC,Honda,2017,700000,39000,Diesel
9521,Indica Vista Quadrajet VX,Tata,2011,200000,28689,Diesel
9522,Aria Pure LX 4x2,Tata,2014,495000,90000,Diesel
9523,Fiesta Classic 1.4 Duratorq CLXI,Ford,2014,325000,80322,Diesel
9524,Freestyle Trend Petrol BSIV,Ford,2019,650000,8000,Petrol
9525,Jeep MM 775 XDB,Mahindra,2000,155000,50000,Diesel
9526,800 AC BSIII,Maruti,2007,75000,90000,Petrol
9527,Grand i10 1.2 CRDi Magna,Hyundai,2015,350000,61658,Diesel
9528,Zen Estilo LX BSIV,Maruti,2010,90000,50000,Petrol
9529,Ertiga SHVS VDI,Maruti,2016,600000,80000,Diesel
9530,Scorpio SLE BSIII,Mahindra,2010,400000,185000,Diesel
9531,Swift VDI BSIV,Maruti,2014,370000,57000,Diesel
9532,800 DX,Maruti,2000,50000,60000,Petrol
9533,City 1.5 GXI,Honda,2004,125000,120000,Petrol
9534,CR-V Diesel 4WD,Honda,2018,1800000,26000,Diesel
9535,Grand i10 1.2 Kappa Magna AT,Hyundai,2019,650000,20000,Petrol
9536,Ertiga BSIV VXI AT,Maruti,2017,800000,30600,Petrol
9537,Polo 1.0 TSI Highline Plus,Volkswagen,2020,802000,5000,Petrol
9538,A4 35 TDI Premium,Audi,2015,2300000,35000,Diesel
9539,Xcent 1.1 CRDi SX,Hyundai,2016,430000,35000,Diesel
9540,Verna 1.6 SX VTVT,Hyundai,2017,650000,23000,Petrol
9541,Scorpio 2.6 SLX Turbo 7 Seater,Mahindra,2004,170000,120000,Diesel
9542,Superb Elegance 2.0 TDI CR AT,Skoda,2011,450000,235000,Diesel
9543,Alto 800 LXI,Maruti,2013,250000,87000,Petrol
9544,Ecosport 1.0 Ecoboost Titanium,Ford,2014,550000,72000,Petrol
9545,XF 3.0 Litre S Premium Luxury,Jaguar,2013,2000000,64000,Diesel
9546,Zen Estilo VXI BSIII,Maruti,2007,140000,100000,Petrol
9547,Beat LT,Chevrolet,2012,155000,12000,Petrol
9548,Accent Executive,Hyundai,2010,120000,67000,Petrol
9549,Innova 2.5 E 8 STR,Toyota,2012,287000,70000,Diesel
9550,Baleno Alpha 1.3,Maruti,2016,675000,60000,Diesel
9551,i10 Magna 1.2 iTech SE,Hyundai,2011,235000,74500,Petrol
9552,i20 1.4 CRDi Asta,Hyundai,2011,300000,118700,Diesel
9553,Micra XL CVT,Nissan,2015,434999,40000,Petrol
9554,Scorpio VLX AT 2WD BSIII,Mahindra,2004,225000,223660,Diesel
9555,Corolla AE,Toyota,2006,160000,140000,Petrol
9556,Grand i10 Nios Sportz,Hyundai,2020,600000,5000,Petrol
9557,Tavera Neo 3 LT 9 Seats BSIII,Chevrolet,2016,470000,100000,Diesel
9558,Swift Dzire VXi,Maruti,2011,300000,100000,Petrol
9559,Baleno Delta 1.2,Maruti,2018,600000,2000,Petrol
9560,Grand i10 Nios AMT Magna,Hyundai,2020,640000,4000,Petrol
9561,Indica DLS,Tata,2006,50000,120000,Diesel
9562,Verna 1.6 VTVT S,Hyundai,2015,600000,35000,Petrol
9563,i10 Magna LPG,Hyundai,2014,290000,29000,LPG
9564,Verna 1.6 VTVT S,Hyundai,2015,600000,30000,Petrol
9565,Manza Aqua Quadrajet BS IV,Tata,2012,190000,120000,Diesel
9566,i10 Era 1.1,Hyundai,2008,160000,110000,Petrol
9567,Alto K10 VXI,Maruti,2017,325000,15000,Petrol
9568,Bolero DI,Mahindra,2006,200000,73756,Diesel
9569,Fortuner 2.8 2WD AT BSIV,Toyota,2018,2800000,40000,Diesel
9570,Spark 1.0 LS,Chevrolet,2011,125000,60000,Petrol
9571,i10 Magna 1.1,Hyundai,2008,155000,60000,Petrol
9572,i20 Asta 1.4 CRDi,Hyundai,2015,550000,90000,Diesel
9573,Wagon R LX BSIII,Maruti,2009,130000,70000,Petrol
9574,800 AC,Maruti,2002,80000,70000,Petrol
9575,Etios Cross 1.4L GD,Toyota,2015,500000,80000,Diesel
9576,KWID RXT BSIV,Renault,2019,250000,27000,Petrol
9577,XUV500 W8 2WD,Mahindra,2012,580000,70000,Diesel
9578,Matiz SD,Daewoo,2002,60000,50000,Petrol
9579,Etios GD,Toyota,2012,300000,185000,Diesel
9580,Figo Diesel Titanium,Ford,2014,200000,90000,Diesel
9581,Hexa XT,Tata,2017,1200000,16400,Diesel
9582,Etios Cross 1.4L GD,Toyota,2015,350000,80000,Diesel
9583,XUV500 W8 4WD,Mahindra,2012,600000,80000,Diesel
9584,Jazz V,Honda,2019,650000,4000,Petrol
9585,A-Star Lxi,Maruti,2008,120000,40000,Petrol
9586,New Safari DICOR 2.2 EX 4x2,Tata,2010,180000,120000,Diesel
9587,Verna VTVT 1.6 AT SX Option,Hyundai,2018,950000,41395,Petrol
9588,Manza Aura Quadrajet BS IV,Tata,2012,250999,35000,Diesel
9589,Laura Ambiente 2.0 TDI CR MT,Skoda,2012,385000,52000,Diesel
9590,A8 L 3.0 TDI quattro,Audi,2009,1250000,47000,Diesel
9591,Beat LT,Chevrolet,2013,165000,50000,Petrol
9592,Elantra SX,Hyundai,2015,700000,48000,Petrol
9593,XUV500 W8 4WD,Mahindra,2015,750000,53000,Diesel
9594,Renault Logan 1.5 DLS,Mahindra,2008,89999,213000,Diesel
9595,redi-GO AMT 1.0 T Option,Datsun,2018,290000,15000,Petrol
9596,Nano Cx BSIII,Tata,2014,45000,7000,Petrol
9597,Superb Ambition 2.0 TDI CR AT,Skoda,2013,675000,88000,Diesel
9598,Terrano XL Plus 85 PS,Nissan,2015,530000,55000,Diesel
9599,X1 sDrive20d M Sport,BMW,2014,1485000,48000,Diesel
9600,Enjoy TCDi LT 7 Seater,Chevrolet,2014,325000,71014,Diesel
9601,Amaze S Diesel,Honda,2015,400000,60000,Diesel
9602,KUV 100 D75 K6 Plus,Mahindra,2017,380000,71000,Diesel
9603,City i-VTEC CVT VX,Honda,2016,750000,45000,Petrol
9604,Brio VX,Honda,2017,390000,45000,Petrol
9605,Alto LXi,Maruti,2009,110000,20000,Petrol
9606,Hector Sharp Diesel MT BSIV,MG,2019,1825000,14000,Diesel
9607,A4 35 TDI Premium Plus,Audi,2019,3256000,17000,Diesel
9608,Scala Diesel RxL,Renault,2015,370000,60000,Diesel
9609,Beat Diesel LT,Chevrolet,2013,210000,80000,Diesel
9610,Laura Ambiente 1.9 PD,Skoda,2007,175000,181000,Diesel
9611,Verna 1.6 SX CRDi (O),Hyundai,2012,575000,89550,Diesel
9612,Xylo D4,Mahindra,2010,320000,90000,Diesel
9613,Swift Ldi BSIV,Maruti,2010,280000,149500,Diesel
9614,Duster 85PS Diesel RxL Optional,Renault,2013,500000,190000,Diesel
9615,Fiesta Diesel Style,Ford,2013,380000,83000,Diesel
9616,800 AC BSIII,Maruti,2005,120000,20000,Petrol
9617,Eeco 5 Seater AC BSIV,Maruti,2018,395000,20000,Petrol
9618,Laura 1.9 TDI MT Ambiente,Skoda,2010,360000,160000,Diesel
9619,Terrano XL Plus 85 PS,Nissan,2015,451000,100000,Diesel
9620,Spark 1.0 LS,Chevrolet,2010,175000,45000,Petrol
9621,Spark 1.0 LS,Chevrolet,2009,170000,44800,Petrol
9622,Santro Xing XL eRLX Euro III,Hyundai,2006,100000,40000,Petrol
9623,Omni MPI STD BSIV,Maruti,2014,150000,120000,Petrol
9624,Indica Vista Quadrajet LX,Tata,2011,149000,10000,Diesel
9625,Indica Vista Aqua 1.3 Quadrajet,Tata,2011,160000,80000,Diesel
9626,GO Plus T Option Petrol,Datsun,2018,434999,10000,Petrol
9627,XUV500 W8 4WD,Mahindra,2014,800000,156000,Diesel
9628,Innova 2.5 VX (Diesel) 7 Seater BS IV,Toyota,2010,819999,120000,Diesel
9629,Baleno Vxi,Maruti,2007,163000,100000,Petrol
9630,E-Class 220 CDI,Mercedes-Benz,2001,350000,100000,Diesel
9631,Indica GLS BS IV,Tata,2006,75000,100000,Petrol
9632,Alto LXi,Maruti,2012,180000,60000,Petrol
9633,Figo Aspire 1.5 TDCi Trend,Ford,2017,675000,30000,Diesel
9634,Swift VDI,Maruti,2013,400000,170000,Diesel
9635,Polo Diesel Highline 1.2L,Volkswagen,2013,434999,100000,Diesel
9636,Indigo GLX,Tata,2006,100000,110000,Petrol
9637,Swift Dzire LDI Optional,Maruti,2015,419000,170000,Diesel
9638,Indica GLS BS IV,Tata,2009,200000,100000,Petrol
9639,Scala Diesel RxL,Renault,2014,400000,35000,Diesel
9640,EcoSport 1.5 Diesel Ambiente BSIV,Ford,2018,790000,40000,Diesel
9641,Duster 85PS Diesel RxL Plus,Renault,2015,500000,90000,Diesel
9642,Rapid 1.6 TDI Elegance,Skoda,2012,275000,120000,Diesel
9643,i20 1.4 CRDi Sportz,Hyundai,2012,450000,120000,Diesel
9644,XUV500 W11 Option AWD,Mahindra,2020,1400000,25000,Diesel
9645,Duster 110PS Diesel RxL,Renault,2015,800000,15000,Diesel
9646,Wagon R VXI,Maruti,2014,315000,41000,Petrol
9647,Baleno Alpha,Maruti,2019,700000,16000,Petrol
9648,Bolero SLX,Mahindra,2016,585000,51000,Diesel
9649,Sail 1.2 LT ABS,Chevrolet,2014,350000,30000,Petrol
9650,City i-DTEC SV,Honda,2014,495000,80000,Diesel
9651,Grand i10 1.2 Kappa Asta,Hyundai,2017,500000,50000,Petrol
9652,Grand i10 1.2 Kappa Sportz Option,Hyundai,2013,345000,44000,Petrol
9653,Baleno Sigma 1.2,Maruti,2015,500000,10000,Petrol
9654,Wagon R VXI,Maruti,2016,360000,33000,Petrol
9655,Alto LXi BSIII,Maruti,2010,210000,25000,Petrol
9656,Alto K10 LXI,Maruti,2014,220000,66000,Petrol
9657,Aveo 1.4 LT BSIV,Chevrolet,2009,250000,48000,Petrol
9658,Innova 2.5 G (Diesel) 8 Seater,Toyota,2016,990000,146000,Diesel
9659,Quanto C4,Mahindra,2013,220000,100000,Diesel
9660,XF 3.0 Litre S Premium Luxury,Jaguar,2012,1800000,50000,Diesel
9661,City i VTEC V,Honda,2014,530000,50000,Petrol
9662,Baleno Alpha 1.3,Maruti,2016,575000,50000,Diesel
9663,Xylo E4,Mahindra,2012,400000,99000,Diesel
9664,Mobilio S i DTEC,Honda,2016,680000,50000,Diesel
9665,Santa Fe 4WD AT,Hyundai,2014,1000000,80000,Diesel
9666,Alto 800 LXI,Maruti,2016,260000,45000,Petrol
9667,Manza Aura (ABS) Safire BS IV,Tata,2010,150000,50000,Petrol
9668,Alto LXi BSIII,Maruti,2008,180000,70000,Petrol
9669,One EX,Force,2014,346000,37516,Diesel
9670,Xylo D2 BS IV,Mahindra,2015,450000,20000,Diesel
9671,Grand i10 1.2 Kappa Sportz BSIV,Hyundai,2019,500000,5000,Petrol
9672,Grand i10 1.2 CRDi Asta,Hyundai,2019,700000,8000,Diesel
9673,Alto 800 LXI,Maruti,2019,280000,25880,Petrol
9674,Santro Magna AMT BSIV,Hyundai,2019,475000,10000,Petrol
9675,Swift Dzire VDi,Maruti,2009,300000,50000,Diesel
9676,Alto K10 LXI,Maruti,2014,200999,40000,Petrol
9677,Laura 1.9 TDI MT Ambiente,Skoda,2009,200000,100000,Diesel
9678,Aveo U-VA 1.2 LS,Chevrolet,2009,210000,80000,Petrol
9679,Indigo LS BSII,Tata,2012,160000,110000,Diesel
9680,Verna CRDi SX ABS,Hyundai,2009,175000,136000,Diesel
9681,New Safari DICOR 2.2 GX 4x2 BS IV,Tata,2012,320000,80000,Diesel
9682,Alto LXi,Maruti,2009,110000,50000,Petrol
9683,Wagon R LXI Minor,Maruti,2008,300000,30000,Petrol
9684,City V MT,Honda,2012,700000,10000,Petrol
9685,Indica Vista Aura 1.3 Quadrajet,Tata,2009,135000,90000,Diesel
9686,Bolero Power Plus Plus Non AC BSIV PS,Mahindra,2015,500000,110000,Diesel
9687,Scorpio VLX 2WD AIRBAG BSIV,Mahindra,2012,550000,120000,Diesel
9688,Innova 2.5 Z Diesel 7 Seater BS IV,Toyota,2014,1050000,90000,Diesel
9689,City i VTEC V,Honda,2016,500000,20000,Petrol
9690,Ritz VDi,Maruti,2011,180000,90000,Diesel
9691,Santro Xing GLS,Hyundai,2010,170000,50000,Petrol
9692,Brio 1.2 S Option MT,Honda,2019,484999,9000,Petrol
9693,A-Star Vxi,Maruti,2011,150000,70000,Petrol
9694,Alto K10 VXI Airbag,Maruti,2018,380000,25000,Petrol
9695,Santro Sportz BSIV,Hyundai,2019,480000,10000,Petrol
9696,Indica Vista Aura 1.3 Quadrajet,Tata,2009,135000,90000,Diesel
9697,Polo Diesel Highline 1.2L,Volkswagen,2011,290000,60000,Diesel
9698,Linea Dynamic,Fiat,2013,350000,70000,Petrol
9699,Alto 800 LXI,Maruti,2014,110000,25000,Petrol
9700,Santro LE zipPlus,Hyundai,2003,70000,80000,Petrol
9701,Vento Petrol Highline AT,Volkswagen,2011,300000,70000,Petrol
9702,Alto 800 LX,Maruti,2017,180000,60000,Petrol
9703,KWID RXL,Renault,2020,300000,20000,Petrol
9704,Baleno Delta 1.2,Maruti,2017,509000,60000,Petrol
9705,SX4 S Cross DDiS 320 Zeta,Maruti,2016,650000,80000,Diesel
9706,Swift VDI BSIV,Maruti,2015,450000,70000,Diesel
9707,Jeep Classic,Mahindra,1999,170000,2020,Diesel
9708,Scorpio 2.6 Turbo 7 Str,Mahindra,2007,210000,100000,Diesel
9709,i20 Asta 1.4 CRDi,Hyundai,2013,360000,80000,Diesel
9710,Innova 2.5 GX (Diesel) 7 Seater BS IV,Toyota,2011,495000,120000,Diesel
9711,Alto LX,Maruti,2006,105000,100000,Petrol
9712,i20 Magna,Hyundai,2010,270000,60000,Petrol
9713,Figo Petrol LXI,Ford,2010,130000,110000,Petrol
9714,City i DTEC S,Honda,2014,700000,90000,Diesel
9715,Cruze LTZ,Chevrolet,2012,400000,40000,Diesel
9716,Swift ZXI ABS,Maruti,2009,250000,60000,Petrol
9717,Amaze VX i-DTEC,Honda,2013,325000,94000,Diesel
9718,Alto LXi,Maruti,2008,69000,100000,Petrol
9719,Scorpio S11 BSIV,Mahindra,2018,1380000,25000,Diesel
9720,Zen Estilo VXI BSIII,Maruti,2007,90000,90000,Petrol
9721,XUV500 W6 1.99 mHawk,Mahindra,2016,1000000,40000,Diesel
9722,Accent GLE CNG,Hyundai,2010,145000,90000,CNG
9723,Alto K10 LX,Maruti,2020,250000,1100,Petrol
9724,Swift VDI,Maruti,2011,256000,70000,Diesel
9725,Indica DLS,Tata,2005,70000,120000,Diesel
9726,Wagon R VX,Maruti,2000,50000,88500,Petrol
9727,KWID RXT,Renault,2016,240000,70000,Petrol
9728,Indica Vista Aqua 1.2 Safire BSIV,Tata,2010,97000,128000,Petrol
9729,Indigo CR4,Tata,2012,130000,120000,Diesel
9730,Swift 1.3 VXi,Maruti,2009,199000,52536,Petrol
9731,Civic 1.8 S AT,Honda,2006,125000,70000,Petrol
9732,Xcent 1.1 CRDi Base,Hyundai,2015,420000,60000,Diesel
9733,NuvoSport N8,Mahindra,2016,525000,110000,Diesel
9734,Santro Xing GLS,Hyundai,2008,125000,85000,Petrol
9735,Verna Transform CRDi VGT SX ABS,Hyundai,2010,325000,135000,Diesel
9736,Vento New Diesel Highline,Volkswagen,2012,330000,86000,Diesel
9737,Wagon R LXI BS IV,Maruti,2010,110000,50000,Petrol
9738,S-Presso VXI Plus,Maruti,2019,450000,1950,Petrol
9739,Swift 1.3 VXi,Maruti,2005,85000,118400,Petrol
9740,Civic 1.8 S MT,Honda,2007,229999,70000,Petrol
9741,i10 Magna,Hyundai,2012,250000,60000,Petrol
9742,Ecosport 1.5 DV5 MT Titanium,Ford,2015,650000,68000,Diesel
9743,Swift Dzire VDI,Maruti,2017,600000,46507,Diesel
9744,Etios Liva 1.2 VX,Toyota,2017,650000,6480,Petrol
9745,Vitara Brezza VDi,Maruti,2017,750000,32077,Diesel
9746,Yaris G,Toyota,2018,850000,19107,Petrol
9747,EON Era Plus Option,Hyundai,2017,315000,18469,Petrol
9748,Swift LXI Option,Maruti,2015,415000,28217,Petrol
9749,Ciaz ZDi Plus,Maruti,2016,640000,72787,Diesel
9750,Ciaz 1.4 Alpha,Maruti,2017,780000,31063,Petrol
9751,Fortuner 4x2 AT,Toyota,2017,2595000,79641,Diesel
9752,Creta 1.6 CRDi SX,Hyundai,2015,850000,58692,Diesel
9753,Creta 1.6 CRDi SX,Hyundai,2015,900000,54784,Diesel
9754,Corolla Altis GL MT,Toyota,2016,1150000,64156,Petrol
9755,Esteem Lxi - BSIII,Maruti,2007,75000,54000,Petrol
9756,Vento Diesel Comfortline,Volkswagen,2012,215000,97000,Diesel
9757,SX4 ZXI AT,Maruti,2009,130000,120000,Petrol
9758,Santro Magna AMT BSIV,Hyundai,2019,400000,16000,Petrol
9759,Swift Dzire AMT ZXI,Maruti,2019,550000,60000,Petrol
9760,Beat LT,Chevrolet,2016,245000,52000,Petrol
9761,Swift VDI BSIV,Maruti,2010,320000,110000,Diesel
9762,TUV 300 T8 AMT,Mahindra,2016,730000,60000,Diesel
9763,Fusion 1.6 Duratec Petrol,Ford,2005,120000,100000,Petrol
9764,City i-VTEC VX,Honda,2017,950000,35000,Petrol
9765,Wagon R VXI BS IV,Maruti,2017,350000,48000,Petrol
9766,Esteem Vxi,Maruti,2005,100000,20000,Petrol
9767,Wagon R VXI BS IV,Maruti,2017,350000,30000,Petrol
9768,Wagon R VXI BSIII,Maruti,2005,80000,40000,Petrol
9769,Verna 1.6 VTVT,Hyundai,2013,370000,60000,Petrol
9770,EON D Lite Plus,Hyundai,2012,160000,70000,Petrol
9771,Sumo Victa EX 7/9 Str BSII,Tata,2009,130000,120000,Diesel
9772,Sail Hatchback 1.2 LS,Chevrolet,2016,250000,30000,Petrol
9773,New Safari DICOR 2.2 GX 4x2 BS IV,Tata,2012,270000,80000,Diesel
9774,X1 sDrive 20d xLine,BMW,2019,2600000,9500,Diesel
9775,EON Era Plus,Hyundai,2013,160000,80000,Petrol
9776,EON Magna Plus,Hyundai,2016,229999,80000,Petrol
9777,Bolero Power Plus ZLX,Mahindra,2017,750000,29000,Diesel
9778,Optra Magnum 2.0 LS,Chevrolet,2011,195000,120000,Diesel
9779,Etios Cross 1.2L G,Toyota,2015,320000,60000,Petrol
9780,Scorpio S7 140 BSIV,Mahindra,2018,1100000,20000,Diesel
9781,RediGO S,Datsun,2016,270000,22000,Petrol
9782,Fabia 1.2 MPI Ambition Plus,Skoda,2012,300000,50000,Petrol
9783,Beat Diesel LT,Chevrolet,2012,200000,50000,Diesel
9784,Zen Estilo 1.1 LXI BSIII,Maruti,2007,120000,81366,Petrol
9785,Esteem Vxi - BSIII,Maruti,2006,95000,110000,Petrol
9786,Polo Petrol Comfortline 1.2L,Volkswagen,2013,400000,100000,Petrol
9787,Innova 2.5 G (Diesel) 8 Seater BS IV,Toyota,2006,229999,300000,Diesel
9788,KUV 100 mFALCON D75 K6,Mahindra,2016,430000,20000,Diesel
9789,Fluence 1.5,Renault,2012,300000,90000,Diesel
9790,Linea Dynamic,Fiat,2013,350000,70000,Petrol
9791,Duster 110PS Diesel RxZ,Renault,2013,450000,120000,Diesel
9792,KWID RXT,Renault,2016,200000,53000,Petrol
9793,Alto 800 LXI,Maruti,2017,250000,30000,Petrol
9794,Swift Dzire 1.2 Vxi BSIV,Maruti,2012,368000,90000,Petrol
9795,Swift Dzire 1.2 Vxi BSIV,Maruti,2012,368000,90000,Petrol
9796,Innova 2.5 GX (Diesel) 7 Seater,Toyota,2014,650000,244000,Diesel
9797,Jeep CL 500 MDI,Mahindra,1997,150000,120000,Diesel
9798,Wagon R LXI DUO BS IV,Maruti,2012,180000,60000,LPG
9799,Grand i10 1.2 Kappa Sportz Option,Hyundai,2017,525000,15000,Petrol
9800,Endeavour 4x4 XLT,Ford,2005,350000,150000,Diesel
9801,TUV 300 Plus P4,Mahindra,2018,850000,30000,Diesel
9802,Jetta 2.0 TDI Comfortline,Volkswagen,2011,350000,312000,Diesel
9803,Esteem Lxi - BSIII,Maruti,2007,75000,54000,Petrol
9804,Swift 1.3 VXi,Maruti,2005,160000,67000,Petrol
9805,Swift LDI Optional,Maruti,2017,500000,40000,Diesel
9806,Santro Xing GLS,Hyundai,2008,130000,100000,Petrol
9807,Zest Quadrajet 1.3 75PS XE,Tata,2015,350000,100000,Diesel
9808,Wagon R LXI,Maruti,2005,70000,80000,Petrol
9809,Innova 2.5 G (Diesel) 7 Seater,Toyota,2014,750000,145000,Diesel
9810,Amaze VX i-DTEC,Honda,2013,450000,53000,Diesel
9811,Swift Dzire LDI,Maruti,2015,430000,73000,Diesel
9812,SX4 VDI,Maruti,2011,260000,90000,Diesel
9813,Swift VDI,Maruti,2013,370000,80000,Diesel
9814,Aveo 1.4 CNG,Chevrolet,2011,229999,100000,CNG
9815,Figo Diesel EXI,Ford,2011,140000,90000,Diesel
9816,Innova 2.5 G (Diesel) 7 Seater,Toyota,2013,700000,200000,Diesel
9817,Elite i20 Magna Plus BSIV,Hyundai,2020,545000,7300,Petrol
9818,RediGO T Option,Datsun,2017,200000,30000,Petrol
9819,Safari Storme VX,Tata,2015,500000,120000,Diesel
9820,Alto LXi,Maruti,2008,70000,90000,Petrol
9821,Thar 4X4,Mahindra,2013,580000,25000,Diesel
9822,Eeco 5 STR With AC Plus HTR CNG,Maruti,2012,160000,70000,CNG
9823,Grand i10 1.2 Kappa Sportz BSIV,Hyundai,2018,450000,6000,Petrol
9824,Alto LXi,Maruti,2010,160000,36000,Petrol
9825,Ertiga SHVS ZDI Plus,Maruti,2016,760000,49000,Diesel
9826,EON Magna Optional,Hyundai,2015,300000,22000,Petrol
9827,Omni 5 Str STD LPG,Maruti,1998,50000,35000,LPG
9828,Bolero 2011-2019 SLX,Mahindra,2019,800000,24000,Diesel
9829,Swift Dzire VDI,Maruti,2018,680000,20000,Diesel
9830,800 DUO AC LPG,Maruti,2009,85000,50000,LPG
9831,Innova Crysta 2.4 G MT BSIV,Toyota,2016,1300000,70000,Diesel
9832,Swift VXI BSIV,Maruti,2016,500000,60000,Petrol
9833,Q5 2.0 TDI,Audi,2015,3500000,35000,Diesel
9834,Accent GLX,Hyundai,2008,145000,60000,Petrol
9835,Quanto C6,Mahindra,2013,300000,60000,Diesel
9836,Swift VDI Optional,Maruti,2017,600000,60000,Diesel
9837,Swift Dzire VXI,Maruti,2015,400000,70000,Petrol
9838,Santro Xing XK eRLX EuroIII,Hyundai,2007,130000,135000,Petrol
9839,800 AC BSII,Maruti,2001,45000,72539,Petrol
9840,Baleno Zeta 1.2,Maruti,2017,641000,25000,Petrol
9841,Swift Dzire VDI,Maruti,2015,650000,50000,Diesel
9842,Freestyle Titanium Diesel,Ford,2020,784000,101,Diesel
9843,Figo Titanium,Ford,2020,635000,101,Petrol
9844,Ecosport 1.5 Diesel Titanium,Ford,2020,1000000,101,Diesel
9845,Figo 1.5D Titanium Opt MT,Ford,2015,495000,52328,Diesel
9846,Santro Xing GLS,Hyundai,2013,324000,30000,Petrol
9847,Endeavour 3.2 Titanium AT 4X4,Ford,2016,2100000,91505,Diesel
9848,Alto 800 LXI,Maruti,2018,200000,35000,Petrol
9849,Swift Dzire VDI,Maruti,2015,320000,60000,Diesel
9850,EON Magna Optional,Hyundai,2015,300000,20500,Petrol
9851,Indica Vista Quadrajet LX,Tata,2013,180000,200000,Diesel
9852,Innova 2.5 V Diesel 8-seater,Toyota,2008,500000,154000,Diesel
9853,Etios VX,Toyota,2011,305000,120000,Petrol
9854,800 AC,Maruti,2009,125000,50000,Petrol
9855,Swift Dzire ZDI,Maruti,2015,800000,135000,Diesel
9856,Scorpio SLE BSIV,Mahindra,2009,420000,100000,Diesel
9857,Vitara Brezza ZDi Plus,Maruti,2017,875000,40000,Diesel
9858,Swift Dzire ZDI,Maruti,2014,580000,70000,Diesel
9859,Swift Ldi BSIV,Maruti,2011,350000,133000,Diesel
9860,Accent GLS,Hyundai,2004,120000,110000,Petrol
9861,Indica Vista TDI LS,Tata,2013,150000,180000,Diesel
9862,Duster 110PS Diesel RxZ,Renault,2013,650000,120000,Diesel
9863,Alto K10 2010-2014 VXI,Maruti,2010,225000,80000,Petrol
9864,Amaze S AT i-Vtech,Honda,2014,400000,15000,Petrol
9865,Getz GLS,Hyundai,2005,250000,70000,Petrol
9866,Santro Xing GL Plus,Hyundai,2008,120000,41723,Petrol
9867,SX4 Vxi BSIV,Maruti,2010,250000,70000,Petrol
9868,Alto K10 LXI,Maruti,2012,175000,20000,Petrol
9869,Duster 85PS Diesel RxL,Renault,2013,450000,1000,Diesel
9870,Ignis 1.3 Delta,Maruti,2018,590000,26350,Diesel
9871,Indigo CS LX (TDI) BS-III,Tata,2015,225000,68745,Diesel
9872,XUV500 W6 2WD,Mahindra,2016,900000,47000,Diesel
9873,Alto K10 VXI AGS,Maruti,2017,375000,27289,Petrol
9874,EON Era Plus,Hyundai,2016,320000,24662,Petrol
9875,Swift Dzire VDI,Maruti,2013,525000,37000,Diesel
9876,Evalia XV,Nissan,2014,650000,28245,Diesel
9877,Grand i10 1.2 CRDi Sportz Option,Hyundai,2017,575000,27005,Diesel
9878,i10 Magna,Hyundai,2014,355000,39227,Petrol
9879,KUV 100 D75 K4 Plus 5Str,Mahindra,2016,470000,31367,Diesel
9880,Wagon R LXI,Maruti,2008,221000,35008,Petrol
9881,Santro Xing GLS,Hyundai,2009,195000,27005,Petrol
9882,Santro Xing XG,Hyundai,2004,90000,100005,Petrol
9883,Verna SX Diesel,Hyundai,2013,580000,45264,Diesel
9884,Eeco 7 Seater Standard BSIV,Maruti,2014,325000,39093,Petrol
9885,City Corporate Edition,Honda,2013,495000,45241,Petrol
9886,EON Era,Hyundai,2014,290000,12000,Petrol
9887,RediGO 1.0 T Option,Datsun,2018,375000,2769,Petrol
9888,Indica Vista TDI LS,Tata,2011,211000,43128,Diesel
9889,i20 Asta,Hyundai,2010,270000,110000,Petrol
9890,Alto LXI,Maruti,2004,70000,50000,Petrol
9891,i10 Magna 1.2,Hyundai,2010,225000,60000,Petrol
9892,Scorpio LX,Mahindra,2014,420000,70000,Diesel
9893,Sail Hatchback 1.2 LS,Chevrolet,2015,280000,22255,Petrol
9894,i20 Sportz 1.2,Hyundai,2013,400000,59213,Petrol
9895,XUV500 W6 2WD,Mahindra,2015,850000,55000,Diesel
9896,Fiesta Titanium 1.5 TDCi,Ford,2011,550000,80000,Diesel
9897,Fiesta Titanium 1.5 TDCi,Ford,2011,550000,80000,Diesel
9898,Captur 1.5 Diesel RXT Mono,Renault,2018,1000000,40000,Diesel
9899,Xylo D2 Maxx,Mahindra,2014,350000,170000,Diesel
9900,New Safari DICOR 2.2 EX 4x2,Tata,2011,350000,170000,Diesel
9901,Civic 1.8 S MT,Honda,2007,170000,70000,Petrol
9902,Aspire Titanium BSIV,Ford,2020,828999,1010,Petrol
9903,EcoSport 1.5 Ti VCT MT Titanium BE BSIV,Ford,2020,1119000,1010,Petrol
9904,Figo Titanium,Ford,2020,746000,1111,Petrol
9905,Ecosport 1.5 Petrol Trend,Ford,2020,1030000,1010,Petrol
9906,EcoSport 1.5 TDCi Titanium Plus BSIV,Ford,2020,1334000,1010,Diesel
9907,Freestyle Titanium,Ford,2020,811999,1010,Petrol
9908,Ecosport Thunder Edition Diesel,Ford,2020,1331000,1010,Diesel
9909,Freestyle Titanium Plus,Ford,2020,852000,1010,Petrol
9910,Indica DLE,Tata,2006,45000,120000,Diesel
9911,Duster 85PS Diesel RxL Optional,Renault,2013,430000,70000,Diesel
9912,Indigo LX,Tata,2011,140000,60000,Diesel
9913,Scorpio S2 9 Seater,Mahindra,2015,830000,70000,Diesel
9914,Scorpio VLS 2.2 mHawk,Mahindra,2009,409999,110000,Diesel
9915,Swift VDI,Maruti,2012,190000,80000,Diesel
9916,Accord VTi-L (MT),Honda,2007,200000,80000,Petrol
9917,Accent GLX,Hyundai,2006,120000,110000,Petrol
9918,Bolero Power Plus Plus AC BSIV PS,Mahindra,2019,850000,50000,Diesel
9919,Indigo CS LE (TDI) BS-III,Tata,2011,95000,115000,Diesel
9920,Wagon R LXI BS IV,Maruti,2013,213000,80000,Petrol
9921,Ameo 1.5 TDI Highline Plus 16,Volkswagen,2018,660000,25000,Diesel
9922,Micra XL,Nissan,2017,415000,48965,Petrol
9923,Ecosport 1.5 Petrol Titanium Plus,Ford,2019,1100000,5166,Petrol
9924,XUV500 W8 4WD,Mahindra,2012,650000,76290,Diesel
9925,XUV500 AT W10 AWD,Mahindra,2016,969999,70000,Diesel
9926,XUV500 W10 2WD,Mahindra,2016,1250000,35000,Diesel
9927,Swift Dzire AMT VDI,Maruti,2017,715000,25000,Diesel
9928,Swift Dzire AMT VDI,Maruti,2017,715000,25000,Diesel
9929,Swift VDI,Maruti,2016,565000,47000,Diesel
9930,Thar 4X4,Mahindra,2013,615000,45766,Diesel
9931,New Safari 4X4,Tata,2007,199000,78771,Diesel
9932,Swift Vdi BSIII,Maruti,2010,325000,79357,Diesel
9933,Figo Diesel EXI,Ford,2012,409999,28000,Diesel
9934,Verna SX CRDi AT,Hyundai,2012,500000,72000,Diesel
9935,Figo Diesel LXI,Ford,2011,225000,76736,Diesel
9936,Alto LX BSIII,Maruti,2007,135000,70000,Petrol
9937,Koleos 2.0 Diesel,Renault,2012,750000,80000,Diesel
9938,Wagon R LXI DUO BSIII,Maruti,2009,155000,60000,LPG
9939,Polo Diesel Highline 1.2L,Volkswagen,2012,335000,77000,Diesel
9940,Ikon 1.8 D,Ford,2005,114999,92645,Diesel
9941,New C-Class 200 CDI Classic,Mercedes-Benz,2007,699000,101849,Diesel
9942,Bolero DI,Mahindra,2004,110000,120000,Diesel
9943,i20 Asta 1.2,Hyundai,2012,300000,80000,Petrol
9944,Scorpio S4 4WD,Mahindra,2014,700000,70000,Diesel
9945,Ertiga SHVS LDI Option,Maruti,2017,700000,120000,Diesel
9946,Alto 800 LXI,Maruti,2013,210000,42000,Petrol
9947,Ertiga VDI,Maruti,2012,600000,120000,Diesel
9948,Manza Aura (ABS) Quadrajet BS IV,Tata,2012,180000,155836,Diesel
9949,Wagon R VXi BSII,Maruti,2011,220000,59000,Petrol
9950,Spark 1.0 LT,Chevrolet,2009,70000,60000,Petrol
9951,Creta 1.4 CRDi Base,Hyundai,2018,950000,70000,Diesel
9952,Fiesta 1.5 TDCi Ambiente,Ford,2014,800000,20000,Diesel
9953,XUV500 W8 4WD,Mahindra,2012,700000,120000,Diesel
9954,KWID 1.0,Renault,2016,265000,40000,Petrol
9955,Polo Diesel Trendline 1.2L,Volkswagen,2011,175000,90000,Diesel
9956,Quanto C6,Mahindra,2012,260000,89000,Diesel
9957,Innova 2.5 VX (Diesel) 7 Seater,Toyota,2013,950000,80000,Diesel
9958,Swift Vdi BSIII,Maruti,2009,250000,200000,Diesel
9959,Scorpio S10 7 Seater,Mahindra,2015,630000,50000,Diesel
9960,Nano LX SE,Tata,2012,35000,35000,Petrol
9961,Duster 85PS Diesel RxL,Renault,2013,450000,1000,Diesel
9962,C-Class Progressive C 220d,Mercedes-Benz,2018,3800000,10000,Diesel
9963,A4 3.0 TDI Quattro,Audi,2013,1580000,86000,Diesel
9964,X5 xDrive 30d xLine,BMW,2019,4950000,30000,Diesel
9965,Creta 1.6 CRDi SX,Hyundai,2016,535000,52600,Diesel
9966,SX4 Vxi BSIV,Maruti,2012,225000,110000,Petrol
9967,Grand i10 1.2 Kappa Magna AT,Hyundai,2017,550000,19890,Petrol
9968,Swift ZXI BSIV,Maruti,2016,670000,7104,Petrol
9969,Ertiga VXI,Maruti,2015,625000,11918,Petrol
9970,Grand i10 Magna AT,Hyundai,2017,520000,10510,Petrol
9971,Beat LT Option,Chevrolet,2016,239000,41000,Petrol
9972,Fortuner 4x2 AT,Toyota,2017,2600000,47162,Diesel
9973,S-Cross Zeta DDiS 200 SH,Maruti,2015,750000,45974,Diesel
9974,i10 Magna,Hyundai,2012,229999,49824,Petrol
9975,A6 2.0 TDI Premium Plus,Audi,2013,1300000,58500,Diesel
9976,Santro GS,Hyundai,2005,80000,56580,Petrol
9977,Laura Ambiente 2.0 TDI CR MT,Skoda,2012,385000,52000,Diesel
9978,Verna 1.6 VTVT SX,Hyundai,2015,760000,55340,Petrol
9979,Swift Dzire VDI,Maruti,2017,600000,46507,Diesel
9980,Enjoy TCDi LS 8 Seater,Chevrolet,2014,330000,200000,Diesel
9981,Alto LXi,Maruti,2009,150000,120000,Petrol
9982,Indigo LS,Tata,2008,105000,90000,Diesel
9983,Indica Vista TDI LX,Tata,2013,185000,65000,Diesel
9984,Grande Punto EVO 1.3 Active,Fiat,2014,260000,50000,Diesel
9985,Swift Dzire VDi,Maruti,2012,450000,33000,Diesel
9986,Swift VXI Deca,Maruti,2016,500000,38000,Petrol
9987,Alto K10 2010-2014 VXI,Maruti,2012,260000,40000,Petrol
9988,Polo Diesel Trendline 1.2L,Volkswagen,2012,265000,55000,Diesel
9989,Thar CRDe,Mahindra,2017,800000,26000,Diesel
9990,Safari Storme VX Varicor 400,Tata,2016,869999,80000,Diesel
9991,Baleno Alpha 1.2,Maruti,2018,690000,40000,Petrol
9992,Pajero 2.8 SFX BSIV Dual Tone,Mitsubishi,2011,825000,120000,Diesel
9993,Alto LX BSIII,Maruti,2006,160000,63230,Petrol
9994,Scorpio 2.6 SLX CRDe,Mahindra,2006,300000,120000,Diesel
9995,Wagon R VXI,Maruti,2005,100000,100000,Petrol
9996,i20 Asta 1.4 CRDi,Hyundai,2015,530000,77000,Diesel
9997,Swift VXI Optional,Maruti,2016,360000,30000,Petrol
9998,Swift 1.2 DLX,Maruti,2015,220000,40000,Petrol
9999,Alto 800 LXI,Maruti,2017,178000,35000,Petrol
10000,Thar DI 4X2,Mahindra,2018,515000,5000,Diesel
10001,Ritz VXi,Maruti,2014,300000,35000,Petrol
10002,Indigo LS,Tata,2008,105000,90000,Diesel
10003,Indica Vista TDI LX,Tata,2013,185000,65000,Diesel
10004,Indica Vista Quadrajet LS,Tata,2012,150000,80000,Diesel
10005,Grande Punto EVO 1.3 Active,Fiat,2014,260000,50000,Diesel
10006,Swift Dzire VDi,Maruti,2012,450000,33000,Diesel
10007,Swift VXI Deca,Maruti,2016,500000,38000,Petrol
10008,Alto K10 2010-2014 VXI,Maruti,2012,260000,40000,Petrol
10009,Polo Diesel Trendline 1.2L,Volkswagen,2012,265000,55000,Diesel
10010,Nexon 1.2 Revotron XZ Plus Dual Tone,Tata,2017,750000,15000,Petrol
10011,Thar CRDe,Mahindra,2017,800000,26000,Diesel
10012,Safari Storme VX Varicor 400,Tata,2016,869999,80000,Diesel
10013,Innova 2.5 G1 BSIV,Toyota,2012,950000,80000,Diesel
10014,Baleno Alpha 1.2,Maruti,2018,690000,40000,Petrol
10015,Pajero 2.8 SFX BSIV Dual Tone,Mitsubishi,2011,825000,120000,Diesel
10016,800 Std,Maruti,2013,170000,70000,Petrol
10017,Alto LX BSIII,Maruti,2006,160000,63230,Petrol
10018,Scorpio 2.6 SLX CRDe,Mahindra,2006,300000,120000,Diesel
10019,GO Plus A,Datsun,2015,315000,45000,Petrol
10020,800 Std BSII,Maruti,2006,90000,40000,Petrol
10021,Wagon R VXI,Maruti,2005,100000,100000,Petrol
10022,Indica GLS BS IV,Tata,2008,65000,110000,Petrol
10023,Verna 1.6 CRDI,Hyundai,2012,312000,90000,Diesel
10024,Vitara Brezza LDi,Maruti,2018,700000,25000,Diesel
10025,Santro Xing XL eRLX Euro III,Hyundai,2005,150000,47000,Petrol
10026,Fluence 1.5,Renault,2013,450000,60000,Diesel
10027,Verna Transform CRDi VGT ABS,Hyundai,2010,229999,120000,Diesel
10028,Swift Ldi BSIII,Maruti,2008,111000,120000,Diesel
10029,Swift Dzire VDi,Maruti,2012,250000,140000,Diesel
10030,Freestyle Titanium Plus Diesel,Ford,2019,750000,1001,Diesel
10031,Figo 1.5P Titanium AT,Ford,2017,774000,1758,Petrol
10032,Figo 1.5P Titanium AT,Ford,2018,711000,1452,Petrol
10033,Figo 1.5D Titanium MT,Ford,2017,600000,35122,Diesel
10034,Swift Dzire VDI,Maruti,2015,455000,92621,Diesel
10035,GO T Petrol,Datsun,2015,225000,92198,Petrol
10036,Swift Dzire VDI,Maruti,2019,650000,5000,Diesel
10037,Beat LT,Chevrolet,2013,200000,50000,Petrol
10038,Creta 1.6 CRDi AT SX Plus,Hyundai,2016,875000,74000,Diesel
10039,Rapid 1.5 TDI AT Ambition BSIV,Skoda,2017,750000,40000,Diesel
10040,Swift Dzire AMT VDI,Maruti,2019,725000,22000,Diesel
10041,Alto LXi,Maruti,2007,100000,100000,Petrol
10042,Hexa XT,Tata,2019,1100000,40000,Diesel
10043,Endeavour 3.2 Titanium AT 4X4,Ford,2017,2700000,30000,Diesel
10044,KWID RXT Optional,Renault,2016,280000,23000,Petrol
10045,Indica Vista Aqua TDI BSIII,Tata,2009,150000,30000,Diesel
10046,Manza Aura Safire,Tata,2010,200000,50000,Petrol
10047,Ritz VDi,Maruti,2010,148000,100000,Diesel
10048,Swift Dzire VXi,Maruti,2011,254999,70000,Petrol
10049,Swift Dzire ZXI,Maruti,2013,360000,60000,Petrol
10050,Alto LX,Maruti,2006,95000,90000,Petrol
10051,Bolero SLE BSIII,Mahindra,2007,185000,230000,Diesel
10052,Indica Vista Quadrajet VX,Tata,2012,185000,40000,Diesel
10053,KWID RXL,Renault,2019,300000,15000,Petrol
10054,Verna VTVT 1.6 SX,Hyundai,2018,800000,40000,Petrol
10055,Zen LX,Maruti,2000,60000,50000,Petrol
10056,Punto 1.2 Active,Fiat,2010,80000,50000,Petrol
10057,Xcent 1.2 VTVT S,Hyundai,2018,500000,8000,Petrol
10058,EON Era Plus,Hyundai,2013,250000,35000,Petrol
10059,New Safari DICOR 2.2 EX 4x2,Tata,2010,250000,80000,Diesel
10060,Wagon R LXI BSIII,Maruti,2005,125000,50000,Petrol
10061,Alto LXi BSII,Maruti,2002,100000,80000,Petrol
10062,Scorpio M2DI,Mahindra,2010,480000,90000,Diesel
10063,KUV 100 G80 K2,Mahindra,2018,320000,30000,Petrol
10064,A-Star Vxi,Maruti,2010,130000,70000,Petrol
10065,Indica DLS,Tata,2006,57000,80000,Diesel
10066,Santro GLS I - Euro I,Hyundai,2005,75000,60000,Petrol
10067,800 DX,Maruti,2003,60000,35000,Petrol
10068,Alto LXi BSIII,Maruti,2008,125000,70000,Petrol
10069,City 1.5 EXI S,Honda,2004,105000,100000,Petrol
10070,Wagon R LXI DUO BSIII,Maruti,2008,125000,152000,LPG
10071,Zen LXI,Maruti,1998,69000,70000,Petrol
10072,Indigo LX,Tata,2012,130000,90000,Diesel
10073,Baleno Zeta 1.2,Maruti,2019,630000,40000,Petrol
10074,Amaze E i-VTEC,Honda,2016,330000,50000,Petrol
10075,Wagon R VXI BS IV,Maruti,2014,340000,15000,Petrol
10076,Santro Xing XG eRLX Euro III,Hyundai,2006,60000,120000,Petrol
10077,Safari Storme EX,Tata,2014,550000,78322,Diesel
10078,Ertiga VDI,Maruti,2014,480000,110000,Diesel
10079,Verna 1.6 SX CRDi (O),Hyundai,2013,315000,80000,Diesel
10080,Fiesta Titanium 1.5 TDCi,Ford,2012,165000,120000,Diesel
10081,Beat LS,Chevrolet,2016,170000,125000,Petrol
10082,Baleno Delta 1.2,Maruti,2018,550000,8000,Petrol
10083,Ameo 1.2 MPI Trendline,Volkswagen,2018,465000,13000,Petrol
10084,Indica Vista Quadrajet LX,Tata,2012,120000,80000,Diesel
10085,Verna 1.6 Xi ABS,Hyundai,2008,220000,54309,Petrol
10086,Figo Diesel LXI,Ford,2011,180000,70000,Diesel
10087,Aveo 1.6 LT,Chevrolet,2006,150000,34600,Petrol
10088,Zest Revotron 1.2T XMS,Tata,2016,520000,25000,Petrol
10089,Safari Storme EX,Tata,2013,430000,80000,Diesel
10090,Bolero DI DX 8 Seater,Mahindra,2009,300000,55000,Diesel
10091,Venue SX Opt Diesel,Hyundai,2020,1000000,5000,Diesel
10092,WR-V i-DTEC VX,Honda,2017,725000,30000,Diesel
10093,Verna 1.4 EX,Hyundai,2011,500000,31000,Diesel
10094,Wagon R LXI BS IV,Maruti,2011,250000,50000,Petrol
10095,Swift Dzire VDI,Maruti,2018,700000,38217,Diesel
10096,Figo Petrol ZXI,Ford,2011,185000,50000,Petrol
10097,Ritz VDi,Maruti,2011,200000,120000,Diesel
10098,Bolero DI,Mahindra,2004,315000,110000,Diesel
10099,Hexa XT,Tata,2019,1100000,40000,Diesel
10100,Santro LP zipPlus,Hyundai,2001,52000,50000,Petrol
10101,i20 Active 1.2 S,Hyundai,2017,600000,10000,Petrol
10102,Harrier XZ BSIV,Tata,2019,1700000,10000,Diesel
10103,Terrano XL Plus 85 PS,Nissan,2015,451000,100000,Diesel
10104,KUV 100 mFALCON G80 K8 5str,Mahindra,2016,370000,60000,Petrol
10105,Endeavour 3.2 Titanium AT 4X4,Ford,2017,2700000,30000,Diesel
10106,KWID RXT Optional,Renault,2016,280000,23000,Petrol
10107,Wagon R VXI BS IV,Maruti,2017,350000,30000,Petrol
10108,i10 Sportz,Hyundai,2011,250000,50000,Petrol
10109,Alto 800 LXI,Maruti,2014,204999,25000,Petrol
10110,Ignis 1.2 Delta BSIV,Maruti,2019,500000,15000,Petrol
10111,Indica Vista Aqua TDI BSIII,Tata,2009,150000,30000,Diesel
10112,Spark 1.0 LS,Chevrolet,2010,175000,45000,Petrol
10113,Spark 1.0 LS,Chevrolet,2009,170000,44800,Petrol
10114,Manza Aura Safire,Tata,2010,200000,50000,Petrol
10115,Creta 1.4 E Plus,Hyundai,2018,800000,52000,Diesel
10116,Hexa XTA,Tata,2017,1200000,50000,Diesel
10117,Corolla Altis 1.8 J,Toyota,2008,400000,35000,Petrol
10118,Ritz VDi,Maruti,2010,148000,100000,Diesel
10119,Manza Club Class Quadrajet90 LS,Tata,2014,200000,100000,Diesel
10120,Swift Dzire VDI,Maruti,2016,284000,40000,Diesel
10121,Wagon R VXI Minor,Maruti,2007,80000,60000,Petrol
10122,Beat PS,Chevrolet,2014,170000,77000,Petrol
10123,Accent Executive,Hyundai,2011,150000,60000,Petrol
10124,Manza Aura (ABS) Safire BS IV,Tata,2010,110000,77073,Petrol
10125,Figo Aspire 1.5 TDCi Titanium,Ford,2016,400000,70000,Diesel
10126,i10 Magna LPG,Hyundai,2013,275000,90000,LPG
10127,Innova 2.5 G (Diesel) 7 Seater,Toyota,2013,800000,186000,Diesel
10128,Scorpio M2DI,Mahindra,2014,550000,90000,Diesel
10129,Alto LX BSIII,Maruti,2007,125000,100000,Petrol
10130,Beat LT,Chevrolet,2010,135000,80000,Petrol
10131,Scorpio LX BSIV,Mahindra,2012,349000,150000,Diesel
10132,Swift VDI BSIV,Maruti,2014,458000,80000,Diesel
10133,Alto K10 VXI,Maruti,2018,300000,35000,Petrol
10134,Alto LXi,Maruti,2008,95000,70000,Petrol
10135,S-Cross Zeta DDiS 200 SH,Maruti,2018,850000,50000,Diesel
10136,Freestyle Titanium Diesel,Ford,2019,750000,25000,Diesel
10137,Figo Diesel Celebration Edition,Ford,2013,190000,120000,Diesel
10138,Wagon R LXI Minor,Maruti,2009,150000,70000,Petrol
10139,Accent GLE,Hyundai,2009,114999,106000,Petrol
10140,Innova 2.0 VX 7 Seater,Toyota,2010,320000,120000,Petrol
10141,Alto 800 CNG LXI Optional,Maruti,2019,300000,120000,CNG
10142,Ritz LXi,Maruti,2016,275000,160000,Petrol
10143,Aveo 1.6 LT with ABS,Chevrolet,2010,140000,120000,Petrol
10144,Altroz XZ,Tata,2020,830000,10000,Petrol
10145,Polo SR Petrol 1.2L,Volkswagen,2013,380000,50000,Petrol
10146,i10 Magna 1.2,Hyundai,2010,150000,90000,Petrol
10147,Spark 1.0 LS,Chevrolet,2008,50000,70000,Petrol
10148,Bolero SLX,Mahindra,2008,155000,100000,Diesel
10149,Bolero SLX,Mahindra,2008,155000,100000,Diesel
10150,Superb 1.8 TFSI MT,Skoda,2010,300000,80000,Petrol
10151,Alto 800 LXI,Maruti,2018,300000,16584,Petrol
10152,Tiago 2019-2020 XE Diesel,Tata,2016,385000,38000,Diesel
10153,Wagon R LXI,Maruti,2010,221000,51000,Petrol
10154,Tiago 1.05 Revotorq XE,Tata,2016,381000,38000,Diesel
10155,Alto 800 LXI,Maruti,2015,250999,35000,Petrol
10156,Santro LS zipPlus,Hyundai,2002,60000,120000,Petrol
10157,Tiago 1.05 Revotorq XE,Tata,2016,380000,38000,Diesel
10158,Laura L n K 1.9 PD,Skoda,2008,180000,144000,Diesel
10159,Ciaz ZDi Plus,Maruti,2017,751000,64000,Diesel
10160,XUV500 AT W10 FWD,Mahindra,2015,1250000,60000,Diesel
10161,EON 1.0 Era Plus,Hyundai,2014,229999,65000,Petrol
10162,Safari Storme EX,Tata,2019,1250000,24000,Diesel
10163,Scorpio VLX 2WD BSIV,Mahindra,2014,782000,58000,Diesel
10164,Scorpio VLX 2.2 mHawk Airbag BSIV,Mahindra,2014,780000,58000,Diesel
10165,Alto 800 LXI,Maruti,2016,245000,68000,Petrol
10166,i20 1.4 CRDi Sportz,Hyundai,2011,321000,81257,Diesel
10167,Grand i10 1.2 CRDi Sportz Option,Hyundai,2017,509999,44000,Diesel
10168,Nano CX SE,Tata,2015,110000,45000,Petrol
10169,Polo Diesel Highline 1.2L,Volkswagen,2013,400000,75000,Diesel
10170,Swift VXI,Maruti,2013,370000,90000,Petrol
10171,Verna CRDi ABS,Hyundai,2007,175000,80000,Diesel
10172,E-Class 230,Mercedes-Benz,1998,1000000,35000,Petrol
10173,Alto 800 LXI,Maruti,2013,92800,25000,Petrol
10174,Xenon XT EX 4X2,Tata,2014,291000,90000,Diesel
10175,Alto 800 LXI,Maruti,2013,92800,25000,Petrol
10176,Verna 1.6 SX CRDi (O),Hyundai,2013,335000,110000,Diesel
10177,Omni 8 Seater BSIV,Maruti,2013,170000,35000,Petrol
10178,Alto 800 LXI,Maruti,2019,295000,10000,Petrol
10179,KWID RXL,Renault,2019,375000,10000,Petrol
10180,EON Era Plus,Hyundai,2012,215000,70000,Petrol
10181,Fiesta 1.4 ZXi TDCi ABS,Ford,2009,150000,110000,Diesel
10182,Alto LXI,Maruti,2003,60000,5000,Petrol
10183,Alto LX,Maruti,2006,52000,120000,Petrol
10184,Omni LPG CARGO BSIII W IMMOBILISER,Maruti,2009,80000,90000,LPG
10185,Alto LX,Maruti,2012,140000,70000,Petrol
10186,Verna i (Petrol),Hyundai,2008,120000,90000,Petrol
10187,Fiesta Classic 1.4 SXI Duratorq,Ford,2006,110000,120000,Diesel
10188,New Safari Dicor EX 4X2 BS IV,Tata,2012,280000,110000,Diesel
10189,Etios VD,Toyota,2016,450000,50000,Diesel
10190,XUV500 W7,Mahindra,2018,1150000,58000,Diesel
10191,Baleno Delta 1.3,Maruti,2018,650000,15000,Diesel
10192,Zest Revotron 1.2T XE,Tata,2015,300000,60000,Petrol
10193,Nano Twist XT,Tata,2015,73000,57000,Petrol
10194,Swift VDI BSIV,Maruti,2015,400000,87000,Diesel
10195,KWID 1.0 RXT Optional,Renault,2017,300000,70000,Petrol
10196,Wagon R AX,Maruti,2012,300000,30000,Petrol
10197,Swift Dzire VDI,Maruti,2012,450000,80000,Diesel
10198,Santro Xing GLS,Hyundai,2009,200000,100000,Petrol
10199,Swift VXI,Maruti,2019,580000,40000,Petrol
10200,Grand i10 1.2 Kappa Asta,Hyundai,2017,550000,3917,Petrol
10201,Scorpio SLX 2.6 Turbo 8 Str,Mahindra,2007,190000,160000,Diesel
10202,Tiago 1.05 Revotorq XT Option,Tata,2017,450000,35000,Diesel
10203,Spark 1.0 LS,Chevrolet,2014,220000,70000,Petrol
10204,SX4 ZXI MT BSIV,Maruti,2012,310000,69069,Petrol
10205,Elite i20 Sportz Plus BSIV,Hyundai,2019,650000,13500,Petrol
10206,Wagon R Stingray VXI,Maruti,2014,300000,59059,Petrol
10207,Accent Executive,Hyundai,2013,200000,70000,Petrol
10208,Brio S MT,Honda,2012,285000,39039,Petrol
10209,Brio Exclusive Edition,Honda,2014,335000,33033,Petrol
10210,Verna Transform SX VTVT,Hyundai,2011,370000,55168,Petrol
10211,i20 1.2 Sportz,Hyundai,2013,375000,41041,Petrol
10212,i10 Magna,Hyundai,2009,235000,67067,Petrol
10213,i10 Sportz 1.2 AT,Hyundai,2013,345000,66066,Petrol
10214,Quanto C8,Mahindra,2013,365000,82082,Diesel
10215,Grand i10 Sportz,Hyundai,2014,400000,48000,Petrol
10216,EON D Lite Plus,Hyundai,2015,250000,30000,Petrol
10217,Verna SX CRDi AT,Hyundai,2012,465000,70070,Diesel
10218,KWID RXT,Renault,2017,300000,10000,Petrol
10219,Swift Dzire ZXI 1.2 BS IV,Maruti,2018,655000,25000,Petrol
10220,Wagon R LXI CNG,Maruti,2016,350000,30000,CNG
10221,i10 Sportz 1.2 AT,Hyundai,2015,500000,50000,Petrol
10222,Grand i10 AT Asta,Hyundai,2015,465000,63063,Petrol
10223,Swift VDi BSIII W/ ABS,Maruti,2008,263000,70000,Diesel
10224,Omni MPI STD BSIV,Maruti,2012,250000,90000,Petrol
10225,Accent GLE 1,Hyundai,1999,60000,90000,Petrol
10226,Getz GLX,Hyundai,2005,70000,90000,Petrol
10227,Sail Hatchback 1.2 LS,Chevrolet,2016,250000,30000,Petrol
10228,EON Magna Plus,Hyundai,2016,229999,80000,Petrol
10229,Optra Magnum 2.0 LS,Chevrolet,2011,195000,120000,Diesel
10230,RediGO S,Datsun,2016,270000,22000,Petrol
10231,WR-V i-DTEC VX,Honda,2017,650000,140000,Diesel
10232,i20 Asta 1.4 CRDi,Hyundai,2014,370000,80000,Diesel
10233,Swift VDI Optional,Maruti,2016,509999,40000,Diesel
10234,Zen Estilo VXI BSIV,Maruti,2011,280000,33000,Petrol
10235,A-Star Vxi,Maruti,2010,180000,40000,Petrol
10236,KWID 1.0 RXT Optional,Renault,2018,300000,10500,Petrol
10237,Bolero 2011-2019 SLX,Mahindra,2013,400000,107000,Diesel
10238,i10 Sportz 1.2,Hyundai,2010,210000,60000,Petrol
10239,Santro Xing XG eRLX Euro III,Hyundai,2006,90000,120000,Petrol
10240,Wagon R LXI BS IV,Maruti,2010,222000,70000,Petrol
10241,Alto 800 LXI,Maruti,2015,240000,50000,Petrol
10242,Etios Liva GD,Toyota,2013,450000,70000,Diesel
10243,Ecosport 1.5 Petrol Ambiente,Ford,2017,650000,6000,Petrol
10244,Verna SX Diesel,Hyundai,2010,200000,78000,Diesel
10245,Verna SX Diesel,Hyundai,2011,210000,72000,Diesel
10246,Nano Cx BSIV,Tata,2011,75000,9528,Petrol
10247,Innova 2.5 G (Diesel) 8 Seater,Toyota,2011,450000,135200,Diesel
10248,i20 1.2 Sportz,Hyundai,2011,220000,58000,Petrol
10249,i20 Magna 1.4 CRDi (Diesel),Hyundai,2013,325000,78000,Diesel
10250,Zest Revotron 1.2T XE,Tata,2018,450000,45000,Petrol
10251,EcoSport 1.5 Diesel Titanium Plus BSIV,Ford,2017,825000,35000,Diesel
10252,Accent GLS,Hyundai,2007,125000,76000,Petrol
10253,Xylo D2 BS IV,Mahindra,2015,434999,100000,Diesel
10254,Scorpio SLE BSIV,Mahindra,2011,484999,99000,Diesel
10255,Ritz VDi,Maruti,2009,175000,80000,Diesel
10256,Civic 1.8 S MT,Honda,2006,220000,120000,Petrol
10257,BR-V i-VTEC VX MT,Honda,2020,1250000,1100,Petrol
10258,Omni E MPI STD BS IV,Maruti,2017,215000,34000,Petrol
10259,XUV500 W6 2WD,Mahindra,2014,625000,68000,Diesel
10260,EcoSport 1.5 Diesel Titanium BSIV,Ford,2018,615000,15000,Diesel
10261,Beat Diesel PS,Chevrolet,2012,130000,58000,Diesel
10262,Indigo CS eLX BS IV,Tata,2013,175000,50300,Diesel
10263,Indigo CR4,Tata,2011,150000,70000,Diesel
10264,Indica Vista TDI LS,Tata,2011,195000,60000,Diesel
10265,Ertiga 1.5 VDI,Maruti,2020,550000,90000,Diesel
10266,D-Max V-Cross Standard,Isuzu,2018,1500000,40000,Diesel
10267,Superb 1.8 TFSI MT,Skoda,2010,400000,80000,Petrol
10268,Kicks XV Premium D BSIV,Nissan,2019,1350000,15000,Diesel
10269,Swift 1.2 DLX,Maruti,2015,217000,45000,Petrol
10270,Swift VDI BSIV,Maruti,2011,290000,130000,Diesel
10271,Bolero Power Plus SLX,Mahindra,2018,700000,80000,Diesel
10272,Alto 800 Base,Maruti,2014,175000,40000,Petrol
10273,Ameo 1.5 TDI Highline 16 Alloy,Volkswagen,2017,575000,80000,Diesel
10274,Ritz LDi,Maruti,2016,380000,100000,Diesel
10275,Xylo D4 BSIV,Mahindra,2013,350000,151624,Diesel
10276,Duster 85PS Diesel RxL Optional,Renault,2012,450000,160000,Diesel
10277,Santro AT CNG,Hyundai,2005,130000,110000,CNG
10278,Swift VDI BSIV,Maruti,2015,320000,74820,Diesel
10279,XUV500 W6 2WD,Mahindra,2014,550000,82000,Diesel
10280,Wagon R VXI BS IV,Maruti,2015,370000,50000,Petrol
10281,Beat LT,Chevrolet,2010,114999,70000,Petrol
10282,Ecosport Sports Petrol,Ford,2020,1100000,1000,Petrol
10283,Tucson CRDi,Hyundai,2006,170000,170000,Diesel
10284,Indigo TDI,Tata,2008,80000,150000,Diesel
10285,EcoSport 1.5 Diesel Titanium BSIV,Ford,2019,950000,17000,Diesel
10286,Swift Dzire VDI,Maruti,2014,425000,150000,Diesel
10287,i20 Asta Option 1.4 CRDi,Hyundai,2015,500000,80000,Diesel
10288,Santro Xing XG eRLX Euro III,Hyundai,2005,70000,170000,Petrol
10289,Amaze S i-Dtech,Honda,2013,349000,120000,Diesel
10290,i20 1.2 Sportz,Hyundai,2012,330000,90000,Petrol
10291,Santro Xing GLS,Hyundai,2010,120000,90000,Petrol
10292,Verna 1.6 SX CRDi (O),Hyundai,2013,430000,100000,Diesel
10293,Swift VDI BSIV,Maruti,2014,390000,90000,Diesel
10294,Micra Diesel XV Primo,Nissan,2012,225000,129000,Diesel
10295,Scorpio VLS AT 2.2 mHAWK,Mahindra,2010,350000,186000,Diesel
10296,Sumo LX,Tata,2009,100000,66778,Diesel
10297,EON Era Plus,Hyundai,2014,190000,50000,Petrol
10298,i20 Sportz 1.4 CRDi,Hyundai,2014,315000,110000,Diesel
10299,Grand i10 CRDi Magna,Hyundai,2015,300000,60000,Diesel
10300,KWID RXT,Renault,2016,280000,40000,Petrol
10301,Tucson 2.0 e-VGT 2WD MT,Hyundai,2017,1650000,55000,Diesel
10302,EON Era Plus,Hyundai,2015,295000,21000,Petrol
10303,XF 5.0 Litre V8 Petrol,Jaguar,2012,2050000,66363,Petrol
10304,Creta 1.6 VTVT AT SX Plus,Hyundai,2018,1475000,11700,Petrol
10305,Verna VTVT 1.6 AT SX Option,Hyundai,2017,1100000,10000,Petrol
10306,GL-Class 350 CDI Blue Efficiency,Mercedes-Benz,2014,4400000,100000,Diesel
10307,Swift ZXI BSIV,Maruti,2016,670000,7104,Petrol
10308,S-Cross Zeta DDiS 200 SH,Maruti,2015,750000,45974,Diesel
10309,Verna 1.6 VTVT SX,Hyundai,2015,760000,55340,Petrol
10310,Polo GTI,Volkswagen,2017,850000,20000,Petrol
10311,Pulse RxL,Renault,2015,390000,61585,Diesel
10312,Celerio VXI AMT BSIV,Maruti,2016,450000,39415,Petrol
10313,Brio V MT,Honda,2014,425000,29654,Petrol
10314,Baleno Alpha 1.3,Maruti,2016,770000,64672,Diesel
10315,Creta 1.6 SX Automatic Diesel,Hyundai,2015,1150000,54634,Diesel
10316,City i VTEC V,Honda,2015,775000,66521,Petrol
10317,Elite i20 Asta Option CVT BSIV,Hyundai,2019,720000,3000,Petrol
10318,Innova Crysta 2.4 GX AT,Toyota,2018,1725000,23974,Diesel
10319,Tiago 1.2 Revotron XZ,Tata,2018,539000,10000,Petrol
10320,Celerio ZXI,Maruti,2017,420000,50000,Petrol
10321,Omni E 8 Str STD,Maruti,2001,85000,70000,Petrol
10322,1.6Gls,OpelCorsa,2004,142000,73000,Petrol
10323,EON D Lite,Hyundai,2014,180000,76000,Petrol
10324,Tavera Neo 3 Max 9 Str BSIII,Chevrolet,2014,400000,120000,Diesel
10325,Scorpio VLX 2WD ABS AT BSIII,Mahindra,2009,360000,170000,Diesel
10326,Santro Xing XG,Hyundai,2003,85000,110000,Petrol
10327,Brio 1.2 S MT,Honda,2016,350000,63400,Petrol
10328,GO Plus T BSIV,Datsun,2015,380000,25000,Petrol
10329,i10 Era,Hyundai,2009,140000,80000,Petrol
10330,Wagon R VXI BS IV,Maruti,2012,200000,90000,Petrol
10331,Santro Xing GL,Hyundai,2011,150000,157000,Petrol
10332,Indica Vista Quadrajet LS,Tata,2012,150000,80000,Diesel
10333,800 Std BSII,Maruti,2006,90000,40000,Petrol
10334,Bolero SLX 2WD,Mahindra,2007,300000,100000,Diesel
10335,KWID RXT,Renault,2017,280000,50000,Petrol
10336,Alto K10 2010-2014 VXI,Maruti,2011,200000,40000,Petrol
10337,Aveo U-VA 1.2 LT WO ABS Airbag,Chevrolet,2009,110000,38500,Petrol
10338,i10 Magna,Hyundai,2008,140000,103921,Petrol
10339,Creta 1.4 EX Diesel,Hyundai,2020,1050000,10000,Diesel
10340,City i-VTEC VX,Honda,2018,1150000,14825,Petrol
10341,BR-V i-DTEC VX MT,Honda,2016,910000,43377,Diesel
10342,Figo Diesel Titanium,Ford,2010,160000,102307,Diesel
10343,Zen LX,Maruti,2004,105000,79000,Petrol
10344,Octavia Elegance 2.0 TDI AT,Skoda,2014,1200000,135000,Diesel
10345,KWID 1.0 RXT Optional,Renault,2018,300000,10500,Petrol
10346,Wagon R LXI,Maruti,2004,70000,90000,Petrol
10347,Beat Diesel,Chevrolet,2012,160000,110000,Diesel
10348,Beat Diesel LS,Chevrolet,2012,160000,50000,Diesel
10349,Sail Hatchback LT ABS,Chevrolet,2013,225000,80000,Diesel
10350,Jazz 1.5 VX i DTEC,Honda,2018,790000,19571,Diesel
10351,City 1.3 EXI,Honda,2002,145000,100000,Petrol
10352,City i-VTEC ZX,Honda,2018,1200000,29600,Petrol
10353,EcoSport 1.5 Diesel Titanium Plus BSIV,Ford,2018,930000,20000,Diesel
10354,EON D Lite,Hyundai,2016,210000,30000,Petrol
10355,Getz 1.5 CRDi GVS,Hyundai,2008,110000,154000,Diesel
10356,Swift LXI,Maruti,2011,175000,70000,Petrol
10357,Vitara Brezza ZDi Plus AMT Dual Tone,Maruti,2018,950000,15000,Diesel
10358,Lodgy Stepway 85PS RXZ 8S,Renault,2017,650000,40000,Diesel
10359,Swift VXI,Maruti,2019,550000,51000,Petrol
10360,Alto LX BSIII,Maruti,2008,85000,120000,Petrol
10361,Celerio LXI MT BSIV,Maruti,2019,340000,50000,Petrol
10362,Captur 1.5 Diesel RXT,Renault,2017,825000,13500,Diesel
10363,Etios 1.5 V,Toyota,2016,509999,35000,Petrol
10364,Duster 85PS Diesel RxL,Renault,2013,450000,1000,Diesel
10365,C-Class Progressive C 220d,Mercedes-Benz,2018,3800000,10000,Diesel
10366,A4 3.0 TDI Quattro,Audi,2013,1580000,86000,Diesel
10367,X5 xDrive 30d xLine,BMW,2019,4950000,30000,Diesel
10368,Creta 1.6 CRDi SX,Hyundai,2016,535000,52600,Diesel
10369,SX4 Vxi BSIV,Maruti,2012,225000,110000,Petrol
10370,Grand i10 1.2 Kappa Magna AT,Hyundai,2017,550000,19890,Petrol
10371,Swift ZXI BSIV,Maruti,2016,670000,7104,Petrol
10372,Ertiga VXI,Maruti,2015,625000,11918,Petrol
10373,Grand i10 Magna AT,Hyundai,2017,520000,10510,Petrol
10374,Beat LT Option,Chevrolet,2016,239000,41000,Petrol
10375,Fortuner 4x2 AT,Toyota,2017,2600000,47162,Diesel
10376,S-Cross Zeta DDiS 200 SH,Maruti,2015,750000,45974,Diesel
10377,i10 Magna,Hyundai,2012,229999,49824,Petrol
10378,A6 2.0 TDI Premium Plus,Audi,2013,1300000,58500,Diesel
10379,Santro GS,Hyundai,2005,80000,56580,Petrol
10380,Laura Ambiente 2.0 TDI CR MT,Skoda,2012,385000,52000,Diesel
10381,Verna 1.6 VTVT SX,Hyundai,2015,760000,55340,Petrol
10382,Swift Dzire VDI,Maruti,2017,600000,46507,Diesel
10383,Duster 85PS Diesel RxL,Renault,2013,450000,1000,Diesel
10384,C-Class Progressive C 220d,Mercedes-Benz,2018,3800000,10000,Diesel
10385,A4 3.0 TDI Quattro,Audi,2013,1580000,86000,Diesel
10386,X5 xDrive 30d xLine,BMW,2019,4950000,30000,Diesel
10387,Creta 1.6 CRDi SX,Hyundai,2016,535000,52600,Diesel
10388,SX4 Vxi BSIV,Maruti,2012,225000,110000,Petrol
10389,Grand i10 1.2 Kappa Magna AT,Hyundai,2017,550000,19890,Petrol
10390,Swift ZXI BSIV,Maruti,2016,670000,7104,Petrol
10391,Ertiga VXI,Maruti,2015,625000,11918,Petrol
10392,Grand i10 Magna AT,Hyundai,2017,520000,10510,Petrol
10393,Beat LT Option,Chevrolet,2016,239000,41000,Petrol
10394,Fortuner 4x2 AT,Toyota,2017,2600000,47162,Diesel
10395,S-Cross Zeta DDiS 200 SH,Maruti,2015,750000,45974,Diesel
10396,i10 Magna,Hyundai,2012,229999,49824,Petrol
10397,A6 2.0 TDI Premium Plus,Audi,2013,1300000,58500,Diesel
10398,Santro GS,Hyundai,2005,80000,56580,Petrol
10399,Laura Ambiente 2.0 TDI CR MT,Skoda,2012,385000,52000,Diesel
10400,Verna 1.6 VTVT SX,Hyundai,2015,760000,55340,Petrol
10401,Swift Dzire VDI,Maruti,2017,600000,46507,Diesel
10402,Baleno Alpha 1.3,Maruti,2017,650000,70000,Diesel
10403,Spark 1.0 LS,Chevrolet,2011,140000,60000,Petrol
10404,Alto LXi,Maruti,2011,150000,70000,Petrol
10405,GO Plus A Option Petrol,Datsun,2018,450000,10000,Petrol
10406,Accent CRDi,Hyundai,2006,170000,245244,Diesel
10407,KWID 1.0 RXT Optional,Renault,2017,400000,60000,Petrol
10408,Tiago 1.2 Revotron XE,Tata,2016,300000,30000,Petrol
10409,Alto 800 Base,Maruti,2012,250000,8000,Petrol
10410,Tigor 1.2 Revotron XM,Tata,2019,500000,10000,Petrol
10411,Accent CRDi,Hyundai,2002,85000,100000,Diesel
10412,Sunny Diesel XL,Nissan,2012,300000,110000,Diesel
10413,Santro GS,Hyundai,2005,80000,56580,Petrol
10414,XUV500 AT W8 FWD,Mahindra,2015,740000,45000,Diesel
10415,Santro Xing XG,Hyundai,2005,70000,68500,Petrol
10416,Santro Sportz AMT,Hyundai,2019,484999,5007,Petrol
10417,Micra Active XV S,Nissan,2013,164000,30000,Petrol
10418,City 1.5 V AT,Honda,2008,140000,70000,Petrol
10419,E-Class E250 CDI Elegance,Mercedes-Benz,2011,999000,49600,Diesel
10420,Alto LXI,Maruti,2005,56000,23000,Petrol
10421,7 Series 730Ld,BMW,2006,1050000,30000,Diesel
10422,Verna 1.6 VTVT,Hyundai,2010,190000,38000,Petrol
10423,Q5 3.0 TDI Quattro Technology,Audi,2018,3899000,22000,Diesel
10424,i10 Sportz 1.2,Hyundai,2011,235000,43100,Petrol
10425,GO Plus T,Datsun,2017,350000,10171,Petrol
10426,Duster 110PS Diesel RxL,Renault,2015,465000,41123,Diesel
10427,Camry Hybrid 2.5,Toyota,2017,1900000,20118,Petrol
10428,City i DTec SV,Honda,2014,450000,40000,Diesel
10429,Jetta 2.0L TDI Highline,Volkswagen,2015,790000,52517,Diesel
10430,Marazzo M2 8Str,Mahindra,2019,900000,20000,Diesel
10431,Ecosport 1.5 DV5 MT Titanium Optional,Ford,2014,450000,99117,Diesel
10432,Spark 1.0 LS,Chevrolet,2009,135000,90000,Petrol
10433,Celerio ZXI MT BSIV,Maruti,2019,425000,3700,Petrol
10434,Indica Vista Terra 1.4 TDI,Tata,2010,100000,80000,Diesel
10435,EcoSport 1.5 TDCi Titanium BSIV,Ford,2015,650000,100000,Diesel
10436,Indica Vista Aqua 1.4 TDI,Tata,2011,90000,54000,Diesel
10437,EON Era Plus,Hyundai,2017,250000,19000,Petrol
10438,Swift Dzire VDI,Maruti,2014,300000,120000,Diesel
10439,Wagon R VXI BS IV,Maruti,2014,275000,30000,Petrol
10440,BRV i-VTEC V MT,Honda,2017,600000,43500,Petrol
10441,KWID RXT,Renault,2016,270000,60000,Petrol
10442,KWID RXT Optional,Renault,2016,240000,70000,Petrol
10443,Octavia Elegance 2.0 TDI AT,Skoda,2014,1200000,135000,Diesel
10444,Beat Diesel LS,Chevrolet,2012,160000,50000,Diesel
10445,Jazz 1.5 VX i DTEC,Honda,2018,790000,19571,Diesel
10446,City i-VTEC ZX,Honda,2018,1200000,29600,Petrol
10447,Swift LXI,Maruti,2011,175000,70000,Petrol
10448,Vitara Brezza ZDi Plus AMT Dual Tone,Maruti,2018,950000,15000,Diesel
10449,Celerio LXI MT BSIV,Maruti,2019,340000,50000,Petrol
10450,Captur 1.5 Diesel RXT,Renault,2017,825000,13500,Diesel
10451,A4 30 TFSI Technology,Audi,2018,3100000,22000,Petrol
10452,Amaze VX Diesel BSIV,Honda,2018,780000,25000,Diesel
10453,Corolla Altis 1.8 VL AT,Toyota,2010,350000,80000,Petrol
10454,Amaze VX Petrol BSIV,Honda,2018,690000,39000,Petrol
10455,Alto 800 VXI,Maruti,2016,245000,60000,Petrol
10456,Amaze VX Diesel BSIV,Honda,2018,790000,49000,Diesel
10457,Amaze VX i-VTEC,Honda,2018,680000,48600,Petrol
10458,Grand i10 Asta Option,Hyundai,2017,540000,20000,Petrol
10459,KUV 100 mFALCON G80 K2,Mahindra,2016,425000,25000,Petrol
10460,Zen Estilo Sports,Maruti,2008,140000,120000,Petrol
10461,Ertiga ZDI Plus,Maruti,2019,1100000,30000,Diesel
10462,Lodgy 85PS RxL,Renault,2015,715000,35000,Diesel
10463,Swift VXI,Maruti,2013,370000,90000,Petrol
10464,Verna CRDi ABS,Hyundai,2007,175000,80000,Diesel
10465,E-Class 230,Mercedes-Benz,1998,1000000,35000,Petrol
10466,Alto 800 LXI,Maruti,2013,92800,25000,Petrol
10467,Xenon XT EX 4X2,Tata,2014,291000,90000,Diesel
10468,Alto 800 LXI,Maruti,2013,92800,25000,Petrol
10469,KWID 1.0 RXT Optional,Renault,2016,350000,20000,Petrol
10470,Omni 5 Str STD,Maruti,1998,65000,60000,Petrol
10471,Swift Dzire VDI,Maruti,2015,650000,58000,Diesel
10472,Wagon R LX BS IV,Maruti,2014,350000,40000,Petrol
10473,Wagon R LXI,Maruti,2005,75000,70000,Petrol
10474,i20 Asta (o) 1.4 CRDi (Diesel),Hyundai,2012,440000,70000,Diesel
10475,Santro Xing GLS,Hyundai,2013,270000,60000,Petrol
10476,Innova 2.5 V Diesel 7-seater,Toyota,2014,1150000,135000,Diesel
10477,Omni 8 Seater BSII,Maruti,2015,238000,70000,Petrol
10478,B Class B180 Sports,Mercedes-Benz,2013,1100000,40000,Petrol
10479,XUV500 W10 2WD,Mahindra,2015,1200000,75000,Diesel
10480,Fabia 1.2L Diesel Ambiente,Skoda,2010,260000,150000,Diesel
10481,Etios VD,Toyota,2012,350000,140000,Diesel
10482,Etios Liva VD,Toyota,2015,480000,70000,Diesel
10483,Etios Liva GD,Toyota,2012,345000,137250,Diesel
10484,Scorpio M2DI,Mahindra,2013,500000,110000,Diesel
10485,Grand i10 Asta Option,Hyundai,2017,595000,27000,Petrol
10486,Verna CRDi 1.6 SX Option,Hyundai,2019,1295000,9000,Diesel
10487,Vento 1.5 TDI Highline BSIV,Volkswagen,2019,1350000,5400,Diesel
10488,KWID Climber 1.0 MT Opt BSIV,Renault,2020,541000,1000,Petrol
10489,Santro Asta,Hyundai,2018,515000,16000,Petrol
10490,Figo Aspire Titanium Plus Diesel,Ford,2019,894999,13000,Diesel
10491,Pulse RxZ Optional,Renault,2012,325000,47000,Diesel
10492,Ciaz 1.4 Alpha,Maruti,2018,925000,22000,Petrol
10493,Terrano XL P,Nissan,2017,844999,30000,Petrol
10494,Ciaz 1.4 Alpha,Maruti,2018,925000,20000,Petrol
10495,Manza Club Class Quadrajet90 LX,Tata,2013,300000,60000,Diesel
10496,Camry M/t,Toyota,2008,650000,75000,Petrol
10497,Alto K10 LXI,Maruti,2010,175000,64000,Petrol
10498,SX4 S Cross DDiS 320 Delta,Maruti,2015,325000,80000,Diesel
10499,Duster 85PS Diesel RxZ,Renault,2017,600000,90000,Diesel
10500,Swift ZXI Plus,Maruti,2018,700000,30000,Petrol
10501,Corolla H3,Toyota,2003,95000,120000,Petrol
10502,Celerio ZXI,Maruti,2019,490000,20000,Petrol
10503,Safari DICOR 2.2 EX 4x2,Tata,2013,380000,100000,Diesel
10504,Grand i10 1.2 Kappa Sportz Dual Tone,Hyundai,2018,550000,31000,Petrol
10505,Alto 800 LXI,Maruti,2013,225000,47000,Petrol
10506,Nexon 1.2 Revotron XM,Tata,2018,570000,11200,Petrol
10507,Alto 800 LXI,Maruti,2018,305000,35000,Petrol
10508,Wagon R Duo Lxi,Maruti,2010,240000,50000,LPG
10509,Ertiga SHVS VDI,Maruti,2015,700000,55000,Diesel
10510,Omni E MPI STD BS IV,Maruti,2018,288000,20000,Petrol
10511,Bolero B4,Mahindra,2017,800000,75000,Diesel
10512,Celerio VXI,Maruti,2017,430000,93000,Petrol
10513,Beat Diesel LT Option,Chevrolet,2009,195000,57000,Diesel
10514,Eeco Smiles 5 Seater AC,Maruti,2014,325000,30000,Petrol
10515,Duster 85PS Diesel RxE,Renault,2013,450000,73000,Diesel
10516,Swift Dzire VDI,Maruti,2016,630000,65000,Diesel
10517,Swift 1.3 VXi,Maruti,2009,250000,62000,Petrol
10518,Santro GLS I - Euro II,Hyundai,2007,135000,85000,Petrol
10519,Spark 1.0 PS,Chevrolet,2010,110000,73000,Petrol
10520,Swift ZDi,Maruti,2012,350000,55000,Diesel
10521,Omni E MPI STD BS IV,Maruti,2016,240000,5800,Petrol
10522,Innova 2.5 V Diesel 8-seater,Toyota,2009,350000,350000,Diesel
10523,Swift ZXI Plus,Maruti,2018,600000,30000,Petrol
10524,Swift Dzire VDI,Maruti,2018,750000,20000,Diesel
10525,EON Era Plus,Hyundai,2018,270000,20000,Petrol
10526,Alto LXi,Maruti,2007,90000,100000,Petrol
10527,Wagon R Stingray VXI,Maruti,2013,350000,65000,Petrol
10528,Figo Diesel Celebration Edition,Ford,2013,285000,90000,Diesel
10529,Innova 2.5 E Diesel MS 7-seater,Toyota,2011,665000,267000,Diesel
10530,Scorpio 2.6 CRDe,Mahindra,2005,175000,250000,Diesel
10531,Xylo D2,Mahindra,2011,350000,140000,Diesel
10532,City i-VTEC CVT ZX,Honda,2018,1225000,22000,Petrol
10533,Jazz Select Edition Active,Honda,2010,285000,60000,Petrol
10534,City i-VTEC VX,Honda,2018,1000000,28635,Petrol
10535,Amaze VX Diesel BSIV,Honda,2018,780000,32114,Diesel
10536,Celerio VXI,Maruti,2014,300000,82000,Petrol
10537,Swift VXI BSIII,Maruti,2006,160000,95149,Petrol
10538,Amaze VX i-VTEC,Honda,2018,625000,68458,Petrol
10539,Ritz VXi,Maruti,2010,265000,42000,Petrol
10540,City i DTEC V,Honda,2014,515000,90000,Diesel
10541,EON D Lite,Hyundai,2016,210000,30000,Petrol
10542,Alto LXi,Maruti,2009,140000,80000,Petrol
10543,Innova 2.5 GX (Diesel) 7 Seater,Toyota,2015,940000,128000,Diesel
10544,Terrano XV Premium 110 PS,Nissan,2013,750000,80000,Diesel
10545,Baleno Alpha 1.3,Maruti,2016,610000,100000,Diesel
10546,Sunny XV D Premium Leather,Nissan,2015,450000,50000,Diesel
10547,Etios Liva GD,Toyota,2012,409999,56000,Diesel
10548,EON 1.0 Era Plus,Hyundai,2018,100000,21302,Petrol
10549,i20 Active 1.4 SX,Hyundai,2016,650000,100000,Diesel
10550,TUV 300 T8,Mahindra,2017,650000,80000,Diesel
10551,Getz 1.3 GLS,Hyundai,2010,150000,105546,Petrol
10552,Etios Liva 1.2 V,Toyota,2018,500000,10000,Petrol
10553,Innova 2.5 GX 7 STR BSIV,Toyota,2012,1000000,80000,Diesel
10554,i20 Magna Optional 1.2,Hyundai,2013,340000,35000,Petrol
10555,Elite i20 Asta Option BSIV,Hyundai,2019,800000,11240,Petrol
10556,Innova 2.5 G (Diesel) 8 Seater,Toyota,2013,1010000,120000,Diesel
10557,Etios GD,Toyota,2011,350000,120000,Diesel
10558,Swift VDI BSIV,Maruti,2016,595000,70000,Diesel
10559,Scorpio VLX 2WD BSIV,Mahindra,2014,700000,130000,Diesel
10560,KWID RXL,Renault,2019,265000,40000,Petrol
10561,Alto K10 VXI,Maruti,2015,320000,60000,Petrol
10562,City 1.5 S MT,Honda,2011,310000,110000,Petrol
10563,City i DTEC VX,Honda,2014,700000,130000,Diesel
10564,Alto LXi BSIII,Maruti,2009,130000,80000,Petrol
10565,Swift Dzire VDi,Maruti,2009,150000,120000,Diesel
10566,Amaze E i-Dtech,Honda,2015,300000,104000,Diesel
10567,Swift Dzire LXi,Maruti,2011,150000,100000,Petrol
10568,City 1.3 EXI,Honda,2003,120000,132343,Petrol
10569,Creta 1.4 CRDi S Plus,Hyundai,2016,950000,90000,Diesel
10570,Wagon R VXI BS IV,Maruti,2007,100000,60000,Petrol
10571,Jazz 1.5 SV i DTEC,Honda,2015,450000,76000,Diesel
10572,800 EX,Maruti,2004,30000,60000,Petrol
10573,Renault Logan 1.6 Petrol GLSX,Mahindra,2009,200000,30000,Petrol
10574,Indigo LS,Tata,2010,250000,96000,Diesel
10575,Marazzo M8 8Str,Mahindra,2018,1300000,10000,Diesel
10576,Etios Liva 1.4 VD,Toyota,2017,425000,36000,Diesel
10577,Amaze VX O iDTEC,Honda,2017,550000,12997,Diesel
10578,Ciaz 1.4 AT Zeta,Maruti,2017,500000,40000,Petrol
10579,Verna CRDi 1.6 SX Option,Hyundai,2018,1150000,26430,Diesel
10580,Swift 1.3 VXI ABS,Maruti,2015,475000,24600,Petrol
10581,Wagon R LXI,Maruti,2011,260000,28481,Petrol
10582,Ecosport 1.0 Ecoboost Titanium Optional,Ford,2013,350000,100000,Petrol
10583,XUV500 W8 2WD,Mahindra,2013,750000,41988,Diesel
10584,Wagon R LXI,Maruti,2009,180000,30375,Petrol
10585,KWID Climber 1.0 AMT BSIV,Renault,2017,350000,7658,Petrol
10586,Swift Dzire VDI,Maruti,2017,611000,34400,Diesel
10587,KWID RXL BSIV,Renault,2017,325000,18500,Petrol
10588,Alto VXi,Maruti,2015,280000,26134,Petrol
10589,Wagon R AMT VXI,Maruti,2014,300000,28942,Petrol
10590,XUV500 W8 2WD,Mahindra,2012,711000,53600,Diesel
10591,Innova 2.5 G (Diesel) 8 Seater,Toyota,2015,851000,53652,Diesel
10592,Ritz VDi,Maruti,2011,260000,52895,Diesel
10593,Verna SX Diesel,Hyundai,2013,550000,42324,Diesel
10594,XUV500 W10 1.99 mHawk,Mahindra,2016,1044999,65000,Diesel
10595,Scorpio EX,Mahindra,2012,550000,60236,Diesel
10596,Wagon R VXI BS IV,Maruti,2014,210000,70000,Petrol
10597,Wagon R VXI BS IV,Maruti,2014,210000,70000,Petrol
10598,Xylo E8,Mahindra,2009,290000,100000,Diesel
10599,500 Lounge,Fiat,2008,250999,110000,Diesel
10600,Triber RXT BSIV,Renault,2019,600000,10300,Petrol
10601,Grande Punto EVO 1.3 Active,Fiat,2014,270000,120000,Diesel
10602,New Safari 4X4 EX,Tata,2012,550000,142000,Diesel
10603,TUV 300 mHAWK100 T8,Mahindra,2017,800000,25000,Diesel
10604,Altroz XE,Tata,2020,500000,5000,Petrol
10605,Creta 1.6 CRDi SX,Hyundai,2016,535000,52600,Diesel
10606,Grand i10 1.2 Kappa Sportz BSIV,Hyundai,2016,396000,28643,Petrol
10607,City i DTEC VX,Honda,2014,600000,50000,Diesel
10608,Wagon R ZXI 1.2,Maruti,2019,575000,30000,Petrol
10609,Santro Sportz BSIV,Hyundai,2020,520000,5000,Petrol
10610,XUV500 AT W10 FWD,Mahindra,2018,1400000,30000,Diesel
10611,Baleno Delta Automatic,Maruti,2018,600000,7600,Petrol
10612,Beat Diesel LS,Chevrolet,2013,195000,47253,Diesel
10613,Alto K10 VXI AGS,Maruti,2015,281000,4432,Petrol
10614,Indica GLS BS IV,Tata,2010,75000,110000,Petrol
10615,Grand i10 Sportz,Hyundai,2014,400000,25000,Petrol
10616,Indica Vista Terra 1.4 TDI,Tata,2009,93000,70000,Diesel
10617,i20 Active S Petrol,Hyundai,2016,560000,68523,Petrol
10618,EON 1.0 Era Plus,Hyundai,2019,400000,5000,Petrol
10619,Tigor 1.2 Revotron XT,Tata,2018,459999,40000,Petrol
10620,Xcent 1.2 CRDi E,Hyundai,2017,450000,43000,Diesel
10621,Alto Green LXi (CNG),Maruti,2010,88000,80251,CNG
10622,i20 1.2 Era,Hyundai,2010,250000,34500,Petrol
10623,Ikon 1.4 ZXi,Ford,2000,22000,42743,Petrol
10624,Beat Diesel LS,Chevrolet,2013,130000,93900,Diesel
10625,Zen VXi - BS III,Maruti,2004,79000,80000,Petrol
10626,Beat Diesel LS,Chevrolet,2012,120000,110000,Diesel
10627,7 Series 730Ld,BMW,2011,1700000,100000,Diesel
10628,Optra Magnum 2.0 LT,Chevrolet,2012,300000,25000,Diesel
10629,Optra Magnum 2.0 LT,Chevrolet,2012,300000,25000,Diesel
10630,A-Star Lxi,Maruti,2009,145000,25000,Petrol
10631,Endeavour 3.2 Titanium AT 4X4,Ford,2019,3200000,20000,Diesel
10632,Spark 1.0 LT,Chevrolet,2013,240000,10000,Petrol
10633,WR-V i-DTEC VX,Honda,2018,700000,30000,Diesel
10634,Accent GLX,Hyundai,2010,145000,110000,Petrol
10635,Ertiga VDI Limited Edition,Maruti,2014,535000,80000,Diesel
10636,KUV 100 mFALCON G80 K2 Plus,Mahindra,2016,420000,21000,Petrol
10637,Alto K10 VXI,Maruti,2016,350000,20000,Petrol
10638,Swift VDI BSIV,Maruti,2015,550000,32000,Diesel
10639,Montero 3.2 MT,Mitsubishi,2007,750000,180000,Diesel
10640,Indica Vista Aqua 1.3 Quadrajet ABS BSIV,Tata,2012,198000,70000,Diesel
10641,i20 Magna Optional 1.4 CRDi,Hyundai,2013,420000,50000,Diesel
10642,i20 Magna Optional 1.4 CRDi,Hyundai,2013,420000,50000,Diesel
10643,Endeavour 4x2 XLT,Ford,2004,195000,120000,Diesel
10644,EON Sportz,Hyundai,2012,150000,55766,Petrol
10645,Micra XL,Nissan,2011,275000,40000,Petrol
10646,800 Std,Maruti,2001,65000,60000,Petrol
10647,Swift LXi BSIV,Maruti,2008,200000,50000,Petrol
10648,Swift Dzire VDi,Maruti,2010,250000,110000,Diesel
10649,Duster 85PS Diesel RxL,Renault,2013,450000,1000,Diesel
10650,Ignis 1.3 Delta,Maruti,2018,590000,26350,Diesel
10651,SX4 Vxi BSIV,Maruti,2012,225000,110000,Petrol
10652,Indigo CS LX (TDI) BS-III,Tata,2015,225000,68745,Diesel
10653,Alto 800 LXI,Maruti,2006,165000,132000,Petrol
10654,Bolero Power Plus SLX,Mahindra,2019,860000,35000,Diesel
10655,XUV500 W6 2WD,Mahindra,2016,900000,47000,Diesel
10656,Indigo TDI,Tata,2013,182000,100000,Diesel
10657,Indica Vista Terra 1.4 TDI,Tata,2010,100000,80000,Diesel
10658,Santro Xing XL eRLX Euro III,Hyundai,2006,100000,40000,Petrol
10659,Alto K10 VXI AGS,Maruti,2017,375000,27289,Petrol
10660,Tiago XZA AMT,Tata,2018,525000,10980,Petrol
10661,EON Era Plus,Hyundai,2016,320000,24662,Petrol
10662,Swift Dzire VDI,Maruti,2013,525000,37000,Diesel
10663,Evalia XV,Nissan,2014,650000,28245,Diesel
10664,Grand i10 1.2 CRDi Sportz Option,Hyundai,2017,575000,27005,Diesel
10665,i10 Magna,Hyundai,2014,355000,39227,Petrol
10666,KUV 100 D75 K4 Plus 5Str,Mahindra,2016,470000,31367,Diesel
10667,Wagon R LXI,Maruti,2008,221000,35008,Petrol
10668,Santro Xing GLS,Hyundai,2009,195000,27005,Petrol
10669,Zen VX,Maruti,2001,85000,86000,Petrol
10670,Swift VDI,Maruti,2013,400000,50000,Diesel
10671,Baleno Delta 1.3,Maruti,2017,650000,20000,Diesel
10672,i10 Magna 1.2,Hyundai,2010,400000,50000,Petrol
10673,Manza Aura (ABS) Quadrajet BS IV,Tata,2012,295000,80000,Diesel
10674,Omni LPG STD BSIV,Maruti,2006,60000,135000,LPG
10675,Zen D PS,Maruti,2003,110000,120000,Diesel
10676,Linea 1.3 Multijet Emotion,Fiat,2015,550000,113600,Diesel
10677,Santro Xing GLS,Hyundai,2008,190000,70000,Petrol
10678,Aspire Titanium Plus Diesel BSIV,Ford,2018,861999,20000,Diesel
10679,Aspire Titanium Plus BSIV,Ford,2018,782000,14000,Petrol
10680,Freestyle Titanium Plus Diesel BSIV,Ford,2018,836000,26000,Diesel
10681,City i VTEC V,Honda,2016,696000,138925,Petrol
10682,Jazz 1.5 VX i DTEC,Honda,2016,596000,121764,Diesel
10683,Jazz 1.2 VX i VTEC,Honda,2016,612000,105429,Petrol
10684,Alto 800 LXI,Maruti,2015,114999,35000,Petrol
10685,Bolt Quadrajet XE,Tata,2017,340000,60000,Diesel
10686,Swift ZXI Plus,Maruti,2020,550000,5000,Petrol
10687,Aveo U-VA 1.2 LT,Chevrolet,2008,114999,70000,Petrol
10688,Wagon R VXI,Maruti,2000,105000,80000,Petrol
10689,Vitara Brezza ZDi,Maruti,2019,890000,20000,Diesel
10690,Nexon 1.2 Revotron XZ Plus,Tata,2019,715000,8000,Petrol
10691,i20 Asta (o),Hyundai,2014,525000,54000,Petrol
10692,Jetta 2.0L TDI Highline AT,Volkswagen,2012,735000,55300,Diesel
10693,Amaze S i-VTEC,Honda,2016,495000,11958,Petrol
10694,Creta 1.6 SX Option,Hyundai,2017,1025000,9000,Petrol
10695,XUV500 W8 2WD,Mahindra,2015,750000,70000,Diesel
10696,Duster 85PS Diesel RxL Optional,Renault,2013,600000,120000,Diesel
10697,i20 Asta 1.2,Hyundai,2014,475000,23122,Petrol
10698,Santro Xing XO,Hyundai,2007,80000,58000,Petrol
10699,Bolero 2011-2019 SLE,Mahindra,2013,325000,62200,Diesel
10700,A6 2.0 TDI Premium Plus,Audi,2014,1470000,34000,Diesel
10701,Avventura MULTIJET Emotion,Fiat,2015,350000,53000,Diesel
10702,A8 4.2 TDI,Audi,2013,2800000,49000,Diesel
10703,RediGO 1.0 S,Datsun,2017,210000,15000,Petrol
10704,Cruze LT,Chevrolet,2012,349000,44500,Diesel
10705,Jetta 1.4 TSI Comfortline,Volkswagen,2013,450000,50000,Petrol
10706,A4 2.0 TDI 177 Bhp Premium Plus,Audi,2013,1150000,53000,Diesel
10707,Civic 1.8 V AT,Honda,2009,210000,63500,Petrol
10708,E-Class Exclusive E 200 BSIV,Mercedes-Benz,2018,4500000,9800,Petrol
10709,Polo GTI,Volkswagen,2017,825000,13599,Petrol
10710,X1 sDrive 20d xLine,BMW,2017,2750000,13000,Diesel
10711,Beat Diesel,Chevrolet,2012,160000,110000,Diesel
10712,Scorpio SLE BSIV,Mahindra,2014,550000,100000,Diesel
10713,Swift 1.3 VXI ABS,Maruti,2006,95000,110000,Petrol
10714,Innova 2.5 G (Diesel) 7 Seater,Toyota,2014,725000,90000,Diesel
10715,Tigor 1.2 Revotron XZ Option,Tata,2019,670000,17000,Petrol
10716,Alto LX,Maruti,2008,65000,140000,Petrol
10717,Xylo D4,Mahindra,2015,500000,50000,Diesel
10718,KUV 100 mFALCON G80 K8 5str,Mahindra,2017,600000,53000,Petrol
10719,Wagon R VXI Optional,Maruti,2017,350000,70000,Petrol
10720,Beat Diesel LT,Chevrolet,2012,200000,70000,Diesel
10721,Getz 1.5 CRDi GVS,Hyundai,2008,110000,154000,Diesel
10722,EON Sportz,Hyundai,2012,150000,80000,Petrol
10723,Zen D PS,Maruti,2003,75000,110000,Diesel
10724,Amaze EX i-Dtech,Honda,2013,350000,90000,Diesel
10725,Innova Crysta 2.4 VX MT 8S BSIV,Toyota,2018,1700000,15000,Diesel
10726,X1 sDrive20d,BMW,2011,890000,86000,Diesel
10727,Scorpio M2DI,Mahindra,2014,500000,120000,Diesel
10728,Elite i20 Sportz Plus Dual Tone BSIV,Hyundai,2019,600000,5200,Petrol
10729,Beat LS,Chevrolet,2010,99000,60000,Petrol
10730,i10 Era 1.1 iTech SE,Hyundai,2011,235000,46000,Petrol
10731,Indigo GLX,Tata,2006,75000,40000,Petrol
10732,City i DTEC VX,Honda,2014,600000,90000,Diesel
10733,Verna CRDi 1.6 SX,Hyundai,2019,1000000,25000,Diesel
10734,Verna 1.6 SX,Hyundai,2012,390000,90000,Diesel
10735,Polo 1.5 TDI Highline,Volkswagen,2015,600000,70000,Diesel
10736,i20 1.2 Spotz,Hyundai,2017,600000,70000,Petrol
10737,Elite i20 Magna Plus Diesel,Hyundai,2019,730000,35000,Diesel
10738,Grand i10 1.2 Kappa Magna AT,Hyundai,2017,450000,12700,Petrol
10739,Ritz LDi,Maruti,2011,250000,80000,Diesel
10740,XUV500 W10 2WD,Mahindra,2018,1400000,20000,Diesel
10741,KWID 1.0 RXT Optional,Renault,2018,300000,20000,Petrol
10742,EcoSport 1.5 Petrol Titanium BSIV,Ford,2017,800000,19000,Petrol
10743,Grande Punto Active (Diesel),Fiat,2009,125000,95000,Diesel
10744,X1 sDrive 20d xLine,BMW,2019,2600000,9500,Diesel
10745,Fabia 1.2 MPI Ambition Plus,Skoda,2012,300000,50000,Petrol
10746,Polo Diesel Trendline 1.2L,Volkswagen,2012,295000,90000,Diesel
10747,Ecosport 1.0 Ecoboost Platinum Edition BSIV,Ford,2013,650000,45839,Petrol
10748,Aveo 1.4 LS,Chevrolet,2010,200000,74510,Petrol
10749,Aveo U-VA 1.2 LS,Chevrolet,2009,130000,87293,Petrol
10750,Figo Diesel EXI,Ford,2012,250000,156040,Diesel
10751,Endeavour 2.5L 4X2 MT,Ford,2004,400000,93415,Diesel
10752,Aspire Titanium BSIV,Ford,2017,430000,101159,Petrol
10753,EON 1.0 Kappa Magna Plus,Hyundai,2015,170000,80000,Petrol
10754,Tiago 2019-2020 XZ,Tata,2019,450000,12000,Petrol
10755,Swift ZXI,Maruti,2013,350000,90000,Petrol
10756,Spark 1.0 LT,Chevrolet,2011,130000,68519,Petrol
10757,Beat Diesel LS,Chevrolet,2012,180000,55130,Diesel
10758,Ecosport 1.0 Ecoboost Titanium Optional,Ford,2014,475000,65239,Petrol
10759,Polo 1.2 MPI Comfortline,Volkswagen,2015,470000,58182,Petrol
10760,Fiesta Diesel Trend,Ford,2012,200000,91245,Diesel
10761,XUV500 W8 2WD,Mahindra,2013,650000,102989,Diesel
10762,City 1.5 E MT,Honda,2010,400000,50000,Petrol
10763,Zen VXI,Maruti,2000,100000,120000,Petrol
10764,Swift Dzire VDI,Maruti,2014,409999,90000,Diesel
10765,Swift VDI BSIV,Maruti,2018,640000,25000,Diesel
10766,Wagon R LXI Minor,Maruti,2007,160000,80000,Petrol
10767,Indigo TDI,Tata,2013,182000,100000,Diesel
10768,Baleno Zeta 1.3,Maruti,2018,750000,70000,Diesel
10769,Jeep MM 550 XDB,Mahindra,2002,150000,50000,Diesel
10770,Alto STD,Maruti,2008,80000,100000,Petrol
10771,Celerio VDi,Maruti,2016,240000,90000,Diesel
10772,Esteem Lxi,Maruti,2005,60000,60000,Petrol
10773,Alto LX,Maruti,2007,70000,120000,Petrol
10774,Jetta 1.9 Highline TDI,Volkswagen,2008,285000,90000,Diesel
10775,Swift VDI BSIV,Maruti,2015,350000,60000,Diesel
10776,i20 Active 1.4 SX with AVN,Hyundai,2015,699000,30000,Diesel
10777,Figo Diesel ZXI,Ford,2011,275000,108000,Diesel
10778,i20 1.4 CRDi Magna,Hyundai,2012,350000,160000,Diesel
10779,Alto LXi BSIII,Maruti,2006,135000,90000,Petrol
10780,Xylo E4 8S,Mahindra,2010,325000,120000,Diesel
10781,XUV500 W8 2WD,Mahindra,2012,650000,102000,Diesel
10782,Bolero SLE,Mahindra,2009,300000,178000,Diesel
10783,Innova 2.5 VX (Diesel) 8 Seater,Toyota,2014,1200000,200000,Diesel
10784,Fiesta Petrol Trend,Ford,2012,450000,60000,Petrol
10785,Tiago 1.2 Revotron XE,Tata,2019,425000,3000,Petrol
10786,Alto LXi,Maruti,2006,150000,75118,Petrol
10787,Ritz LDi,Maruti,2013,290000,140000,Diesel
10788,Xcent 1.2 Kappa Base,Hyundai,2014,335000,60000,Petrol
10789,Optra 1.6,Chevrolet,2006,120000,79000,Petrol
10790,Ikon 1.6 ZXI NXt,Ford,2005,20000,25000,Petrol
10791,Getz GLS,Hyundai,2005,250000,70000,Petrol
10792,Santro Xing GL Plus,Hyundai,2008,120000,41723,Petrol
10793,SX4 Vxi BSIV,Maruti,2010,250000,70000,Petrol
10794,Indigo LS,Tata,2012,220000,70000,Diesel
10795,Ikon 1.3 Flair,Ford,2005,61000,4637,Petrol
10796,Swift VDI BSIV,Maruti,2016,620000,70000,Diesel
10797,Swift Dzire LDIX Limited Edition,Maruti,2014,425000,100000,Diesel
10798,Indica Vista Aqua 1.3 Quadrajet,Tata,2009,85000,120000,Diesel
10799,Swift 1.3 DLX,Maruti,2015,270000,40000,Diesel
10800,Swift Vdi BSIII,Maruti,2009,180000,220000,Diesel
10801,KWID 1.0 RXT Optional,Renault,2018,300000,20000,Petrol
10802,EcoSport 1.5 Petrol Titanium BSIV,Ford,2017,800000,19000,Petrol
10803,Grande Punto Active (Diesel),Fiat,2009,125000,95000,Diesel
10804,KUV 100 mFALCON G80 K2,Mahindra,2017,450000,30000,Petrol
10805,New Safari DICOR 2.2 VX 4x4,Tata,2012,450000,42655,Diesel
10806,KWID 1.0 RXL,Renault,2017,250000,43000,Petrol
10807,Innova 2.5 VX 8 STR BSIV,Toyota,2012,725000,70000,Diesel
10808,i20 Magna,Hyundai,2010,250000,55000,Petrol
10809,Punto 1.3 Active,Fiat,2010,99000,80000,Diesel
10810,KWID 1.0,Renault,2017,350000,55000,Petrol
10811,Xcent 1.2 VTVT E Plus,Hyundai,2018,511000,70000,Petrol
10812,Ritz VDi,Maruti,2012,300000,80000,Diesel
10813,Q5 2.0 TFSI Quattro,Audi,2010,1100000,110000,Petrol
10814,i10 Sportz 1.2,Hyundai,2010,125000,60000,Petrol
10815,Tiago 1.2 Revotron XZ,Tata,2018,500000,30000,Petrol
10816,Duster 85PS Diesel RxL,Renault,2013,385000,80000,Diesel
10817,Rapid 1.6 MPI Elegance,Skoda,2012,350000,90000,Petrol
10818,800 Std BSIII,Maruti,2003,60000,50000,Petrol
10819,Santro Xing GLS,Hyundai,2012,300000,50000,Petrol
10820,i20 1.4 CRDi Asta,Hyundai,2012,400000,70000,Diesel
10821,Ecosport 1.5 DV5 MT Titanium,Ford,2014,550000,110000,Diesel
10822,Sunny XL,Nissan,2012,300000,80000,Petrol
10823,Swift VDI,Maruti,2012,250000,156000,Diesel
10824,Innova 2.5 GX 7 STR,Toyota,2012,800000,180000,Diesel
10825,Eeco 5 Seater AC BSIV,Maruti,2018,300000,25000,Petrol
10826,Alto LX,Maruti,2004,80000,120000,Petrol
10827,Scorpio S5 BSIV,Mahindra,2020,1200000,11000,Diesel
10828,KWID AMT,Renault,2017,355000,40000,Petrol
10829,Swift Dzire VDI,Maruti,2015,520000,50000,Diesel
10830,Verna 1.6 CRDI,Hyundai,2012,500000,26000,Diesel
10831,Alto LXi,Maruti,2008,114999,30000,Petrol
10832,Fortuner 4x2 Manual,Toyota,2014,1800000,50000,Diesel
10833,TUV 300 T6 Plus,Mahindra,2018,800000,20000,Diesel
10834,Alto LXi BSIII,Maruti,2008,105000,30000,Petrol
10835,Alto LXi,Maruti,2011,135000,78000,Petrol
10836,Wagon R VXI BS IV,Maruti,2011,170000,40000,Petrol
10837,Verna 1.6 SX VTVT,Hyundai,2014,550000,100000,Petrol
10838,City 1.5 V MT,Honda,2009,250000,70000,Petrol
10839,Elantra CRDi SX,Hyundai,2014,650000,30000,Diesel
10840,City 1.5 V AT Exclusive,Honda,2008,210000,77000,Petrol
10841,Vento Diesel Highline,Volkswagen,2011,260000,150000,Diesel
10842,Swift Dzire ZDI,Maruti,2016,750000,69000,Diesel
10843,Innova Crysta 2.8 GX AT BSIV,Toyota,2016,1350000,120000,Diesel
10844,Ritz VDi,Maruti,2012,220000,120000,Diesel
10845,Getz 1.3 GLS,Hyundai,2008,110000,110000,Petrol
10846,XUV500 AT W8 FWD,Mahindra,2017,1230000,70000,Diesel
10847,Quanto C6,Mahindra,2013,220000,110000,Diesel
10848,Indigo LX Dicor,Tata,2009,130000,50000,Diesel
10849,i20 1.2 Magna,Hyundai,2012,330000,44000,Petrol
10850,City 1.5 S MT,Honda,2010,254999,90000,Petrol
10851,Verna 1.6 SX VTVT (O),Hyundai,2014,600000,50000,Petrol
10852,i10 Magna,Hyundai,2012,210000,50000,Petrol
10853,Enjoy TCDi LT 7 Seater,Chevrolet,2014,300000,146000,Diesel
10854,Tiago 1.2 Revotron XTA,Tata,2018,426000,15000,Petrol
10855,Alto K10 VXI,Maruti,2015,265000,60000,Petrol
10856,Xcent 1.2 Kappa SX,Hyundai,2016,450000,35000,Petrol
10857,Verna 1.6 SX,Hyundai,2012,480000,80000,Diesel
10858,Nano Lx,Tata,2010,40000,90000,Petrol
10859,City 1.5 S MT,Honda,2011,395000,70000,Petrol
10860,Wagon R VXI BS IV,Maruti,2013,229999,62000,Petrol
10861,Ecosport 1.5 Petrol Titanium Plus AT,Ford,2018,875000,10000,Petrol
10862,Eeco 5 STR With AC Plus HTR CNG,Maruti,2010,170000,80000,CNG
10863,i20 Sportz 1.2,Hyundai,2015,500000,35000,Petrol
10864,Duster 85PS Diesel RxL,Renault,2013,450000,1000,Diesel
10865,C-Class Progressive C 220d,Mercedes-Benz,2018,3800000,10000,Diesel
10866,A4 3.0 TDI Quattro,Audi,2013,1580000,86000,Diesel
10867,X5 xDrive 30d xLine,BMW,2019,4950000,30000,Diesel
10868,Creta 1.6 CRDi SX,Hyundai,2016,535000,52600,Diesel
10869,SX4 Vxi BSIV,Maruti,2012,225000,110000,Petrol
10870,Grand i10 1.2 Kappa Magna AT,Hyundai,2017,550000,19890,Petrol
10871,Swift ZXI BSIV,Maruti,2016,670000,7104,Petrol
10872,Ertiga VXI,Maruti,2015,625000,11918,Petrol
10873,Grand i10 Magna AT,Hyundai,2017,520000,10510,Petrol
10874,Beat LT Option,Chevrolet,2016,239000,41000,Petrol
10875,Fortuner 4x2 AT,Toyota,2017,2600000,47162,Diesel
10876,S-Cross Zeta DDiS 200 SH,Maruti,2015,750000,45974,Diesel
10877,i10 Magna,Hyundai,2012,229999,49824,Petrol
10878,A6 2.0 TDI Premium Plus,Audi,2013,1300000,58500,Diesel
10879,Santro GS,Hyundai,2005,80000,56580,Petrol
10880,Laura Ambiente 2.0 TDI CR MT,Skoda,2012,385000,52000,Diesel
10881,Verna 1.6 VTVT SX,Hyundai,2015,760000,55340,Petrol
10882,Swift Dzire VDI,Maruti,2017,600000,46507,Diesel
10883,Ignis 1.2 Sigma BSIV,Maruti,2019,450000,40000,Petrol
10884,Ignis 1.2 Sigma BSIV,Maruti,2019,450000,40000,Petrol
10885,Ertiga VDI,Maruti,2012,550000,120000,Diesel
10886,Manza Aura Safire BS IV,Tata,2013,200000,60000,Petrol
10887,Indica GLS BS IV,Tata,2008,80000,90000,Petrol
10888,New Safari DICOR 2.2 EX 4x2,Tata,2010,300000,250000,Diesel
10889,Aspire Titanium Plus Diesel BSIV,Ford,2019,675000,15000,Diesel
10890,Eeco 7 Seater Standard BSIV,Maruti,2017,260000,30000,Petrol
10891,Grand i10 1.2 Kappa Asta,Hyundai,2019,500000,15000,Petrol
10892,EON Sportz,Hyundai,2012,150000,55766,Petrol
10893,Alto LXi,Maruti,2006,100000,80000,Petrol
10894,Wagon R LXI,Maruti,2001,70000,117000,Petrol
10895,Alto LX,Maruti,2004,100000,70000,Petrol
10896,Innova 2.5 VX (Diesel) 7 Seater,Toyota,2012,730000,110000,Diesel
10897,Terrano XL 85 PS,Nissan,2016,525000,100000,Diesel
10898,Terrano XL 85 PS,Nissan,2016,525000,105000,Diesel
10899,Innova 2.5 V Diesel 7-seater,Toyota,2009,550000,182000,Diesel
10900,Corolla Altis Diesel D4DJ,Toyota,2012,420000,95000,Diesel
10901,Amaze SX i-VTEC,Honda,2015,500000,70000,Petrol
10902,Wagon R LXI Minor,Maruti,2009,165000,76000,Petrol
10903,Verna 1.6 SX,Hyundai,2014,650000,70000,Diesel
10904,Beat Diesel LT,Chevrolet,2013,195000,46000,Diesel
10905,Zen LX,Maruti,1999,75000,70000,Petrol
10906,Accent CRDi,Hyundai,2005,100000,120000,Diesel
10907,Innova Crysta 2.4 VX MT BSIV,Toyota,2017,1770000,25000,Diesel
10908,Esteem Lxi - BSIII,Maruti,2006,90000,90000,Petrol
10909,Xcent 1.1 CRDi Base,Hyundai,2016,515000,50000,Diesel
10910,Jazz 1.5 VX i DTEC,Honda,2017,700000,24585,Diesel
10911,Zen LX,Maruti,2001,62000,70000,Petrol
10912,Etios GD SP,Toyota,2011,220000,110000,Diesel
10913,Santro Magna CNG BSIV,Hyundai,2019,520000,10000,CNG
10914,Linea Emotion,Fiat,2010,170000,100000,Petrol
10915,Figo Diesel Titanium,Ford,2011,190000,110000,Diesel
10916,Figo Diesel Titanium,Ford,2011,150000,100000,Diesel
10917,Zen Estilo LXI BS IV,Maruti,2009,125000,65000,Petrol
10918,Amaze EX i-Dtech,Honda,2015,290000,40000,Diesel
10919,Celerio X ZXI BSIV,Maruti,2019,490000,13900,Petrol
10920,Tigor 1.2 Revotron XZ Option,Tata,2017,434999,17563,Petrol
10921,Zest Revotron 1.2T XE,Tata,2016,380000,15000,Petrol
10922,Polo Diesel Trendline 1.2L,Volkswagen,2012,200000,82000,Diesel
10923,Figo 1.5D Trend MT,Ford,2016,495000,40000,Diesel
10924,Innova 2.5 Z Diesel 7 Seater BS IV,Toyota,2014,894999,173000,Diesel
10925,XUV500 W6 2WD,Mahindra,2014,600000,151000,Diesel
10926,Brio S MT,Honda,2015,300000,50000,Petrol
10927,Amaze E i-VTEC,Honda,2017,430000,15000,Petrol
10928,Amaze E i-DTEC,Honda,2017,370000,80000,Diesel
10929,Baleno Zeta 1.2,Maruti,2019,750000,11000,Petrol
10930,Alto K10 LXI CNG Optional,Maruti,2016,300000,50000,CNG
10931,X1 sDrive20d,BMW,2012,700000,120000,Diesel
10932,Wagon R LXI DUO BSIII,Maruti,2007,100000,70000,LPG
10933,Grand i10 Sportz,Hyundai,2015,300000,90000,Petrol
10934,Indica Vista Quadrajet VX,Tata,2012,130000,185000,Diesel
10935,i20 Asta Option 1.4 CRDi,Hyundai,2016,650000,40000,Diesel
10936,Swift VDI BSIV,Maruti,2017,509999,25000,Diesel
10937,Innova 2.5 VX (Diesel) 7 Seater,Toyota,2013,1000000,117780,Diesel
10938,Verna CRDi SX,Hyundai,2010,280000,120000,Diesel
10939,Swift DDiS VDI,Maruti,2017,600000,120000,Diesel
10940,Rapid 1.6 TDI Ambition,Skoda,2013,210000,120000,Diesel
10941,Q3 2.0 TDI Quattro Premium Plus,Audi,2014,1150000,110000,Diesel
10942,EON Magna Plus,Hyundai,2018,229999,30000,Petrol
10943,EON Magna Plus,Hyundai,2018,245000,30000,Petrol
10944,Scorpio S4 4WD,Mahindra,2015,600000,60000,Diesel
10945,Grand i10 Sportz,Hyundai,2016,375000,25000,Petrol
10946,Scorpio 1.99 S10,Mahindra,2015,150000,55000,Diesel
10947,XUV500 W10 2WD,Mahindra,2018,1450000,20000,Diesel
10948,Ertiga VDI,Maruti,2014,500000,100000,Diesel
10949,Alto LXi,Maruti,2007,75000,40000,Petrol
10950,Sonata AT Leather,Hyundai,2006,225000,80000,Petrol
10951,Sonata 2.4L AT,Hyundai,2006,275000,80000,Petrol
10952,Bolero Power Plus SLX,Mahindra,2018,620000,35000,Diesel
10953,X-Trail SLX MT,Nissan,2010,600000,110000,Diesel
10954,Xylo E8 ABS Airbag BSIV,Mahindra,2011,275000,160000,Diesel
10955,Indigo TDI,Tata,2013,125000,125000,Diesel
10956,Indigo GLS,Tata,2011,80000,62000,Petrol
10957,Micra Diesel XV,Nissan,2011,199000,120000,Diesel
10958,Micra XL,Nissan,2016,440000,33000,Petrol
10959,Swift Dzire LDI,Maruti,2013,250000,80000,Diesel
10960,i20 1.4 Sportz,Hyundai,2017,700000,35000,Diesel
10961,Grand i10 CRDi Asta Option,Hyundai,2015,450000,50000,Diesel
10962,Alto 800 Std Optional,Maruti,2019,240000,5000,Petrol
10963,Xcent 1.2 Kappa SX,Hyundai,2016,350000,12000,Petrol
10964,EcoSport 1.5 TDCi Titanium BSIV,Ford,2016,650000,81595,Diesel
10965,Getz GLS ABS,Hyundai,2005,71000,22000,Petrol
10966,Swift VXI Optional,Maruti,2015,400000,40000,Petrol
10967,Alto LXi BSIII,Maruti,2008,130000,40000,Petrol
10968,Scorpio 2.6 CRDe SLE,Mahindra,2013,300000,70000,Diesel
10969,Kicks XL D BSIV,Nissan,2019,1100000,4000,Diesel
10970,3 Series 320d Luxury Line,BMW,2015,2200000,24000,Diesel
10971,Amaze VX i-VTEC,Honda,2018,800000,13500,Petrol
10972,Ritz VDI (ABS) BS IV,Maruti,2013,490000,40000,Diesel
10973,Jazz 1.2 VX i VTEC,Honda,2018,836000,9700,Petrol
10974,Polo Petrol Comfortline 1.2L,Volkswagen,2012,375000,62000,Petrol
10975,BR-V i-DTEC VX MT,Honda,2016,1249000,24000,Diesel
10976,WR-V i-DTEC VX,Honda,2019,1240000,13000,Diesel
10977,Nano Std BSII,Tata,2009,35000,50000,Petrol
10978,BR-V i-VTEC VX MT,Honda,2017,1068000,36000,Petrol
10979,BR-V i-DTEC VX MT,Honda,2017,1189000,40000,Diesel
10980,Elite i20 Petrol Asta Option,Hyundai,2018,700000,27000,Petrol
10981,Alto K10 VXI,Maruti,2016,350000,40000,Petrol
10982,i10 Magna 1.2,Hyundai,2009,254999,80000,Petrol
10983,Scorpio 2.6 CRDe,Mahindra,2005,229999,221000,Diesel
10984,i20 Asta Option 1.4 CRDi,Hyundai,2016,750000,80000,Diesel
10985,Ritz VDi,Maruti,2012,325000,119000,Diesel
10986,Innova 2.5 G4 Diesel 7-seater,Toyota,2009,760000,190000,Diesel
10987,Celerio ZXI AT,Maruti,2017,509999,25000,Petrol
10988,Micra XL,Nissan,2013,363000,28740,Petrol
10989,Alto K10 LXI,Maruti,2010,229999,48500,Petrol
10990,Sunny XL,Nissan,2012,290000,110000,Petrol
10991,Swift VXI,Maruti,2018,550000,30000,Petrol
10992,Indica Vista TDI LX,Tata,2011,125000,120000,Diesel
10993,XC60 D5 Inscription,Volvo,2014,2000000,130000,Diesel
10994,Innova 2.5 G4 Diesel 7-seater,Toyota,2008,350000,140000,Diesel
10995,Verna 1.6 SX CRDi (O),Hyundai,2011,390000,90000,Diesel
10996,Wagon R VXI Minor ABS,Maruti,2010,260000,50000,Petrol
10997,Omni BSIII 8-STR W/ IMMOBILISER,Maruti,2008,150000,50000,Petrol
10998,Esteem Vxi - BSIII,Maruti,2006,85000,60000,Petrol
10999,Alto 800 LXI,Maruti,2015,280000,15000,Petrol
11000,Celerio VXI,Maruti,2015,220000,45000,Petrol
11001,Santro Xing XG,Hyundai,2005,140000,80000,Petrol
11002,Wagon R AMT VXI Option,Maruti,2018,370000,15000,Petrol
11003,Swift Dzire VDI,Maruti,2019,650000,20000,Diesel
11004,Alto 800 LX,Maruti,2017,280000,37000,Petrol
11005,Swift Dzire VDI,Maruti,2016,540000,80000,Diesel
11006,Classic 2000 Dsz,Ambassador,2002,50000,120000,Diesel
11007,Ciaz Sigma BSIV,Maruti,2018,800000,20000,Petrol
11008,Figo 1.5D Titanium MT,Ford,2016,515000,25000,Diesel
11009,i20 1.2 Magna,Hyundai,2010,220000,96000,Petrol
11010,i20 Asta (o),Hyundai,2014,525000,54000,Petrol
11011,Spark 1.0 LT Option Pack w/ Airbag,Chevrolet,2013,165000,53000,Petrol
11012,Linea 1.3 Emotion,Fiat,2010,221000,65000,Diesel
11013,Beat LT,Chevrolet,2015,245000,43000,Petrol
11014,Figo 1.2P Titanium Plus MT,Ford,2012,260000,42000,Petrol
11015,Superb Elegance 2.0 TDI CR AT,Skoda,2011,550000,73000,Diesel
11016,Grand i10 1.2 Kappa Era,Hyundai,2015,434999,29000,Petrol
11017,Safari Storme EX,Tata,2013,450000,95000,Diesel
11018,Sail 1.2 Base,Chevrolet,2014,290000,25000,Petrol
11019,Vento 1.0 TSI Highline Plus,Volkswagen,2011,305000,53000,Petrol
11020,Classic 1.6 Duratec LXI,Ford,2011,265000,20000,Petrol
11021,Brio 1.2 S MT,Honda,2014,325000,57000,Petrol
11022,Cruze LTZ,Chevrolet,2014,550000,52000,Diesel
11023,Zen Estilo LXI BSIII,Maruti,2008,105000,40000,Petrol
11024,Brio 1.2 S MT,Honda,2012,275000,47000,Petrol
11025,City 1.5 V MT,Honda,2012,434999,47000,Petrol
11026,Verna 1.6 CRDi SX,Hyundai,2016,690000,73000,Diesel
11027,Brio V MT,Honda,2012,249000,42000,Petrol
11028,EON D Lite Plus,Hyundai,2012,204999,60000,Petrol
11029,Beat Diesel LT,Chevrolet,2012,200000,50000,Diesel
11030,Wagon R VXI Optional,Maruti,2015,190000,120000,Petrol
11031,Alto LXi,Maruti,2012,150000,50000,Petrol
11032,Zen LX,Maruti,1999,70000,70000,Petrol
11033,Bolero Power Plus SLX,Mahindra,2018,900000,25000,Diesel
11034,Ertiga ZXI AT Petrol,Maruti,2019,950000,11000,Petrol
11035,Swift Dzire VXI,Maruti,2013,475000,80000,Petrol
11036,800 Std,Maruti,1998,55000,80000,Petrol
11037,Fiesta Titanium 1.5 TDCi,Ford,2013,450000,75000,Diesel
11038,5 Series 525d Sedan,BMW,2009,1200000,45000,Diesel
11039,Bolero SLX,Mahindra,2007,300000,100000,Diesel
11040,City i DTEC E,Honda,2014,350000,60000,Diesel
11041,Indica Vista Quadrajet LS,Tata,2011,229999,160000,Diesel
11042,Creta 1.6 Gamma SX Plus,Hyundai,2015,821000,50000,Petrol
11043,Alto K10 VXI,Maruti,2014,200000,80000,Petrol
11044,Scorpio 1.99 S10,Mahindra,2017,1000000,60000,Diesel
11045,Alto 800 VXI,Maruti,2016,220000,60000,Petrol
11046,Figo Aspire 1.5 TDCi Trend,Ford,2015,459999,148620,Diesel
11047,SX4 ZDI,Maruti,2012,310000,70000,Diesel
11048,Elite i20 Diesel Asta Option,Hyundai,2018,815000,42000,Diesel
11049,Verna 1.6 CRDI SX Option,Hyundai,2017,1200000,40000,Diesel
11050,Optra Magnum 2.0 LT,Chevrolet,2011,170000,150000,Diesel
11051,S-Cross Alpha DDiS 200 SH,Maruti,2017,1000000,30000,Diesel
11052,Santro Xing GLS,Hyundai,2010,155000,90000,Petrol
11053,TUV 300 T6 Plus,Mahindra,2017,400000,120000,Diesel
11054,Quanto C4,Mahindra,2016,400000,80000,Diesel
11055,Indica Vista Aura 1.3 Quadrajet BSIV,Tata,2010,250000,80000,Diesel
11056,Indigo GLX,Tata,2008,150000,50000,Petrol
11057,Santro LP zipPlus,Hyundai,2002,80000,70000,Petrol
11058,SX4 ZXI AT,Maruti,2009,130000,120000,Petrol
11059,Vento 1.5 TDI Comfortline AT,Volkswagen,2014,325000,70000,Diesel
11060,Jetta 2.0L TDI Highline AT,Volkswagen,2012,735000,55300,Diesel
11061,Indica Vista Quadrajet 90 VX,Tata,2012,285000,74300,Diesel
11062,City VX MT,Honda,2010,350000,48781,Petrol
11063,Jetta 1.9 Highline TDI,Volkswagen,2010,290000,87620,Diesel
11064,Vento 1.5 TDI Highline Plus AT,Volkswagen,2017,890000,40219,Diesel
11065,Jazz VX,Honda,2011,385000,11473,Petrol
11066,Eeco 5 Seater AC BSIV,Maruti,2017,425000,8352,Petrol
11067,Wagon R VXI AMT1.2BSIV,Maruti,2017,525000,9745,Petrol
11068,Grand i10 Asta,Hyundai,2017,550000,9748,Petrol
11069,Polo 1.0 MPI Trendline,Volkswagen,2012,271000,49000,Petrol
11070,Creta 1.6 CRDi SX Option,Hyundai,2018,1490000,20694,Diesel
11071,Grand i10 Asta Option,Hyundai,2015,490000,31080,Petrol
11072,EON Era Plus,Hyundai,2014,260000,37605,Petrol
11073,Xcent 1.1 CRDi SX Option,Hyundai,2014,455000,55850,Diesel
11074,Nano Lx BSIV,Tata,2010,75000,58850,Petrol
11075,Etios Cross 1.2L G,Toyota,2015,421000,23839,Petrol
11076,Swift DDiS LDI,Maruti,2016,550000,54000,Diesel
11077,i10 Sportz 1.2 AT,Hyundai,2013,330000,38000,Petrol
11078,Vento 1.5 TDI Comfortline,Volkswagen,2012,390000,45454,Diesel
11079,Rapid 1.5 TDI AT Ambition,Skoda,2015,599000,46957,Diesel
11080,Elite i20 Sportz Plus CVT BSIV,Hyundai,2019,738000,8000,Petrol
11081,Alto K10 VXI,Maruti,2016,300000,30000,Petrol
11082,Indica Vista Quadrajet LX,Tata,2012,150000,110000,Diesel
11083,Innova 2.5 G4 Diesel 7-seater,Toyota,2007,440000,223000,Diesel
11084,Vento IPL II Diesel Trendline,Volkswagen,2011,280000,110000,Diesel
11085,Santro GS,Hyundai,2006,100000,120000,Petrol
11086,Swift VXi BSIV,Maruti,2008,150000,100000,Petrol
11087,Swift Dzire VDI,Maruti,2014,380000,100000,Diesel
11088,Alto LX,Maruti,2006,90000,60000,Petrol
11089,Scorpio VLS 2.2 mHawk,Mahindra,2008,300000,270000,Diesel
11090,Fabia 1.2 TDI Active,Skoda,2011,275000,60000,Diesel
11091,Zen Estilo Sports,Maruti,2009,180000,41090,Petrol
11092,Swift VDI,Maruti,2012,225000,296823,Diesel
11093,Alto 800 LXI,Maruti,2014,200000,40000,Petrol
11094,Corolla Altis G,Toyota,2011,500000,40000,Petrol
11095,Fiesta 1.6 Duratec S,Ford,2010,300000,70000,Petrol
11096,Verna 1.6 CRDi SX,Hyundai,2015,765000,80000,Diesel
11097,Swift Dzire VDI,Maruti,2017,650000,90000,Diesel
11098,Wagon R VXI Plus Optional,Maruti,2017,380000,19000,Petrol
11099,Swift Dzire VDI,Maruti,2014,480000,110000,Diesel
11100,Jeep MM 540,Mahindra,1996,200000,60000,Diesel
11101,Wagon R VXI Plus Optional,Maruti,2017,380000,19000,Petrol
11102,Zen Estilo LXI Green (CNG),Maruti,2010,145000,68000,CNG
11103,Ritz VDi,Maruti,2011,280000,120000,Diesel
11104,Swift Dzire VDI,Maruti,2014,254999,30000,Diesel
11105,Bolt Revotron XE,Tata,2016,300000,90000,Petrol
11106,Swift VDI BSIV,Maruti,2015,480000,140000,Diesel
11107,Rapid Monte Carlo 1.6 MPI AT BSIV,Skoda,2017,850000,44500,Petrol
11108,i20 Asta 1.4 CRDi,Hyundai,2014,350000,52000,Diesel
11109,i20 Active 1.2 SX,Hyundai,2016,650000,26000,Petrol
11110,i20 Active 1.2 SX,Hyundai,2016,650000,26000,Petrol
11111,New Safari 4X2,Tata,2007,550000,80000,Petrol
11112,Celerio VXI,Maruti,2015,300000,35000,Petrol
11113,Swift 1.3 VXi,Maruti,2008,150000,60000,Petrol
11114,Grand i10 Sportz,Hyundai,2014,300000,120000,Petrol
11115,Santro Xing XG,Hyundai,2004,80000,58000,Petrol
11116,Manza Club Class Quadrajet90 LS,Tata,2014,200000,100000,Diesel
11117,EON Magna Plus,Hyundai,2016,220000,43700,Petrol
11118,Indica GLS BS IV,Tata,2009,68000,120000,Petrol
11119,Manza ELAN Quadrajet BS IV,Tata,2011,180000,80000,Diesel
11120,EON Era Plus,Hyundai,2017,290000,20000,Petrol
11121,Eeco 5 Seater AC BSIV,Maruti,2018,300000,25000,Petrol
11122,City i DTec SV,Honda,2014,600000,27483,Diesel
11123,Swift LXI,Maruti,2019,470000,8000,Petrol
11124,i10 Sportz 1.2,Hyundai,2008,150000,30000,Petrol
11125,Swift VVT VXI,Maruti,2017,400000,30000,Petrol
11126,Fiesta 1.4 ZXi TDCi ABS,Ford,2009,110000,100000,Diesel
11127,Alto 800 LXI,Maruti,2014,180000,56207,Petrol
11128,i20 Sportz Petrol,Hyundai,2010,250000,40000,Petrol
11129,Zen LXI,Maruti,2006,80000,70000,Petrol
11130,WR-V i-VTEC VX,Honda,2018,875000,1440,Petrol
11131,Grand i10 Sportz,Hyundai,2015,425000,12000,Petrol
11132,Alto 800 LXI,Maruti,2019,300000,50000,Petrol
11133,Amaze VX i-DTEC,Honda,2016,700000,35000,Diesel
11134,Zen Estilo VXI BSIV,Maruti,2010,130000,50000,Petrol
11135,Ertiga SHVS ZDI Plus,Maruti,2017,1000000,60000,Diesel
11136,Swift Dzire ZDI,Maruti,2017,650000,67000,Diesel
11137,Duster Petrol RxL,Renault,2013,400000,100000,Petrol
11138,TUV 300 mHAWK100 T8,Mahindra,2017,800000,60000,Diesel
11139,Bolero Power Plus SLX,Mahindra,2017,675000,70000,Diesel
11140,Omni E MPI STD BS IV,Maruti,2017,210000,50000,Petrol
11141,New Safari DICOR 2.2 EX 4x2,Tata,2009,150000,120000,Diesel
11142,Omni CNG,Maruti,2007,45000,100000,CNG
11143,i20 Sportz 1.2,Hyundai,2015,516000,90000,Petrol
11144,i20 Sportz 1.2,Hyundai,2014,450000,80000,Petrol
11145,Spark 1.0 LS,Chevrolet,2012,134000,90000,Petrol
11146,Etios VD,Toyota,2014,509999,157000,Diesel
11147,Polo 1.2 MPI Comfortline,Volkswagen,2016,500000,20000,Petrol
11148,Zen Estilo 1.1 LXI BSIII,Maruti,2008,130000,80000,Petrol
11149,Swift ZDi BSIV,Maruti,2015,575000,60000,Diesel
11150,Elite i20 Sportz Plus BSIV,Hyundai,2015,550000,49000,Petrol
11151,Indica Vista Terra TDI BSIII,Tata,2009,145000,89255,Diesel
11152,Alto 800 LXI,Maruti,2020,347000,5000,Petrol
11153,Indica Vista Quadrajet VX,Tata,2013,275000,110000,Diesel
11154,Innova 2.5 V Diesel 8-seater,Toyota,2010,630000,200000,Diesel
11155,Beat Diesel,Chevrolet,2012,160000,90000,Diesel
11156,Grande Punto 1.3 Dynamic (Diesel),Fiat,2010,150000,63000,Diesel
11157,Mobilio S i VTEC,Honda,2015,550000,23000,Petrol
11158,Quanto C6,Mahindra,2013,349000,100000,Diesel
11159,Bolero DI DX 8 Seater,Mahindra,2004,229999,168000,Diesel
11160,Indica Vista Aqua 1.4 TDI,Tata,2008,110000,90000,Diesel
11161,Wagon R LXI Minor,Maruti,2008,110000,70000,Petrol
11162,KWID RXE,Renault,2018,245000,5550,Petrol
11163,Alto K10 VXI,Maruti,2014,180000,100000,Petrol
11164,Wagon R VXI BS IV,Maruti,2014,290000,80000,Petrol
11165,i20 Magna,Hyundai,2010,250000,40000,Petrol
11166,Indigo TDI,Tata,2010,150000,100000,Diesel
11167,800 AC BSII,Maruti,2004,55000,35000,Petrol
11168,Laura L n K 1.9 PD,Skoda,2006,500000,75000,Diesel
11169,Quanto C4,Mahindra,2013,290000,150000,Diesel
11170,Santro Magna AMT BSIV,Hyundai,2019,400000,16000,Petrol
11171,Alto STD,Maruti,2009,72000,70000,Petrol
11172,Ritz VDi,Maruti,2014,250000,115000,Diesel
11173,Swift AMT VXI,Maruti,2019,575000,25000,Petrol
11174,Seltos HTK Plus AT D,Kia,2019,1300000,10000,Diesel
11175,Santro Magna BSIV,Hyundai,2019,425000,15000,Petrol
11176,Eeco CNG 5 Seater AC BSIV,Maruti,2019,470000,10000,CNG
11177,Etios VX,Toyota,2012,220000,80000,Petrol
11178,Alto 800 LXI,Maruti,2020,310000,1700,Petrol
11179,Figo 1.5D Trend MT,Ford,2016,400000,45217,Diesel
11180,Vento Diesel Comfortline,Volkswagen,2012,215000,97000,Diesel
11181,EON Magna Plus,Hyundai,2018,310000,20000,Petrol
11182,Ciaz ZDi Plus SHVS,Maruti,2017,750000,50000,Diesel
11183,New Safari DICOR 2.2 EX 4x2,Tata,2009,204999,120000,Diesel
11184,Swift 1.3 VXi,Maruti,2010,260000,50000,Petrol
11185,Alto LXi,Maruti,2012,180000,40000,Petrol
11186,Renault Logan 1.5 DLE Diesel,Mahindra,2007,125000,110000,Diesel
11187,Swift VDI BSIV,Maruti,2014,420000,155000,Diesel
11188,Alto K10 LXI,Maruti,2011,220000,70000,Petrol
11189,Alto K10 2010-2014 VXI,Maruti,2010,200000,70000,Petrol
11190,Ikon 1.4 TDCi DuraTorq,Ford,2009,130000,100000,Diesel
11191,Tiago XT,Tata,2016,335000,41000,Petrol
11192,Endeavour Titanium Plus 4X4,Ford,2017,2650000,60000,Diesel
11193,Endeavour 3.2 Titanium AT 4X4,Ford,2018,2675000,56000,Diesel
11194,Endeavour Titanium Plus 4X4,Ford,2017,2675000,60000,Diesel
11195,City V AT,Honda,2011,434999,97000,Petrol
11196,City i VTEC S,Honda,2014,500000,60000,Petrol
11197,Alto K10 VXI Airbag,Maruti,2017,290000,60000,Petrol
11198,Ecosport 1.5 Ti VCT AT Titanium,Ford,2014,475000,48000,Petrol
11199,Swift Dzire VDi,Maruti,2009,270000,190000,Diesel
11200,Xcent 1.2 VTVT S,Hyundai,2019,600000,80000,Petrol
11201,i20 Asta 1.4 CRDi,Hyundai,2013,300000,70000,Diesel
11202,Jetta 2.0L TDI Comfortline,Volkswagen,2012,415000,80000,Diesel
11203,Vitara Brezza ZDi Plus AMT,Maruti,2018,800000,30000,Diesel
11204,Grand i10 Sportz,Hyundai,2016,420000,44440,Petrol
11205,Creta 1.6 CRDi SX Plus,Hyundai,2018,1250000,30000,Diesel
11206,Swift VDI BSIV,Maruti,2011,270000,120000,Diesel
11207,Grand i10 CRDi Sportz,Hyundai,2015,390000,80000,Diesel
11208,Laura Ambiente 2.0 TDI CR MT,Skoda,2012,400000,110000,Diesel
11209,Fiesta 1.4 ZXi Leather,Ford,2007,100000,170000,Petrol
11210,A6 2.7 TDI,Audi,2010,850000,46000,Diesel
11211,Cruze LTZ AT,Chevrolet,2012,359000,120000,Diesel
11212,Swift Dzire ZDI,Maruti,2015,470000,91365,Diesel
11213,Swift Dzire VDI,Maruti,2013,360000,90010,Diesel
11214,Ertiga VDI,Maruti,2013,250999,80000,Diesel
11215,Nano Lx BSIV,Tata,2012,45000,35000,Petrol
11216,Wagon R VXI BSII,Maruti,2006,75000,80000,Petrol
11217,Swift Dzire VDI,Maruti,2013,495000,31800,Diesel
11218,Wagon R CNG LXI,Maruti,2013,310000,59100,CNG
11219,Jazz 1.2 V i VTEC,Honda,2016,540000,31200,Petrol
11220,Ciaz VDi Plus SHVS,Maruti,2016,665000,51000,Diesel
11221,i20 Magna 1.4 CRDi (Diesel),Hyundai,2013,425000,22700,Diesel
11222,A4 2.0 TDI,Audi,2011,1295000,58000,Diesel
11223,Ciaz VDI SHVS,Maruti,2016,675000,50900,Diesel
11224,Vitara Brezza ZDi Plus Dual Tone,Maruti,2018,980000,10000,Diesel
11225,Beat Diesel LS,Chevrolet,2014,320000,60000,Diesel
11226,Ritz VXI,Maruti,2011,250000,80000,Petrol
11227,Baleno Zeta 1.3,Maruti,2016,600000,72000,Diesel
11228,Xcent 1.2 Kappa S,Hyundai,2016,300000,96000,Petrol
11229,Beat Diesel LS,Chevrolet,2014,305000,66000,Diesel
11230,New Safari DICOR 2.2 GX 4x2 BS IV,Tata,2012,270000,80000,Diesel
11231,Fluence 1.5,Renault,2012,300000,90000,Diesel
11232,Wagon R LXI Minor,Maruti,2009,106000,70000,Petrol
11233,Accent GLS 1.6 ABS,Hyundai,2006,90000,75000,Petrol
11234,Tiago 1.2 Revotron XZ,Tata,2019,539000,2417,Petrol
11235,Fiesta 1.4 ZXi TDCi ABS,Ford,2009,110000,100000,Diesel
11236,EON Era Plus Option,Hyundai,2016,250000,30000,Petrol
11237,i20 Asta (o),Hyundai,2009,300000,50000,Petrol
11238,Scorpio BSIV,Mahindra,2018,707000,60000,Diesel
11239,Getz GLS,Hyundai,2007,95000,120000,Petrol
11240,Eeco CNG 5 Seater AC BSIV,Maruti,2020,495000,7000,CNG
11241,Indigo TDI,Tata,2012,200000,35000,Diesel
11242,A-Star Vxi,Maruti,2009,110000,110000,Petrol
11243,Alto LXi,Maruti,2008,100000,130000,Petrol
11244,Alto 800 LX,Maruti,2016,150000,25000,Petrol
11245,Etios 1.5 V,Toyota,2016,509999,35000,Petrol
11246,Ikon 1.3 Flair,Ford,2005,50000,80000,Petrol
11247,Aveo 1.4,Chevrolet,2007,85000,70000,Petrol
11248,Grand i10 1.2 Kappa Magna BSIV,Hyundai,2018,475000,23000,Petrol
11249,Polo 1.2 MPI Highline,Volkswagen,2014,425000,40000,Petrol
11250,5 Series 530i,BMW,2006,480000,110000,Petrol
11251,S-Cross Delta DDiS 200 SH,Maruti,2019,950000,10000,Diesel
11252,Swift Dzire VDI,Maruti,2015,535000,80000,Diesel
11253,Verna CRDi SX ABS,Hyundai,2009,325000,25000,Diesel
11254,Wagon R Stingray VXI,Maruti,2013,270000,74000,Petrol
11255,Celerio VXI,Maruti,2015,300000,60000,Petrol
11256,Vento Diesel Trendline,Volkswagen,2011,325000,70000,Diesel
11257,New Safari DICOR 2.2 EX 4x2,Tata,2010,350000,100000,Diesel
11258,Verna CRDi SX,Hyundai,2008,229999,146000,Diesel
11259,Swift Dzire LDi,Maruti,2012,325000,120000,Diesel
11260,Wagon R LXI,Maruti,2005,70000,70000,Petrol
11261,Laura Ambiente,Skoda,2008,190000,120000,Diesel
11262,Cruze LTZ,Chevrolet,2011,345000,65500,Diesel
11263,Scorpio 1.99 S10,Mahindra,2016,1025000,70000,Diesel
11264,Alto 800 LXI,Maruti,2012,120000,50000,Petrol
11265,Alto LXi BSIII,Maruti,2009,114999,90000,Petrol
11266,City 1.5 S MT,Honda,2009,300000,120000,Petrol
11267,Celerio VXI,Maruti,2016,340000,56000,Petrol
11268,Wagon R LXI,Maruti,2005,90000,70000,Petrol
11269,Alto LX,Maruti,2006,150000,140300,Petrol
11270,Alto K10 2010-2014 VXI,Maruti,2010,115999,70000,Petrol
11271,Etios Liva 1.4 VD,Toyota,2017,425000,36000,Diesel
11272,Amaze VX O iDTEC,Honda,2017,550000,12997,Diesel
11273,Ciaz 1.4 AT Zeta,Maruti,2017,500000,40000,Petrol
11274,Quanto C8,Mahindra,2013,300000,25000,Diesel
11275,Verna CRDi 1.6 SX Option,Hyundai,2018,1150000,26430,Diesel
11276,Swift 1.3 VXI ABS,Maruti,2015,475000,24600,Petrol
11277,Wagon R LXI,Maruti,2011,260000,28481,Petrol
11278,Ecosport 1.0 Ecoboost Titanium Optional,Ford,2013,350000,100000,Petrol
11279,XUV500 W8 2WD,Mahindra,2013,750000,41988,Diesel
11280,KWID Climber 1.0 AMT BSIV,Renault,2017,350000,7658,Petrol
11281,Wagon R LXI,Maruti,2009,180000,30375,Petrol
11282,Swift Dzire VDI,Maruti,2017,611000,34400,Diesel
11283,KWID RXL BSIV,Renault,2017,325000,18500,Petrol
11284,EON 1.0 Era Plus,Hyundai,2012,225000,48000,Petrol
11285,Wagon R AMT VXI,Maruti,2014,300000,28942,Petrol
11286,Bolero Power Plus SLX,Mahindra,2017,400000,50000,Diesel
11287,XUV500 W8 2WD,Mahindra,2012,711000,53600,Diesel
11288,Innova 2.5 G (Diesel) 8 Seater,Toyota,2015,851000,53652,Diesel
11289,Wagon R VXI,Maruti,2016,375000,23000,Petrol
11290,Zen Estilo LXI BSIII,Maruti,2007,275000,10211,Petrol
11291,Scorpio 2.6 SLX Turbo 7 Seater,Mahindra,2005,120000,120000,Diesel
11292,Celerio ZDi,Maruti,2015,350000,120000,Diesel
11293,Celerio ZXI,Maruti,2017,409999,35000,Petrol
11294,Verna 1.6 SX,Hyundai,2012,500000,130000,Diesel
11295,Sunny Diesel XL,Nissan,2013,220000,90000,Diesel
11296,Fiesta 1.6 Duratec EXI Ltd,Ford,2008,120000,80000,Petrol
11297,Santro Xing XK,Hyundai,2007,70000,55000,Petrol
11298,Swift Dzire ZXI Plus,Maruti,2017,800000,15000,Petrol
11299,Swift Dzire VDI,Maruti,2014,450000,260000,Diesel
11300,Scorpio SLE BSIV,Mahindra,2012,525000,145000,Diesel
11301,GO Plus Remix Limited Edition,Datsun,2016,300000,35000,Petrol
11302,i10 Magna,Hyundai,2008,195000,56000,Petrol
11303,Fiesta Classic 1.4 SXI Duratorq,Ford,2007,130000,98000,Diesel
11304,Etios VD,Toyota,2011,300000,135000,Diesel
11305,Alto VXi,Maruti,2002,120000,60000,Petrol
11306,Innova 2.5 G3,Toyota,2010,450000,120000,Diesel
11307,Indigo LS,Tata,2010,160000,102000,Diesel
11308,Bolero Power Plus Plus AC BSIV PS,Mahindra,2018,800000,35000,Diesel
11309,800 AC,Maruti,2013,100000,80000,Petrol
11310,Polo GTI,Volkswagen,2017,825000,13599,Petrol
11311,Alto 800 LXI,Maruti,2015,265000,32933,Petrol
11312,Wagon R LXI,Maruti,2008,175000,54551,Petrol
11313,Omni 8 Seater BSIV,Maruti,2014,250999,57112,Petrol
11314,Xcent 1.2 VTVT S AT,Hyundai,2015,471000,41025,Petrol
11315,Swift Dzire LDI,Maruti,2019,650000,5000,Diesel
11316,Swift Dzire LDI,Maruti,2019,650000,5000,Diesel
11317,EON Magna,Hyundai,2012,225000,53122,Petrol
11318,Alto 800 LXI CNG,Maruti,2013,245000,64111,CNG
11319,Ritz LXi,Maruti,2011,221000,78892,Petrol
11320,i20 1.2 Asta,Hyundai,2011,271000,74113,Petrol
11321,Wagon R VXI,Maruti,2012,290000,80000,Petrol
11322,Swift VXi BSIV,Maruti,2017,525000,39000,Petrol
11323,Vento 1.6 Highline,Volkswagen,2012,377000,84775,Petrol
11324,Nano LX SE,Tata,2012,95000,20778,Petrol
11325,Ertiga VDI,Maruti,2015,763000,64441,Diesel
11326,Amaze S i-Vtech,Honda,2015,450000,43192,Petrol
11327,Nano Twist XE,Tata,2014,140000,44416,Petrol
11328,Ciaz VDi Plus SHVS,Maruti,2016,701000,79991,Diesel
11329,Micra Diesel XV,Nissan,2011,277000,62601,Diesel
11330,Baleno Delta Automatic,Maruti,2018,520000,50000,Petrol
11331,Figo Aspire 1.5 TDCi Ambiente ABS,Ford,2017,550000,100000,Diesel
11332,Vento Diesel Highline,Volkswagen,2011,260000,97000,Diesel
11333,Pulse RxZ,Renault,2015,420000,100000,Diesel
11334,1.4 GL,OpelCorsa,2002,35000,100000,Petrol
11335,XUV500 W7 BSIV,Mahindra,2018,1150000,20000,Diesel
11336,Ciaz 1.4 Zeta,Maruti,2017,680000,46000,Petrol
11337,Swift VDI,Maruti,2012,425000,40000,Diesel
11338,Swift Dzire LDI,Maruti,2014,450000,70000,Diesel
11339,Innova 2.5 GX (Diesel) 8 Seater BS IV,Toyota,2008,590000,89600,Diesel
11340,Jetta 1.4 TSI Comfortline,Volkswagen,2017,936999,60800,Petrol
11341,Mobilio S i DTEC,Honda,2015,420000,104000,Diesel
11342,Polo 1.5 TDI Highline,Volkswagen,2014,450000,80000,Diesel
11343,800 AC,Maruti,2004,40000,69111,Petrol
11344,Innova 2.5 G (Diesel) 8 Seater,Toyota,2014,520000,70000,Diesel
11345,800 AC,Maruti,2007,80000,120000,Petrol
11346,Nano CX,Tata,2014,55000,40000,Petrol
11347,Bolero DI DX 7 Seater,Mahindra,2001,80000,100000,Diesel
11348,Alto 800 LXI,Maruti,2019,210000,20000,Petrol
11349,Figo Petrol Titanium,Ford,2015,300000,50000,Petrol
11350,Tiago 1.05 Revotorq XM,Tata,2017,260000,50000,Diesel
11351,Zest Quadrajet 1.3,Tata,2016,250000,70000,Diesel
11352,Indica Vista Aqua TDI BSIII,Tata,2008,80000,90000,Diesel
11353,Innova 2.5 GX (Diesel) 7 Seater BS IV,Toyota,2010,450000,150000,Diesel
11354,Innova 2.5 G (Diesel) 8 Seater BS IV,Toyota,2005,310000,120000,Diesel
11355,Innova 2.5 GX (Diesel) 8 Seater,Toyota,2012,500000,100000,Diesel
11356,Ertiga SHVS VDI,Maruti,2016,800000,70000,Diesel
11357,Creta 1.6 CRDi SX,Hyundai,2016,840000,70000,Diesel
11358,Amaze S i-Vtech,Honda,2016,490000,50000,Petrol
11359,Indica Vista Aqua 1.4 TDI,Tata,2010,125000,81000,Diesel
11360,Tavera Neo 2 LS B4 7 Str BSIII,Chevrolet,2012,400000,120000,Diesel
11361,Cruze LTZ,Chevrolet,2015,1000000,3600,Diesel
11362,Figo Aspire 1.2 Ti-VCT Titanium Plus,Ford,2015,530000,14272,Petrol
11363,EcoSport 1.5 Diesel Titanium Plus BSIV,Ford,2017,840000,49213,Diesel
11364,i10 Sportz 1.1L,Hyundai,2015,229999,40000,Petrol
11365,800 Std,Maruti,1998,40000,40000,Petrol
11366,Spark 1.0 LS,Chevrolet,2012,130000,80000,Petrol
11367,EON Era Plus,Hyundai,2015,200000,70000,Petrol
11368,Indica Vista Aqua TDI BSIII,Tata,2011,120000,70000,Diesel
11369,Santro LP zipPlus,Hyundai,2003,75000,57000,Petrol
11370,Bolt Quadrajet XE,Tata,2016,250000,120000,Diesel
11371,800 AC BSIII,Maruti,2005,100000,30000,Petrol
11372,EON Era Plus,Hyundai,2013,280000,3240,Petrol
11373,i20 Magna 1.2,Hyundai,2015,540000,5000,Petrol
11374,i20 1.2 Asta,Hyundai,2018,700000,10000,Petrol
11375,Figo Petrol EXI,Ford,2014,350000,90000,Petrol
11376,SX4 VDI,Maruti,2011,320000,100000,Diesel
11377,Amaze S i-DTEC,Honda,2016,475000,90000,Diesel
11378,Manza Aura (ABS) Quadrajet BS IV,Tata,2011,220000,140000,Diesel
11379,Micra Diesel XV Premium,Nissan,2013,210000,13770,Diesel
11380,Ikon 1.3 Flair,Ford,2005,61000,4637,Petrol
11381,Superb Elegance 2.0 TDI CR AT,Skoda,2009,355000,100000,Diesel
11382,Beat Diesel LT,Chevrolet,2012,150000,60000,Diesel
11383,Indica Vista Quadrajet LX,Tata,2011,133000,80000,Diesel
11384,Cruze LTZ AT,Chevrolet,2015,650000,50000,Diesel
11385,Micra XL,Nissan,2014,210000,40000,Petrol
11386,Beat Diesel LS,Chevrolet,2013,130000,93900,Diesel
11387,800 AC,Maruti,2007,60000,70000,Petrol
11388,Scorpio 2.6 SLX Turbo 7 Seater,Mahindra,2005,120000,120000,Diesel
11389,5 Series 520d Luxury Line,BMW,2017,2900000,40000,Diesel
11390,Accent CRDi,Hyundai,2005,100000,120000,Diesel
11391,Zen VXi - BS III,Maruti,2004,79000,80000,Petrol
11392,Beat Diesel LS,Chevrolet,2012,120000,110000,Diesel
11393,Zen LXi - BS III,Maruti,2005,125000,34000,Petrol
11394,Enjoy 1.3 TCDi LS 8,Chevrolet,2013,425000,20000,Diesel
11395,Wagon R LXI,Maruti,2001,70000,117000,Petrol
11396,Swift VXI,Maruti,2020,619000,1500,Petrol
11397,Micra XL,Nissan,2017,415000,48965,Petrol
11398,EON Era Plus Option,Hyundai,2014,265000,55000,Petrol
11399,Indica GLS BS IV,Tata,2008,70000,60000,Petrol
11400,Sail Hatchback 1.3 TCDi,Chevrolet,2015,281000,40000,Diesel
11401,Indigo Grand Dicor,Tata,2013,211000,80000,Diesel
11402,Elite i20 Petrol Magna Exective,Hyundai,2018,550000,11000,Petrol
11403,Enjoy TCDi LT 8 Seater,Chevrolet,2014,350000,110000,Diesel
11404,Wagon R VXI AMT,Maruti,2017,420000,19890,Petrol
11405,KWID RXT,Renault,2015,270000,20969,Petrol
11406,Celerio VXI,Maruti,2016,399000,20194,Petrol
11407,Figo Trend,Ford,2016,440000,34982,Petrol
11408,EON Magna,Hyundai,2012,250000,44588,Petrol
11409,Ecosport 1.5 Diesel Titanium,Ford,2016,650000,57904,Diesel
11410,Alto K10 VXI,Maruti,2015,270000,59258,Petrol
11411,Figo Trend,Ford,2016,390000,60826,Petrol
11412,XUV500 W10 2WD,Mahindra,2018,1500000,50000,Diesel
11413,800 AC,Maruti,2014,225000,35000,Petrol
11414,XUV500 W8 2WD,Mahindra,2015,900000,110000,Diesel
11415,Tucson 2.0 e-VGT 2WD AT GL,Hyundai,2018,1600000,40000,Diesel
11416,Nexon 1.2 Revotron XZ Plus Dual Tone,Tata,2019,800000,10000,Petrol
11417,Amaze E i-Dtech,Honda,2013,320000,50000,Diesel
11418,Alto 800 LXI,Maruti,2016,300000,25000,Petrol
11419,i20 1.2 Asta Dual Tone,Hyundai,2018,740000,25000,Petrol
11420,RediGO SV 1.0,Datsun,2019,350000,1300,Petrol
11421,GO T BSIV,Datsun,2014,280000,40000,Petrol
11422,Swift Dzire AMT VDI,Maruti,2018,675000,50000,Diesel
11423,i10 Era 1.1 iTech SE,Hyundai,2011,300000,20000,Petrol
11424,Captiva 2.0L VCDi,Chevrolet,2011,400000,76000,Diesel
11425,Scorpio VLX 2WD BSIV,Mahindra,2010,420000,100000,Diesel
11426,New Safari 3L Dicor LX 4x2,Tata,2008,300000,120000,Diesel
11427,Wagon R VXI Minor,Maruti,2010,170000,70000,Petrol
11428,EON Era Plus,Hyundai,2014,210000,70000,Petrol
11429,Ertiga VDI,Maruti,2015,600000,60000,Diesel
11430,Wagon R VXI BS IV,Maruti,2014,260000,38000,Petrol
11431,Nano Twist XT,Tata,2015,82000,19000,Petrol
11432,TUV 300 T8,Mahindra,2016,690000,75000,Diesel
11433,Grand i10 CRDi Asta,Hyundai,2015,300000,70000,Diesel
11434,BRV i-DTEC V MT,Honda,2017,1250000,30000,Diesel
11435,Verna CRDi 1.6 EX,Hyundai,2017,799000,31707,Diesel
11436,Fortuner 3.0 Diesel,Toyota,2010,1000000,180000,Diesel
11437,Alto 800 LXI,Maruti,2014,190000,90000,Petrol
11438,Verito 1.5 D2 BSIII,Mahindra,2014,250000,30000,Diesel
11439,Verna 1.6 i ABS,Hyundai,2009,200000,60000,Petrol
11440,Bolero DI,Mahindra,2005,300000,90000,Diesel
11441,Zest Revotron 1.2T XMS,Tata,2015,250000,120000,Petrol
11442,800 AC,Maruti,2008,90000,70000,Petrol
11443,Santro LE zipPlus,Hyundai,2001,68000,70000,Petrol
11444,Grand i10 1.2 Kappa Asta,Hyundai,2017,500000,26500,Petrol
11445,Verna CRDi 1.6 SX,Hyundai,2017,900000,50000,Diesel
11446,Alto LX,Maruti,2007,100000,52000,Petrol
11447,Duster 85PS Diesel RxL,Renault,2016,700000,160000,Diesel
11448,XC60 D3 Kinetic,Volvo,2012,1750000,115992,Diesel
11449,Wagon R VXI Optional,Maruti,2017,290000,110000,Petrol
11450,Innova 2.5 Z Diesel 7 Seater BS IV,Toyota,2014,1050000,97000,Diesel
11451,Indigo LX Dicor,Tata,2008,70000,100000,Diesel
11452,Swift ZDi BSIV,Maruti,2016,520000,41000,Diesel
11453,Indigo LS,Tata,2012,150000,90000,Diesel
11454,i10 Magna 1.1,Hyundai,2008,120000,90000,Petrol
11455,i20 Asta Option 1.2,Hyundai,2016,600000,25000,Petrol
11456,Xenon XT EX 4X4,Tata,2010,150000,70000,Diesel
11457,Vento Petrol Highline,Volkswagen,2011,400000,60000,Petrol
11458,Alto 800 LXI,Maruti,2015,310000,30000,Petrol
11459,Baleno Alpha 1.2,Maruti,2015,550000,30000,Petrol
11460,i20 Asta Option 1.4 CRDi,Hyundai,2016,550000,60000,Diesel
11461,Grand i10 CRDi Magna,Hyundai,2013,320000,73000,Diesel
11462,800 AC BSII,Maruti,1992,50000,100000,Petrol
11463,Grand i10 1.2 Kappa Asta,Hyundai,2018,500000,32000,Petrol
11464,KWID RXT,Renault,2018,360000,26500,Petrol
11465,Vitara Brezza VDi Option,Maruti,2017,700000,50000,Diesel
11466,Ertiga VDI,Maruti,2012,700000,110000,Diesel
11467,i20 1.4 Sportz,Hyundai,2017,655000,84000,Diesel
11468,Vitara Brezza VDi Option,Maruti,2017,700000,50000,Diesel
11469,Beat LT LPG,Chevrolet,2011,200000,110000,LPG
11470,Duster 85PS Diesel RxL Optional,Renault,2012,375000,150000,Diesel
11471,Verna 1.6 SX,Hyundai,2012,470000,109052,Diesel
11472,Ciaz VDi,Maruti,2015,550000,90658,Diesel
11473,Amaze VX i-DTEC,Honda,2014,500000,110000,Diesel
11474,GO T Option BSIV,Datsun,2015,210000,25000,Petrol
11475,Eeco 7 Seater Standard BSIV,Maruti,2018,270000,20000,Petrol
11476,Superb 1.8 TFSI MT,Skoda,2010,300000,80000,Petrol
11477,Wagon R VXI Minor,Maruti,2007,80000,60000,Petrol
11478,E-Class E250 Edition E,Mercedes-Benz,2013,1451000,81000,Diesel
11479,Safari Storme VX Varicor 400,Tata,2018,1085000,15000,Diesel
11480,Verna SX AT Diesel,Hyundai,2009,245000,75000,Diesel
11481,WR-V i-VTEC VX,Honda,2017,700000,25552,Petrol
11482,EON Magna Plus,Hyundai,2018,300000,20000,Petrol
11483,Xcent 1.2 CRDi E,Hyundai,2017,350000,80000,Diesel
11484,Elite i20 Asta Option CVT BSIV,Hyundai,2017,635000,25000,Petrol
11485,City S,Honda,2012,325000,40700,Petrol
11486,XUV500 AT W10 1.99 mHawk,Mahindra,2017,1150000,65500,Diesel
11487,Indigo GLE BSIII,Tata,2008,110000,42000,Petrol
11488,City 1.5 V MT,Honda,2018,890000,8000,Petrol
11489,Swift 1.3 LXI,Maruti,2007,73000,80000,Petrol
11490,Beat PS,Chevrolet,2014,170000,77000,Petrol
11491,Ciaz ZXi Plus,Maruti,2016,750000,6000,Petrol
11492,EON 1.0 Era Plus,Hyundai,2017,280000,28838,Petrol
11493,Baleno Alpha 1.2,Maruti,2018,690000,11174,Petrol
11494,Indigo GLS,Tata,2008,130000,120000,Petrol
11495,Swift 1.3 LXI,Maruti,2007,73000,80000,Petrol
11496,Santro Xing GLS,Hyundai,2007,85000,85000,Petrol
11497,Elantra 2.0 SX AT,Hyundai,2018,1575000,10000,Petrol
11498,Sunny Diesel XV,Nissan,2013,325000,105000,Diesel
11499,City 1.3 EXI,Honda,1998,85000,120000,Petrol
11500,Verna 1.6 CRDI SX Option,Hyundai,2018,860000,30000,Diesel
11501,S-Cross Sigma DDiS 200 SH,Maruti,2017,690000,41000,Diesel
11502,Elantra CRDi S,Hyundai,2013,650000,54000,Diesel
11503,Sail LS ABS,Chevrolet,2014,375000,40000,Diesel
11504,Verna 1.6 SX CRDi (O),Hyundai,2013,525000,71000,Diesel
11505,Eeco Smiles 5 Seater AC,Maruti,2016,330000,72500,Petrol
11506,Eeco Smiles 5 Seater AC,Maruti,2013,280000,76600,Petrol
11507,Swift ZXI,Maruti,2014,470000,40000,Petrol
11508,Polo Diesel Trendline 1.2L,Volkswagen,2011,350000,110000,Diesel
11509,City 1.5 V Elegance,Honda,2012,480000,63000,Petrol
11510,Verna 1.6 CRDi SX,Hyundai,2016,620000,60000,Diesel
11511,GO T BSIV,Datsun,2014,250000,58000,Petrol
11512,Spark 1.0,Chevrolet,2010,78692,80000,Petrol
11513,i20 Magna Optional 1.4 CRDi,Hyundai,2012,350000,80000,Diesel
11514,Wagon R LX Minor,Maruti,2013,250000,70000,Petrol
11515,i20 1.2 Sportz,Hyundai,2011,260000,97700,Petrol
11516,Mobilio S i DTEC,Honda,2016,640000,36000,Diesel
11517,New Safari DICOR 2.2 EX 4x2,Tata,2008,220000,90000,Diesel
11518,Vento 1.5 TDI Highline,Volkswagen,2015,465000,130000,Diesel
11519,Swift Vdi BSIII,Maruti,2010,229999,120000,Diesel
11520,Wagon R VXI BS IV,Maruti,2018,425000,15000,Petrol
11521,Indica GLS BS IV,Tata,2008,95000,120000,Petrol
11522,EON LPG Magna Plus,Hyundai,2012,170000,170000,LPG
11523,RediGO T Option,Datsun,2016,229999,37500,Petrol
11524,800 Std,Maruti,1999,45000,50000,Petrol
11525,Grand Vitara MT,Maruti,2007,479000,145000,Petrol
11526,KUV 100 mFALCON G80 K8 5str,Mahindra,2016,370000,60000,Petrol
11527,EON Sportz,Hyundai,2016,340000,30000,Petrol
11528,Swift Dzire ZXI,Maruti,2016,620000,35000,Petrol
11529,Manza Club Class Quadrajet90 EX,Tata,2012,270000,60000,Diesel
11530,Tiago 1.05 Revotorq XZ Plus,Tata,2018,400000,35000,Diesel
11531,Wagon R VXI Optional,Maruti,2015,260000,40000,Petrol
11532,Santro LE zipPlus,Hyundai,2003,48000,50000,Petrol
11533,Nano Twist XE,Tata,2015,100000,23800,Petrol
11534,Terrano XL Plus 85 PS,Nissan,2015,490000,70000,Diesel
11535,Wagon R Duo Lxi,Maruti,2010,120000,90000,LPG
11536,i10 Era,Hyundai,2008,125000,102000,Petrol
11537,EON Era Plus,Hyundai,2013,160000,80000,Petrol
11538,Alto 800 LXI,Maruti,2019,190000,5000,Petrol
11539,Harrier XZ BSIV,Tata,2019,1700000,10000,Diesel
11540,i10 Sportz,Hyundai,2011,250000,50000,Petrol
11541,Ignis 1.2 Delta BSIV,Maruti,2019,500000,15000,Petrol
11542,Corolla Altis 1.8 J,Toyota,2008,400000,35000,Petrol
11543,Linea T Jet Plus,Fiat,2011,500000,20000,Petrol
11544,Fortuner 4x2 AT,Toyota,2014,1800000,99000,Diesel
11545,Civic 1.8 V MT,Honda,2008,320000,90000,Petrol
11546,Civic 1.8 S AT,Honda,2007,250000,47000,Petrol
11547,Figo Diesel Titanium,Ford,2010,105000,90000,Diesel
11548,i20 Active 1.2 SX,Hyundai,2018,550000,20000,Petrol
11549,Grand i10 1.2 Kappa Sportz AT,Hyundai,2019,600000,1100,Petrol
11550,Alto 800 VXI,Maruti,2020,210000,40000,Petrol
11551,Alto 800 LXI Airbag,Maruti,2012,210000,15000,Petrol
11552,Alto LXi,Maruti,2009,150000,40000,Petrol
11553,i10 Era 1.1,Hyundai,2008,125000,60000,Petrol
11554,Celerio VXI,Maruti,2016,380000,20000,Petrol
11555,Baleno Delta 1.2,Maruti,2019,600000,5000,Petrol
11556,Swift VXI Deca,Maruti,2016,490000,27000,Petrol
11557,Swift Dzire LDI,Maruti,2018,545000,38000,Diesel
11558,Wagon R VXI BS IV,Maruti,2015,250000,25000,Petrol
11559,Venue SX Opt Turbo BSIV,Hyundai,2020,1050000,1100,Petrol
11560,Wagon R LX Minor,Maruti,2007,100000,100000,Petrol
11561,Figo Diesel ZXI,Ford,2014,250000,100000,Diesel
11562,Wagon R LX BSIII,Maruti,2007,100000,110000,Petrol
11563,Figo 1.5D Ambiente ABS MT,Ford,2016,350000,60000,Diesel
11564,Duster 110PS Diesel RxZ Plus,Renault,2012,370000,70000,Diesel
11565,Zen VXi - BS III,Maruti,2004,121000,110000,Petrol
11566,Figo Aspire 1.5 Ti-VCT Titanium,Ford,2017,570000,44077,Petrol
11567,Ertiga SHVS VDI,Maruti,2017,785000,24000,Diesel
11568,Ciaz S 1.3,Maruti,2018,850000,30000,Diesel
11569,Wagon R VXI BS IV,Maruti,2016,375000,30000,Petrol
11570,Baleno Alpha 1.2,Maruti,2017,619000,40000,Petrol
11571,Cruze LTZ,Chevrolet,2011,335000,90000,Diesel
11572,Innova 2.5 G (Diesel) 8 Seater BS IV,Toyota,2006,500000,50000,Diesel
11573,Wagon R LX,Maruti,2003,60000,100000,Petrol
11574,Zen Estilo VXI BSIV,Maruti,2010,130000,50000,Petrol
11575,Ingenio CRDe,Mahindra,2015,210000,210000,Diesel
11576,Innova Crysta 2.4 VX MT 8S BSIV,Toyota,2019,1900000,20000,Diesel
11577,Indigo TDI,Tata,2013,270000,70000,Diesel
11578,Wagon R LXI Minor,Maruti,2010,225000,100000,Petrol
11579,SX4 ZXI MT BSIV,Maruti,2011,150000,160000,Petrol
11580,Beat Diesel LT,Chevrolet,2013,173000,70000,Diesel
11581,5 Series 520d Luxury Line,BMW,2018,4800000,9422,Diesel
11582,Vento 1.5 Highline Plus AT 16 Alloy,Volkswagen,2017,710000,110000,Diesel
11583,Corolla Altis 1.8 GL,Toyota,2019,1500000,20000,Petrol
11584,Baleno Zeta 1.2,Maruti,2017,550000,20000,Petrol
11585,800 AC BSIII,Maruti,2008,58000,70000,Petrol
11586,A4 1.8 TFSI,Audi,2012,1200000,60000,Petrol
11587,Scorpio M2DI,Mahindra,2013,500000,150000,Diesel
11588,Swift LXi BSIV,Maruti,2009,120000,83000,Petrol
11589,Innova 2.5 EV Diesel PS 7 Seater BSIII,Toyota,2012,300000,250000,Diesel
11590,EON Era Plus,Hyundai,2018,300000,30000,Petrol
11591,GO Plus T Option BSIV,Datsun,2015,295000,21000,Petrol
11592,Ertiga VXI CNG,Maruti,2018,587000,80000,CNG
11593,Grand 1800 ISZ MPFI PW CL,Ambassador,2012,430000,50000,Petrol
11594,Verna i (Petrol),Hyundai,2007,123000,50000,Petrol
11595,Laura Ambiente 2.0 TDI CR AT,Skoda,2012,450000,48500,Diesel
11596,Wagon R LXI Minor,Maruti,2007,130000,60000,Petrol
11597,Indica Vista Aqua 1.4 TDI,Tata,2010,110000,90000,Diesel
11598,Xylo Celebration Edition BSIV,Mahindra,2010,200000,240000,Diesel
11599,Grand i10 Magna,Hyundai,2015,320000,70000,Petrol
11600,Wagon R LXI BS IV,Maruti,2014,300000,50000,Petrol
11601,CrossPolo 1.2 MPI,Volkswagen,2016,350000,110000,Petrol
11602,Ertiga VXI Petrol,Maruti,2018,800000,50000,Petrol
11603,Xcent 1.1 CRDi S,Hyundai,2016,270000,175000,Diesel
11604,i20 1.2 Magna Executive,Hyundai,2017,540000,60000,Petrol
11605,Wagon R LXI CNG,Maruti,2011,160000,60000,CNG
11606,SX4 VDI,Maruti,2013,340000,100000,Diesel
11607,Eeco 5 Seater AC BSIV,Maruti,2017,350000,40000,Petrol
11608,Vento Diesel Style Limited Edition,Volkswagen,2011,300000,100000,Diesel
11609,Ritz VDi,Maruti,2013,330000,63000,Diesel
11610,Wagon R LXI CNG,Maruti,2016,325000,80000,CNG
11611,Swift Dzire VDI,Maruti,2013,250000,55000,Diesel
11612,Swift Star VDI,Maruti,2013,250000,55000,Diesel
11613,Beat LT Option,Chevrolet,2015,240000,60000,Petrol
11614,Grand i10 1.2 Kappa Magna BSIV,Hyundai,2020,545000,5000,Petrol
11615,i10 Magna 1.1 iTech SE,Hyundai,2015,300000,48000,Petrol
11616,Beat LT,Chevrolet,2010,130000,80000,Petrol
11617,KWID RXT,Renault,2017,240000,50000,Petrol
11618,KWID 1.0 RXT Optional,Renault,2018,360000,15000,Petrol
11619,i20 1.4 CRDi Magna,Hyundai,2012,250000,70000,Diesel
11620,Laura Elegance 2.0 TDI CR AT,Skoda,2019,475000,105000,Diesel
11621,i20 Asta Option 1.4 CRDi,Hyundai,2016,600000,50000,Diesel
11622,Indigo CR4,Tata,2010,150000,80000,Diesel
11623,EcoSport 1.5 Diesel Trend BSIV,Ford,2017,700000,50000,Diesel
11624,XUV500 W6 2WD,Mahindra,2016,1290000,5000,Diesel
11625,Santro Xing XG,Hyundai,2004,80000,58000,Petrol
11626,Grand i10 Sportz,Hyundai,2015,425000,12000,Petrol
11627,Celerio ZXI AMT BSIV,Maruti,2018,500000,10000,Petrol
11628,Santro Xing GLS,Hyundai,2012,193000,45000,Petrol
11629,City i VTEC V,Honda,2015,800000,10000,Petrol
11630,Wagon R LXI Minor,Maruti,2008,150000,50000,Petrol
11631,800 AC,Maruti,2002,80000,40000,Petrol
11632,Figo Diesel EXI,Ford,2010,130000,100000,Diesel
11633,Figo Diesel EXI,Ford,2012,280000,80000,Diesel
11634,Xylo D2 BS IV,Mahindra,2011,229999,110000,Diesel
11635,Zen Estilo VXI BSIII,Maruti,2008,80000,120000,Petrol
11636,Nano Cx BSIII,Tata,2010,70000,10000,Petrol
11637,Ritz VDi,Maruti,2013,240000,60000,Diesel
11638,Xylo E8,Mahindra,2010,380000,72000,Diesel
11639,Ritz VDi,Maruti,2013,240000,60000,Diesel
11640,Santro Xing XO,Hyundai,2006,80000,110000,Petrol
11641,i10 Era,Hyundai,2013,265000,50000,Petrol
11642,EON Magna Plus Option,Hyundai,2018,320000,25000,Petrol
11643,Terrano XL 110 PS,Nissan,2014,500000,120000,Diesel
11644,Creta 1.6 CRDi SX Option,Hyundai,2016,1300000,55000,Diesel
11645,Scorpio S11 BSIV,Mahindra,2018,1500000,35000,Diesel
11646,Innova Crysta 2.8 ZX AT BSIV,Toyota,2016,1800000,110000,Diesel
11647,XUV500 W6 2WD,Mahindra,2014,600000,80000,Diesel
11648,Tiago 1.2 Revotron XT,Tata,2018,420000,80000,Petrol
11649,Zen Estilo LXI BS IV,Maruti,2009,140000,120000,Petrol
11650,Laura Ambiente 2.0 TDI CR MT,Skoda,2010,300000,100000,Diesel
11651,Santro Xing XL eRLX Euro III,Hyundai,2006,100000,60000,Petrol
11652,Alto K10 VXI,Maruti,2017,350000,25000,Petrol
11653,EcoSport 1.5 Ti VCT MT Titanium BE BSIV,Ford,2018,850000,19000,Petrol
11654,Alto LX,Maruti,2008,140000,54000,Petrol
11655,Aspire Titanium Plus BSIV,Ford,2015,550000,17100,Petrol
11656,Grand i10 Asta Option AT,Hyundai,2017,525000,19000,Petrol
11657,Ecosport 1.5 DV5 MT Titanium,Ford,2015,470000,146000,Diesel
11658,Endeavour 3.0L 4X4 AT,Ford,2013,900000,98000,Diesel
11659,Endeavour 2.5L 4X2,Ford,2011,500000,224642,Diesel
11660,Zen LXI,Maruti,1998,80000,120000,Petrol
11661,Verito 1.5 D2 BSIII,Mahindra,2011,175000,175000,Diesel
11662,XUV500 AT W10 AWD,Mahindra,2017,1350000,15000,Diesel
11663,Duster 110PS Diesel RxZ,Renault,2017,800000,50000,Diesel
11664,RediGO 1.0 S,Datsun,2017,250000,15000,Petrol
11665,Ignis 1.2 AMT Alpha BSIV,Maruti,2018,700000,25000,Petrol
11666,Nexon 1.5 Revotorq XM,Tata,2019,800000,25000,Diesel
11667,XUV500 W6 2WD,Mahindra,2013,660000,69000,Diesel
11668,Swift VDI BSIV,Maruti,2015,465000,60000,Diesel
11669,Scorpio 2.6 CRDe,Mahindra,2006,180000,222435,Diesel
11670,Swift Dzire VDI,Maruti,2017,600000,66000,Diesel
11671,Fiesta 1.4 ZXi Duratec,Ford,2010,150000,110000,Petrol
11672,Verna 1.6 SX,Hyundai,2014,450000,78000,Diesel
11673,Elite i20 Sportz Plus BSIV,Hyundai,2019,721000,10000,Petrol
11674,Swift 1.2 DLX,Maruti,2018,300000,35000,Petrol
11675,Scorpio BSIV,Mahindra,2019,1000000,10000,Diesel
11676,KWID RXT,Renault,2016,300000,40000,Petrol
11677,Scorpio LX,Mahindra,2013,450000,120000,Diesel
11678,Esteem AX,Maruti,1997,79000,70000,Petrol
11679,Figo 1.5D Trend MT,Ford,2017,545000,40000,Diesel
11680,Amaze V Diesel BSIV,Honda,2018,844999,20000,Diesel
11681,Rapid 1.5 TDI Ambition,Skoda,2016,700000,93000,Diesel
11682,Etios VD,Toyota,2016,650000,159000,Diesel
11683,Ecosport 1.5 DV5 MT Titanium,Ford,2014,525000,75000,Diesel
11684,Fiesta Classic 1.4 SXI Duratorq,Ford,2006,110000,101100,Diesel
11685,Indica Vista Aqua 1.3 Quadrajet BSIV,Tata,2011,180000,66000,Diesel
11686,i10 Era,Hyundai,2012,280000,30000,Petrol
11687,KWID 1.0 RXT Optional,Renault,2019,400000,10000,Petrol
11688,XUV500 W8 4WD,Mahindra,2012,625000,126000,Diesel
11689,Vento 1.5 TDI Highline,Volkswagen,2015,535000,70000,Diesel
11690,Swift VDI Optional,Maruti,2017,459999,50000,Diesel
11691,Bolero DI,Mahindra,2010,300000,100000,Diesel
11692,Civic 1.8 V AT,Honda,2007,280000,60000,Petrol
11693,Mobilio V i VTEC,Honda,2014,500000,70000,Petrol
11694,Creta 1.6 SX,Hyundai,2019,1200000,1200,Petrol
11695,KWID RXT,Renault,2016,300000,40000,Petrol
11696,Manza ELAN Quadrajet BS IV,Tata,2011,180000,80000,Diesel
11697,i10 Sportz AT,Hyundai,2011,180000,134444,Petrol
11698,Alto LXi,Maruti,2009,78000,120000,Petrol
11699,Micra Diesel XV Premium,Nissan,2011,160000,120000,Diesel
11700,Scorpio VLX 2WD AIRBAG BSIV,Mahindra,2014,600000,238000,Diesel
11701,Wagon R LXI Minor,Maruti,2008,110000,100000,Petrol
11702,Bolero SLX 4WD BSIII,Mahindra,2011,450000,110000,Diesel
11703,Scorpio S9 BSIV,Mahindra,2019,1350000,35000,Diesel
11704,City 1.3 DX,Honda,2003,120000,165000,Petrol
11705,BR-V i-DTEC VX MT,Honda,2018,1040000,42000,Diesel
11706,Grand i10 CRDi Sportz,Hyundai,2014,390000,70000,Diesel
11707,Nano Lx BSIII,Tata,2011,65000,60000,Petrol
11708,Polo Diesel Highline 1.2L,Volkswagen,2013,320000,115000,Diesel
11709,Ameo 1.5 TDI Highline,Volkswagen,2017,720000,70000,Diesel
11710,Swift ZXI ABS,Maruti,2007,220000,80000,Petrol
11711,Wagon R LXI BS IV,Maruti,2011,225000,65000,Petrol
11712,Manza Aura (ABS) Quadrajet BS IV,Tata,2010,200000,150000,Diesel
11713,Etios GD,Toyota,2015,434999,75000,Diesel
11714,Figo Diesel Titanium,Ford,2012,300000,63700,Diesel
11715,Amaze VX i-DTEC,Honda,2018,700000,74800,Diesel
11716,Endeavour 2.5L 4X2 MT,Ford,2009,500000,105000,Diesel
11717,Duster 85PS Diesel RxE,Renault,2016,500000,40000,Diesel
11718,Ritz LDi,Maruti,2016,400000,90000,Diesel
11719,Corolla Altis D-4D J,Toyota,2015,825000,75000,Diesel
11720,Swift Dzire VDI,Maruti,2018,720000,15000,Diesel
11721,800 AC Uniq,Maruti,2009,110000,30000,Petrol
11722,Scorpio VLX 2WD AIRBAG BSIV,Mahindra,2014,600000,100000,Diesel
11723,Scorpio VLX 2WD AT BSIV,Mahindra,2009,275000,155000,Diesel
11724,Rover Range Rover Evoque 2.2L Dynamic,Land,2012,2349000,149000,Diesel
11725,i20 1.4 Sportz,Hyundai,2017,740000,60000,Diesel
11726,Baleno Alpha 1.3,Maruti,2017,800000,90000,Diesel
11727,Verna CRDi 1.6 SX Option,Hyundai,2019,1100000,100000,Diesel
11728,X1 sDrive20d,BMW,2012,750000,100000,Diesel
11729,Alto K10 2010-2014 VXI,Maruti,2012,200000,90000,Petrol
11730,Spacio SA 6 Seater,Tata,2009,210000,75000,Diesel
11731,Swift VDI BSIV,Maruti,2009,270000,120000,Diesel
11732,Etios 1.4 VXD,Toyota,2016,630000,90000,Diesel
11733,Xcent 1.2 Kappa S,Hyundai,2015,375000,55000,Petrol
11734,Xylo D2,Mahindra,2010,300000,70000,Diesel
11735,Bolero Power Plus SLX,Mahindra,2016,580000,95000,Diesel
11736,Verna 1.4 CRDi,Hyundai,2014,550000,50000,Diesel
11737,Ciaz ZDi Plus SHVS,Maruti,2016,750000,50000,Diesel
11738,Omni E MPI STD BS IV,Maruti,2014,250000,60516,Petrol
11739,Verna 1.6 SX,Hyundai,2012,434999,235000,Diesel
11740,E-Class 280 CDI,Mercedes-Benz,2007,900000,76731,Diesel
11741,Swift ZDI,Maruti,2016,685000,64000,Diesel
11742,Swift VDI BSIV,Maruti,2014,540000,65000,Diesel
11743,City i-VTEC CVT ZX,Honda,2018,1165000,13000,Petrol
11744,Ecosport 1.5 DV5 MT Titanium Optional,Ford,2014,610000,77000,Diesel
11745,EON Era,Hyundai,2011,254999,24000,Petrol
11746,Micra Active XV,Nissan,2014,280000,63840,Petrol
11747,Tiago 1.2 Revotron XT,Tata,2017,370000,25000,Petrol
11748,New Safari DICOR 2.2 EX 4x2,Tata,2011,459999,76400,Diesel
11749,Zen LX,Maruti,1998,42000,70000,Petrol
11750,Zen LX,Maruti,1998,42000,70000,Petrol
11751,Linea Active (Diesel),Fiat,2011,190000,80000,Diesel
11752,Punto 1.4 Emotion,Fiat,2010,165000,100000,Petrol
11753,EcoSport 1.5 Diesel Trend Plus BSIV,Ford,2017,710000,40000,Diesel
11754,Creta 1.6 SX Option,Hyundai,2018,1200000,15000,Petrol
11755,Zen Estilo LXI BS IV,Maruti,2011,229999,70000,Petrol
11756,KWID RXT,Renault,2018,310000,15000,Petrol
11757,Wagon R VXI BS IV,Maruti,2015,320000,40000,Petrol
11758,800 AC,Maruti,2006,100000,54000,Petrol
11759,Verna CRDi,Hyundai,2009,160000,90000,Diesel
11760,800 AC BSIII,Maruti,2007,60000,52000,Petrol
11761,Indigo LS,Tata,2012,100000,200000,Diesel
11762,Beat Diesel LT,Chevrolet,2016,350000,35000,Diesel
11763,Duster 110PS Diesel RxZ AWD,Renault,2017,700000,60000,Diesel
11764,Alto K10 VXI,Maruti,2017,300000,31489,Petrol
11765,i20 1.4 Asta Option,Hyundai,2018,830000,40000,Diesel
11766,Quanto C6,Mahindra,2013,220000,110000,Diesel
11767,Indigo LX Dicor,Tata,2009,130000,50000,Diesel
11768,i20 1.2 Magna,Hyundai,2012,330000,44000,Petrol
11769,City 1.5 S MT,Honda,2010,254999,90000,Petrol
11770,Verna 1.6 SX VTVT (O),Hyundai,2014,600000,50000,Petrol
11771,i10 Magna,Hyundai,2012,210000,50000,Petrol
11772,Zen Estilo 1.1 LXI BSIII,Maruti,2007,120000,81366,Petrol
11773,Esteem Vxi - BSIII,Maruti,2006,95000,110000,Petrol
11774,Innova 2.5 G (Diesel) 8 Seater BS IV,Toyota,2006,229999,300000,Diesel
11775,Verna Transform VTVT,Hyundai,2010,229999,70000,Petrol
11776,i20 Magna Optional 1.4 CRDi,Hyundai,2013,400000,100000,Diesel
11777,Gypsy King Hard Top Ambulance BSIV,Maruti,2005,300000,70000,Petrol
11778,Figo Diesel Celebration Edition,Ford,2013,300000,50000,Diesel
11779,Fiesta 1.4 SXi TDCi,Ford,2009,80000,180000,Diesel
11780,800 AC,Maruti,2008,80000,50000,Petrol
11781,Esteem Vxi,Maruti,2007,100000,90000,Petrol
11782,Indica Vista Quadrajet LS,Tata,2012,300000,110000,Diesel
11783,Baleno Zeta Automatic,Maruti,2018,700000,26000,Petrol
11784,Vitara Brezza ZDi Plus,Maruti,2016,975000,65000,Diesel
11785,Captiva LT,Chevrolet,2009,500000,130000,Diesel
11786,Duster 85PS Diesel RxL Optional,Renault,2013,550000,75000,Diesel
11787,Terrano XV Premium 110 PS,Nissan,2014,550000,110000,Diesel
11788,Alto K10 2010-2014 VXI,Maruti,2014,240000,50000,Petrol
11789,800 Std,Maruti,1997,50000,80000,Petrol
11790,Indica Vista Aura 1.2 Safire,Tata,2009,120000,80000,Petrol
11791,Alto 800 LXI,Maruti,2013,900000,60000,Petrol
11792,City 1.5 V MT,Honda,2009,250000,90000,Petrol
11793,KWID 1.0 RXT Optional,Renault,2017,280000,36000,Petrol
11794,Indica Vista Terra Quadrajet 1.3L BS IV,Tata,2010,85000,87000,Diesel
11795,Indica Vista Terra 1.4 TDI,Tata,2011,90000,80000,Diesel
11796,Enjoy TCDi LT 8 Seater,Chevrolet,2015,500000,50000,Diesel
11797,800 Std,Maruti,2013,200000,60000,Petrol
11798,KWID RXT,Renault,2015,250000,50000,Petrol
11799,Swift Dzire VDI,Maruti,2014,185000,40000,Diesel
11800,i10 Magna 1.1,Hyundai,2008,100000,60000,Petrol
11801,Etios VXD,Toyota,2015,610000,55000,Diesel
11802,Quanto C8,Mahindra,2012,290000,80000,Diesel
11803,Xylo E9,Mahindra,2012,300000,295000,Diesel
11804,EON Era Plus,Hyundai,2015,225000,80000,Petrol
11805,Alto K10 VXI,Maruti,2017,320000,50000,Petrol
11806,Indigo CR4,Tata,2012,135000,158000,Diesel
11807,Innova 2.5 G (Diesel) 7 Seater BS IV,Toyota,2006,400000,400000,Diesel
11808,Wagon R VXI BS IV,Maruti,2016,400000,25000,Petrol
11809,i20 Active 1.2 S,Hyundai,2017,570000,35000,Petrol
11810,Ignis 1.2 Zeta BSIV,Maruti,2018,500000,12000,Petrol
11811,Omni MPI STD BSIV,Maruti,2015,130000,70000,Petrol
11812,Tiago 1.2 Revotron XZ,Tata,2018,360000,4000,Petrol
11813,Figo Aspire 1.2 Ti-VCT Trend,Ford,2017,530000,10832,Petrol
11814,i10 Era,Hyundai,2009,250000,50000,Petrol
11815,Sunny XL,Nissan,2016,600000,19495,Petrol
11816,Duster 85PS Diesel RxL Plus,Renault,2013,570000,62668,Diesel
11817,XUV500 W6 2WD,Mahindra,2013,850000,85710,Diesel
11818,Figo Diesel EXI,Ford,2011,250000,55130,Diesel
11819,Ecosport 1.5 DV5 MT Titanium,Ford,2014,580000,63356,Diesel
11820,Fortuner 3.0 Diesel,Toyota,2012,1680000,129627,Diesel
11821,Spark 1.0 LT,Chevrolet,2010,180000,15000,Petrol
11822,Tiago 1.2 Revotron XE,Tata,2017,300000,50000,Petrol
11823,Etios Liva VX,Toyota,2012,269000,70000,Petrol
11824,Alto K10 VXI,Maruti,2018,231999,20000,Petrol
11825,Beat LS,Chevrolet,2011,150000,60000,Petrol
11826,Grand i10 Asta Option,Hyundai,2017,495000,5000,Petrol
11827,Ciaz VXi,Maruti,2014,700000,15000,Petrol
11828,GO Plus T BSIV,Datsun,2018,400000,4400,Petrol
11829,Xylo H4,Mahindra,2019,599000,15000,Diesel
11830,Duster 85PS Diesel RxL Optional,Renault,2013,421000,45000,Diesel
11831,EcoSport 1.5 Diesel Trend BSIV,Ford,2018,841000,1000,Diesel
11832,i10 Magna 1.1L,Hyundai,2014,295000,38500,Petrol
11833,i10 Sportz,Hyundai,2011,220000,25000,Petrol
11834,Classic 1.4 Duratorq LXI,Ford,2013,250000,35000,Diesel
11835,Fortuner 3.0 Diesel,Toyota,2009,1100000,110000,Diesel
11836,Verna 1.6 VTVT,Hyundai,2012,300000,40000,Petrol
11837,Aveo U-VA 1.2,Chevrolet,2007,80000,110000,Petrol
11838,Beat Diesel LT,Chevrolet,2013,215000,20000,Diesel
11839,EON Magna Plus,Hyundai,2012,245000,14987,Petrol
11840,EcoSport 1.5 TDCi Titanium BSIV,Ford,2016,650000,25061,Diesel
11841,Ecosport 1.5 Diesel Titanium,Ford,2017,760000,42494,Diesel
11842,Amaze S i-Dtech,Honda,2014,395000,44875,Diesel
11843,Figo Diesel EXI,Ford,2014,280000,89741,Diesel
11844,Jazz 1.5 S i DTEC,Honda,2016,495000,65000,Diesel
11845,Jazz 1.5 VX i DTEC,Honda,2016,525000,35000,Diesel
11846,Innova 2.5 GX 8 STR BSIV,Toyota,2009,420000,347089,Diesel
11847,New Safari DICOR 2.2 VX 4x2,Tata,2010,210000,34500,Diesel
11848,i20 Active 1.2 S,Hyundai,2018,650000,30000,Petrol
11849,3 Series 320d Luxury Line,BMW,2018,2300000,39000,Diesel
11850,Freestyle Titanium Plus Diesel BSIV,Ford,2019,525000,16000,Diesel
11851,Wagon R LXI CNG,Maruti,2010,195000,80000,CNG
11852,Ertiga SHVS VDI,Maruti,2016,650000,60000,Diesel
11853,TUV 300 T6 Plus,Mahindra,2015,540000,110000,Diesel
11854,Alto 800 LXI,Maruti,2014,180000,61000,Petrol
11855,Bolero Power Plus ZLX,Mahindra,2017,750000,29000,Diesel
11856,Ertiga SHVS ZDI Plus,Maruti,2018,980000,50000,Diesel
11857,Grande Punto EVO 90HP 1.3 Sport,Fiat,2014,250000,90000,Diesel
11858,Grand i10 1.2 Kappa Sportz AT,Hyundai,2018,550000,35000,Petrol
11859,Vento 1.6 Highline,Volkswagen,2015,509999,43000,Petrol
11860,Alto K10 LXI,Maruti,2017,320000,50000,Petrol
11861,EON D Lite,Hyundai,2016,275000,25000,Petrol
11862,XUV500 W8 2WD,Mahindra,2013,550000,222252,Diesel
11863,Wagon R VXI Minor,Maruti,2009,145000,50000,Petrol
11864,Grande Punto Emotion 90Hp,Fiat,2013,250000,80000,Diesel
11865,Verna 1.6 SX,Hyundai,2012,520000,35000,Diesel
11866,Alto LXi,Maruti,2007,95000,85000,Petrol
11867,Innova 2.5 V Diesel 7-seater,Toyota,2011,725000,110000,Diesel
11868,800 AC,Maruti,2006,55000,70000,Petrol
11869,City i DTEC VX,Honda,2014,600000,100000,Diesel
11870,Vento New Diesel Highline,Volkswagen,2013,330000,120000,Diesel
11871,Swift Dzire VDI,Maruti,2015,470000,89000,Diesel
11872,Swift ZDi,Maruti,2013,365000,120000,Diesel
11873,EON Magna Plus,Hyundai,2013,250000,40000,Petrol
11874,Wagon R VXI BS IV,Maruti,2017,430000,17000,Petrol
11875,Swift VDI,Maruti,2013,400000,125000,Diesel
11876,Swift Dzire ZXI,Maruti,2015,615000,110000,Petrol
11877,Figo Diesel Titanium,Ford,2011,150000,120000,Diesel
11878,Figo Diesel ZXI,Ford,2014,240000,90000,Diesel
11879,Scorpio S10 7 Seater,Mahindra,2014,800000,90000,Diesel
11880,EON LPG Magna Plus,Hyundai,2015,240000,110000,LPG
11881,Ecosport 1.5 DV5 MT Titanium,Ford,2014,600000,87000,Diesel
11882,Scorpio LX,Mahindra,2014,800000,15000,Diesel
11883,EON 1.0 Kappa Magna Plus,Hyundai,2015,160000,70000,Petrol
11884,Fiesta Classic 1.6 Duratec CLXI,Ford,2012,350000,38000,Petrol
11885,City 1.5 V MT,Honda,2011,300000,64000,Petrol
11886,Sumo Gold EX BSIII,Tata,2015,399000,55250,Diesel
11887,Bolero DI,Mahindra,2011,300000,110000,Diesel
11888,A-Star AT VXI,Maruti,2012,150000,70000,Petrol
11889,Cruze LTZ,Chevrolet,2010,320000,60000,Diesel
11890,Hexa XM,Tata,2018,1280000,17000,Diesel
11891,KWID 1.0 RXT Optional,Renault,2017,300000,13000,Petrol
11892,Terrano XL Plus ICC WT20 SE,Nissan,2016,1000000,60000,Diesel
11893,Pajero Sport 4X4,Mitsubishi,2012,1090000,120000,Diesel
11894,New Safari DICOR 2.2 GX 4x2 BS IV,Tata,2012,450000,97000,Diesel
11895,Indica GLS BS IV,Tata,2007,60000,130000,Petrol
11896,Swift Dzire ZXI,Maruti,2013,500000,50000,Petrol
11897,Indigo CR4,Tata,2012,200000,120000,Diesel
11898,Ecosport 1.5 DV5 MT Titanium,Ford,2015,650000,68000,Diesel
11899,Alto LXi,Maruti,2006,60000,100000,Petrol
11900,Ertiga VDI,Maruti,2013,250999,80000,Diesel
11901,Accent Executive CNG,Hyundai,2012,185000,67000,CNG
11902,Alto K10 VXI,Maruti,2015,155000,60000,Petrol
11903,Swift VXI,Maruti,2019,600000,5000,Petrol
11904,KWID RXE,Renault,2016,300000,20000,Petrol
11905,Creta 1.6 E Plus,Hyundai,2018,850000,12500,Petrol
11906,Eeco CNG 5 Seater AC BSIV,Maruti,2019,470000,4000,CNG
11907,Figo 1.2P Titanium MT,Ford,2019,600000,25000,Petrol
11908,Innova 2.5 G (Diesel) 7 Seater,Toyota,2013,700000,70000,Diesel
11909,Wagon R LXI DUO BSIII,Maruti,2007,70000,162000,LPG
11910,Fortuner 3.0 Diesel,Toyota,2010,1250000,205000,Diesel
11911,A6 2.8 FSI,Audi,2008,650000,70000,Petrol
11912,Xcent 1.2 CRDi S,Hyundai,2018,450000,70000,Diesel
11913,XUV500 W8 2WD,Mahindra,2014,750000,100000,Diesel
11914,Innova 2.5 G (Diesel) 7 Seater,Toyota,2013,775000,70000,Diesel
11915,Santa Fe 4X4,Hyundai,2011,800000,220000,Diesel
11916,Amaze E i-Vtech,Honda,2015,360000,80000,Petrol
11917,Corolla Altis Diesel D4DG,Toyota,2010,250000,120000,Diesel
11918,Compass 2.0 Longitude Option BSIV,Jeep,2017,1490000,22038,Diesel
11919,Terrano XL 110 PS,Nissan,2013,600000,80000,Diesel
11920,Alto LX,Maruti,2010,120000,90000,Petrol
11921,New Safari DICOR 2.2 EX 4x2,Tata,2012,320000,140000,Diesel
11922,Thar 4X2,Mahindra,2011,400000,120000,Diesel
11923,Swift Dzire ZDI,Maruti,2015,302000,60000,Diesel
11924,Beat Diesel LT,Chevrolet,2011,130000,80000,Diesel
11925,Swift Dzire LXI Option,Maruti,2014,150000,60000,Petrol
11926,Indica Vista Aura Plus 1.3 Quadrajet,Tata,2012,200000,90000,Diesel
11927,Innova 2.5 G1 BSIV,Toyota,2012,950000,80000,Diesel
11928,Swift Vdi BSIII,Maruti,2008,120000,175000,Diesel
11929,XUV500 W7 BSIV,Mahindra,2019,1400000,10000,Diesel
11930,i20 1.2 Asta Option,Hyundai,2017,620000,65000,Petrol
11931,Innova 2.5 GX 8 STR BSIV,Toyota,2012,449000,90000,Diesel
11932,Alto LXi,Maruti,2007,100000,70000,Petrol
11933,Grand i10 1.2 Kappa Sportz BSIV,Hyundai,2018,600000,2500,Petrol
11934,Amaze VX i-DTEC,Honda,2016,700000,35000,Diesel
11935,Beat Diesel LT,Chevrolet,2012,250000,40000,Diesel
11936,Baleno RS 1.0 Petrol,Maruti,2018,550000,63000,Petrol
11937,Superb Ambition 2.0 TDI CR AT,Skoda,2013,675000,88000,Diesel
11938,Terrano XL Plus 85 PS,Nissan,2015,530000,55000,Diesel
11939,Enjoy TCDi LT 7 Seater,Chevrolet,2014,325000,71014,Diesel
11940,Scala Diesel RxL,Renault,2015,370000,60000,Diesel
11941,Rapid 1.5 TDI Ambition,Skoda,2014,360000,70000,Diesel
11942,Superb LK 1.8 TSI AT,Skoda,2012,650000,60000,Petrol
11943,Fiesta 1.5 TDCi Titanium,Ford,2012,199000,92000,Diesel
11944,Quanto C6,Mahindra,2014,285000,89126,Diesel
11945,Jetta 1.9 TDI Comfortline DSG,Volkswagen,2009,260000,134000,Diesel
11946,Ciaz 1.4 AT Zeta,Maruti,2019,869999,15000,Petrol
11947,Grand i10 1.2 CRDi Magna,Hyundai,2016,425000,42500,Diesel
11948,Cruze LTZ AT,Chevrolet,2012,490000,42000,Diesel
11949,XUV500 AT W8 FWD,Mahindra,2015,750000,70000,Diesel
11950,City 1.5 EXI,Honda,2004,125000,110000,Petrol
11951,Linea 1.3 Emotion,Fiat,2014,221000,131365,Diesel
11952,Vento 1.5 TDI Highline AT,Volkswagen,2016,724000,48980,Diesel
11953,Amaze VX AT i-Vtech,Honda,2014,440000,46000,Petrol
11954,Spark 1.0 LS,Chevrolet,2009,70000,60000,Petrol
11955,Baleno Delta Diesel,Maruti,2015,511000,58000,Diesel
11956,S-Cross Alpha DDiS 200 SH,Maruti,2016,790000,22000,Diesel
11957,i20 1.2 Asta Option,Hyundai,2017,640000,37000,Petrol
11958,Santro Xing GLS,Hyundai,2009,120000,70000,Petrol
11959,Beat Diesel LT,Chevrolet,2012,126000,98900,Diesel
11960,Beat Diesel LT,Chevrolet,2012,120000,125000,Diesel
11961,TUV 300 T4 Plus,Mahindra,2017,650000,60000,Diesel
11962,Grand i10 Asta,Hyundai,2014,450000,80000,Petrol
11963,Zen Estilo LXI Green (CNG),Maruti,2010,110000,80000,CNG
11964,Bolero Power Plus Plus AC BSIV PS,Mahindra,2017,600000,40000,Diesel
11965,XUV500 W8 4WD,Mahindra,2012,620000,80000,Diesel
11966,Ecosport 1.5 DV5 MT Titanium,Ford,2014,600000,30000,Diesel
11967,Bolero Power Plus ZLX,Mahindra,2018,795000,35000,Diesel
11968,Winger Deluxe - Hi Roof (AC),Tata,2011,300000,180000,Diesel
11969,Lodgy 85PS RxL,Renault,2015,495000,60000,Diesel
11970,A4 3.0 TDI Quattro,Audi,2013,1580000,86000,Diesel
11971,Q3 2.0 TDI Quattro Premium Plus,Audi,2015,1750000,127643,Diesel
11972,Hexa XTA,Tata,2018,1350000,34000,Diesel
11973,Xylo D4,Mahindra,2014,350000,145000,Diesel
11974,RediGO AMT 1.0 S,Datsun,2018,300000,25000,Petrol
11975,Zest Revotron 1.2T XMS,Tata,2018,400000,54000,Petrol
11976,A6 2.0 TDI  Design Edition,Audi,2014,1750000,102354,Diesel
11977,Zen LX,Maruti,1999,70000,70000,Petrol
11978,Sunny XL D,Nissan,2018,500000,70000,Diesel
11979,Q3 35 TDI Quattro Technology,Audi,2017,2575000,36000,Diesel
11980,Brio VX,Honda,2014,345000,58000,Petrol
11981,Indigo CR4,Tata,2013,220000,100000,Diesel
11982,Q5 2.0 TFSI Quattro Premium Plus,Audi,2014,1850000,62237,Petrol
11983,Santro Xing XL eRLX Euro III,Hyundai,2005,114999,90000,Petrol
11984,800 AC,Maruti,1999,50000,100000,Petrol
11985,Jazz Select Edition,Honda,2017,585000,14000,Petrol
11986,EcoSport 1.5 TDCi Titanium BSIV,Ford,2018,950000,21394,Diesel
11987,Swift Dzire AMT VXI,Maruti,2018,625000,13800,Petrol
11988,Creta 1.6 SX Automatic,Hyundai,2017,1035000,23000,Petrol
11989,GO T Petrol,Datsun,2015,310000,32686,Petrol
11990,Xylo D4,Mahindra,2017,600000,99700,Diesel
11991,Fortuner 2.8 4WD AT BSIV,Toyota,2019,3100000,5000,Diesel
11992,City i-DTEC SV,Honda,2014,650000,49654,Diesel
11993,Grand i10 Asta,Hyundai,2016,550000,45457,Petrol
11994,Creta 1.6 CRDi SX,Hyundai,2017,1260000,39221,Diesel
11995,i20 Sportz 1.2,Hyundai,2016,660000,48220,Petrol
11996,i20 Sportz 1.2,Hyundai,2017,700000,11114,Petrol
11997,Getz 1.5 CRDi GVS,Hyundai,2008,235000,60208,Diesel
11998,Vento 1.5 TDI Highline,Volkswagen,2013,475000,80000,Diesel
11999,E-Class 280 CDI Elegance,Mercedes-Benz,2008,795000,98600,Diesel
12000,RS7 2015-2019 Sportback Performance,Audi,2016,8900000,13000,Petrol
12001,Q5 3.0 TDI Quattro Technology,Audi,2015,3200000,30000,Diesel
12002,Hector Smart AT,MG,2019,1860000,18000,Petrol
12003,Rover Range Rover 4.4 Diesel LWB Vogue SE,Land,2010,4200000,100000,Diesel
12004,City VX CVT,Honda,2015,850000,58000,Petrol
12005,Xylo D4,Mahindra,2017,585000,85441,Diesel
12006,Verito 1.5 D4 BSIV,Mahindra,2015,380000,64541,Diesel
12007,Swift Dzire VDI,Maruti,2019,650000,35000,Diesel
12008,Swift ZXI Plus,Maruti,2018,600000,30000,Petrol
12009,Micra Active XV,Nissan,2017,434999,16267,Petrol
12010,Vento 1.5 TDI Highline,Volkswagen,2013,525000,71500,Diesel
12011,5 Series 520d Luxury Line,BMW,2019,4800000,12999,Diesel
12012,Aveo U-VA 1.2 LS,Chevrolet,2008,160000,80000,Petrol
12013,Zen Estilo 1.1 LXI BSIII,Maruti,2007,160000,90000,Petrol
12014,Spark 1.0 LT,Chevrolet,2012,125000,28000,Petrol
12015,Bolero Power Plus Plus AC BSIV PS,Mahindra,2015,430000,200000,Diesel
12016,Creta 1.6 VTVT S,Hyundai,2017,900000,14700,Petrol
12017,Alto LX,Maruti,2000,61000,90000,Petrol
12018,Wagon R LXI BS IV,Maruti,2017,400000,50000,Petrol
12019,Santro Xing XS,Hyundai,2009,150000,100000,Petrol
12020,Polo GT 1.0 TSI,Volkswagen,2019,950000,24000,Petrol
12021,Indigo CR4,Tata,2013,220000,100000,Diesel
12022,Getz GLX,Hyundai,2007,110000,90000,Petrol
12023,Bolt Revotron XM,Tata,2015,375000,30000,Petrol
12024,GO Plus T Option,Datsun,2017,350000,80000,Petrol
12025,i20 Magna 1.4 CRDi (Diesel),Hyundai,2012,310000,92686,Diesel
12026,Indica GLS BS IV,Tata,2010,90000,300000,Petrol
12027,Vento Petrol Highline,Volkswagen,2011,350000,90000,Petrol
12028,Santro LS zipPlus,Hyundai,2003,100000,60000,Petrol
12029,XUV500 AT W6 2WD,Mahindra,2017,1300000,40000,Diesel
12030,Wagon R LXI,Maruti,2004,70000,90000,Petrol
12031,Sail Hatchback LT ABS,Chevrolet,2013,225000,80000,Diesel
12032,City 1.3 EXI,Honda,2002,145000,100000,Petrol
12033,EcoSport 1.5 Diesel Titanium Plus BSIV,Ford,2018,930000,20000,Diesel
12034,Swift VXI,Maruti,2019,550000,51000,Petrol
12035,Alto LX BSIII,Maruti,2008,85000,120000,Petrol
12036,EON Era Plus Sports Edition,Hyundai,2014,280000,55000,Petrol
12037,EON Magna Plus,Hyundai,2018,360000,6000,Petrol
12038,Alto LXi,Maruti,2011,150000,40000,Petrol
12039,Rapid 1.6 MPI AT Ambition BSIV,Skoda,2017,900000,15000,Petrol
12040,CLASSIC 1500 DSL AC,Ambassador,2005,120000,50000,Diesel
12041,Linea T Jet Emotion,Fiat,2010,215000,90000,Petrol
12042,Scala Diesel RxL,Renault,2013,550000,38500,Diesel
12043,Nexon 1.2 Revotron XZ Plus Dual Tone,Tata,2018,775000,35000,Petrol
12044,Gypsy King HT BSIV,Maruti,2001,409999,49359,Petrol
12045,800 AC Uniq,Maruti,2005,65000,70000,Petrol
12046,Wagon R LXI Minor,Maruti,2008,200000,90000,Petrol
12047,Wagon R VXI BS IV,Maruti,2010,240000,50000,Petrol
12048,Innova 2.5 VX 8 STR,Toyota,2012,800000,108731,Diesel
12049,Innova 2.5 EV Diesel MS 7 Str BSIII,Toyota,2010,400000,120000,Diesel
12050,Sumo Gold EX BSIII,Tata,2016,500000,60000,Diesel
12051,Renault Logan 1.5 DLX Diesel,Mahindra,2007,150000,90000,Diesel
12052,Etios GD,Toyota,2014,500000,140000,Diesel
12053,EON Magna Plus,Hyundai,2014,320000,80000,Petrol
12054,Micra Diesel XV,Nissan,2013,300000,90000,Diesel
12055,Lodgy Stepway 85PS RXZ 8S,Renault,2017,650000,40000,Diesel
12056,Alto 800 LXI,Maruti,2018,285000,14000,Petrol
12057,Aria Pleasure 4x2,Tata,2012,360000,70000,Diesel
12058,Accord 2.4 MT,Honda,2009,450000,55000,Petrol
12059,Alto LXi,Maruti,2011,175000,60000,Petrol
12060,Cruze LT,Chevrolet,2011,350000,74000,Diesel
12061,Figo Aspire 1.5 TDCi Titanium,Ford,2020,530000,45000,Diesel
12062,City i-DTEC ZX,Honda,2017,1025000,38000,Diesel
12063,BR-V i-DTEC VX MT,Honda,2017,950000,24000,Diesel
12064,WR-V i-VTEC VX,Honda,2017,725000,29976,Petrol
12065,City i VTEC VX,Honda,2017,919999,41000,Petrol
12066,Jazz 1.5 V i DTEC,Honda,2018,700000,15000,Diesel
12067,Jazz 1.5 VX i DTEC,Honda,2017,725000,36000,Diesel
12068,BR-V i-VTEC VX MT,Honda,2017,840000,30646,Petrol
12069,Wagon R VXI BS IV,Maruti,2015,365000,23600,Petrol
12070,City i DTEC SV,Honda,2014,665000,71318,Diesel
12071,800 Std,Maruti,2003,50000,78098,Petrol
12072,EON Era Plus,Hyundai,2014,225000,30000,Petrol
12073,i10 Era,Hyundai,2012,229999,45000,Petrol
12074,Santro Xing GL,Hyundai,2008,145000,67000,Petrol
12075,Figo Aspire Facelift,Ford,2018,624000,14681,Diesel
12076,Verna 1.4 VTVT,Hyundai,2015,500000,25000,Petrol
12077,EcoSport 1.5 Ti VCT MT Titanium BSIV,Ford,2017,750000,18054,Petrol
12078,City i DTEC VX,Honda,2015,785000,40000,Diesel
12079,i10 Sportz,Hyundai,2011,225000,30000,Petrol
12080,Xcent 1.1 CRDi Base,Hyundai,2017,300000,80000,Diesel
12081,i20 Asta 1.4 CRDi,Hyundai,2016,680000,20000,Diesel
12082,TUV 300 T8,Mahindra,2016,700000,40000,Diesel
12083,Indigo CS eLS BS IV,Tata,2011,180000,120000,Diesel
12084,Fiesta 1.4 SXi TDCi ABS,Ford,2008,270000,120000,Diesel
12085,Swift Dzire VXi,Maruti,2010,370000,97000,Petrol
12086,Xylo H8 ABS with Airbags,Mahindra,2018,1100000,70000,Diesel
12087,Accent CRDi,Hyundai,2004,120000,120000,Diesel
12088,Rapid 1.6 TDI PRESTIGE,Skoda,2013,430000,88000,Diesel
12089,Swift ZDi,Maruti,2014,550000,38406,Diesel
12090,Santro Xing GLS,Hyundai,2014,320000,54350,Petrol
12091,Wagon R VXI BS IV,Maruti,2015,390000,32260,Petrol
12092,Duster 85PS Diesel RxE,Renault,2014,550000,58231,Diesel
12093,Swift VXI,Maruti,2012,370000,59858,Petrol
12094,Alto LXi BSIII,Maruti,2010,190000,73350,Petrol
12095,Duster 110PS Diesel RxZ,Renault,2013,509999,88473,Diesel
12096,City S,Honda,2013,450000,96987,Petrol
12097,GLS 2016-2020 350d 4MATIC,Mercedes-Benz,2016,5500000,77350,Diesel
12098,Swift Dzire VDI,Maruti,2015,550000,61187,Diesel
12099,Xylo E6,Mahindra,2009,400000,68350,Diesel
12100,EcoSport 1.5 TDCi Titanium BSIV,Ford,2015,585000,81150,Diesel
12101,Grand i10 1.2 Kappa Asta,Hyundai,2019,500000,30000,Petrol
12102,Ciaz ZXi,Maruti,2015,800000,30000,Petrol
12103,Swift Vdi BSIII,Maruti,2009,265000,120000,Diesel
12104,Figo Diesel Titanium,Ford,2012,175000,180000,Diesel
12105,Palio 1.2 Sport,Fiat,2007,125000,50000,Petrol
12106,Manza Aqua Quadrajet BS IV,Tata,2010,165000,80000,Diesel
12107,Verito 1.5 D2 BSIII,Mahindra,2011,150000,280000,Diesel
12108,Creta 1.6 CRDi SX Option,Hyundai,2015,1025000,90000,Diesel
12109,Innova 2.5 VX (Diesel) 8 Seater,Toyota,2014,1030000,250000,Diesel
12110,Cruze LT,Chevrolet,2012,380000,90000,Diesel
12111,Swift Dzire LDi,Maruti,2010,250000,110000,Diesel
12112,Zen LX,Maruti,2000,85000,80000,Petrol
12113,Punto EVO 1.3 Dynamic,Fiat,2016,500000,35000,Diesel
12114,EON Era Plus,Hyundai,2018,350000,15000,Petrol
12115,Alto LXi BSIII,Maruti,2010,190000,52000,Petrol
12116,Jetta 1.9 TDI Trendline,Volkswagen,2009,940000,140000,Diesel
12117,Swift VXI,Maruti,2013,475000,60000,Petrol
12118,Alto 800 LXI,Maruti,2018,300000,17000,Petrol
12119,Beat LS,Chevrolet,2016,250000,70000,Petrol
12120,Zen LX,Maruti,2001,93000,97000,Petrol
12121,Figo Diesel ZXI,Ford,2012,290000,125000,Diesel
12122,Indica GLS BS IV,Tata,2010,75000,300000,Petrol
12123,XUV500 W8 2WD,Mahindra,2015,1000000,120000,Diesel
12124,i20 Asta 1.4 CRDi,Hyundai,2015,550000,87000,Diesel
12125,Punto 1.3 Emotion,Fiat,2010,285000,75000,Diesel
12126,Indigo Grand Petrol,Tata,2014,240000,60000,Petrol
12127,Creta 1.6 VTVT S,Hyundai,2015,850000,25000,Petrol
12128,i20 Active 1.2 SX,Hyundai,2016,650000,26000,Petrol
12129,Celerio Green VXI,Maruti,2017,365000,78000,CNG
12130,i20 Active 1.2 SX,Hyundai,2016,650000,26000,Petrol
12131,Sail 1.2 Base,Chevrolet,2015,260000,35000,Petrol
12132,Indigo Grand Petrol,Tata,2014,250000,100000,Petrol
12133,New Safari 4X2,Tata,2007,550000,80000,Petrol
12134,Wagon R LXI,Maruti,2004,70000,90000,Petrol
12135,Sail Hatchback LT ABS,Chevrolet,2013,225000,80000,Diesel
12136,City 1.3 EXI,Honda,2002,145000,100000,Petrol
12137,EcoSport 1.5 Diesel Titanium Plus BSIV,Ford,2018,930000,20000,Diesel
12138,Swift VXI,Maruti,2019,550000,51000,Petrol
12139,Alto LX BSIII,Maruti,2008,85000,120000,Petrol
12140,EON Era Plus Sports Edition,Hyundai,2014,280000,55000,Petrol
12141,EON Magna Plus,Hyundai,2018,360000,6000,Petrol
12142,Alto LXi,Maruti,2011,150000,40000,Petrol
12143,Rapid 1.6 MPI AT Ambition BSIV,Skoda,2017,900000,15000,Petrol
12144,CLASSIC 1500 DSL AC,Ambassador,2005,120000,50000,Diesel
12145,Linea T Jet Emotion,Fiat,2010,215000,90000,Petrol
12146,Scala Diesel RxL,Renault,2013,550000,38500,Diesel
12147,Nexon 1.2 Revotron XZ Plus Dual Tone,Tata,2018,775000,35000,Petrol
12148,Gypsy King HT BSIV,Maruti,2001,409999,49359,Petrol
12149,800 AC Uniq,Maruti,2005,65000,70000,Petrol
12150,Wagon R LXI Minor,Maruti,2008,200000,90000,Petrol
12151,Wagon R VXI BS IV,Maruti,2010,240000,50000,Petrol
12152,Innova 2.5 VX 8 STR,Toyota,2012,800000,108731,Diesel
12153,Innova 2.5 EV Diesel MS 7 Str BSIII,Toyota,2010,400000,120000,Diesel
12154,Wagon R VXI BSIII,Maruti,2012,229999,40000,Petrol
12155,Ecosport 1.5 DV5 MT Titanium,Ford,2014,580000,120000,Diesel
12156,Corolla H2,Toyota,2005,175000,100000,Petrol
12157,Ritz VDi,Maruti,2012,250000,110000,Diesel
12158,EON Magna Plus,Hyundai,2014,320000,80000,Petrol
12159,Micra Diesel XV,Nissan,2013,300000,90000,Diesel
12160,TUV 300 mHAWK100 T8,Mahindra,2017,800000,60000,Diesel
12161,Verna SX AT Diesel,Hyundai,2009,245000,75000,Diesel
12162,EON Magna Plus,Hyundai,2018,300000,20000,Petrol
12163,Xcent 1.2 CRDi E,Hyundai,2017,350000,80000,Diesel
12164,Zen LX - BS III,Maruti,2006,70000,105700,Petrol
12165,Celerio VXI Optional,Maruti,2017,430999,14000,Petrol
12166,Spark 1.0,Chevrolet,2010,80000,70000,Petrol
12167,Alto 800 LXI Optional,Maruti,2019,335000,28000,Petrol
12168,Eeco 7 Seater Standard BSIV,Maruti,2017,350000,51000,Petrol
12169,Alto 800 LXI Opt BSIV,Maruti,2018,315000,56000,Petrol
12170,Vento 1.5 TDI Highline Plus AT BSIV,Volkswagen,2019,1100000,35000,Diesel
12171,Esteem Lxi - BSIII,Maruti,2005,80000,24000,Petrol
12172,Alto K10 VXI Optional,Maruti,2014,285000,64000,Petrol
12173,Indigo TDI,Tata,2009,100000,120000,Diesel
12174,Alto LXi,Maruti,2011,225000,37091,Petrol
12175,XC 90 D5 Inscription BSIV,Volvo,2017,4500000,80000,Diesel
12176,Alto K10 VXI,Maruti,2018,320000,38900,Petrol
12177,Creta 1.6 CRDi SX Plus,Hyundai,2016,1249000,60000,Diesel
12178,Wagon R LXI Minor,Maruti,2008,120000,110000,Petrol
12179,Vento Diesel Trendline,Volkswagen,2011,200000,100000,Diesel
12180,Creta 1.6 CRDi SX,Hyundai,2016,1151000,85000,Diesel
12181,Indica Vista Quadrajet LS,Tata,2012,120000,140000,Diesel
12182,KWID RXT,Renault,2017,220000,20000,Petrol
12183,Nexon 1.2 Revotron XZ Plus Dual Tone,Tata,2017,750000,15000,Petrol
12184,TUV 300 T10 Dual Tone,Mahindra,2018,784000,40000,Diesel
12185,Jazz 1.2 S i VTEC,Honda,2017,500000,50000,Petrol
12186,EON Era Plus,Hyundai,2018,350000,20000,Petrol
12187,XUV500 W7 AT BSIV,Mahindra,2018,1400000,50000,Diesel
12188,Thar CRDe AC,Mahindra,2014,600000,100000,Diesel
12189,Grand i10 1.2 Kappa Magna BSIV,Hyundai,2019,525000,9400,Petrol
12190,EcoSport 1.5 Diesel Titanium Plus BSIV,Ford,2017,930000,12000,Diesel
12191,Eeco 5 STR With AC Plus HTR CNG,Maruti,2017,440000,14100,CNG
12192,Celerio ZXI,Maruti,2016,434999,21000,Petrol
12193,i10 Magna,Hyundai,2011,250000,28000,Petrol
12194,Ertiga SHVS ZDI Plus,Maruti,2017,940000,35000,Diesel
12195,Verna 1.6 CRDi AT SX,Hyundai,2017,1050000,31000,Diesel
12196,Ertiga SHVS ZDI,Maruti,2016,825000,58000,Diesel
12197,Wagon R VXI Minor,Maruti,2012,229999,25000,Petrol
12198,i20 1.2 Asta,Hyundai,2011,375000,72000,Petrol
12199,Ertiga ZDI,Maruti,2013,640000,89000,Diesel
12200,Innova 2.5 V Diesel 8-seater,Toyota,2012,800000,160000,Diesel
12201,Figo Petrol ZXI,Ford,2012,130000,30000,Petrol
12202,i10 Sportz 1.1L,Hyundai,2014,300000,37555,Petrol
12203,Wagon R VXI BS IV,Maruti,2018,440000,14000,Petrol
12204,Ertiga VXI CNG,Maruti,2014,595000,56600,CNG
12205,Scorpio EX,Mahindra,2013,450000,110000,Diesel
12206,Vitara Brezza VDi Option,Maruti,2017,690000,50000,Diesel
12207,Alto 800 VXI,Maruti,2019,300000,5000,Petrol
12208,Sail 1.2 Base,Chevrolet,2014,170000,100000,Petrol
12209,Etios Liva GD SP,Toyota,2012,280000,120000,Diesel
12210,Swift VXI BSIII,Maruti,2009,220000,67580,Petrol
12211,Santro Xing GLS,Hyundai,2009,140000,100000,Petrol
12212,Esteem Lxi,Maruti,2004,45000,60000,Petrol
12213,Figo Diesel Titanium,Ford,2014,200000,125000,Diesel
12214,Scorpio 2.6 Turbo 7 Str,Mahindra,2008,325000,120000,Diesel
12215,Verna CRDi SX,Hyundai,2010,300000,130000,Diesel
12216,800 AC,Maruti,2009,120000,250000,Petrol
12217,Creta 1.6 CRDi SX,Hyundai,2016,535000,52600,Diesel
12218,City i DTEC S,Honda,2014,520000,82000,Diesel
12219,Grand i10 1.2 Kappa Magna AT,Hyundai,2017,550000,19890,Petrol
12220,Verito Vibe 1.5 dCi D6,Mahindra,2015,280000,40000,Diesel
12221,Sunny XL D,Nissan,2013,225000,78000,Diesel
12222,EcoSport 1.5 Petrol Titanium Plus AT BSIV,Ford,2015,750000,48238,Petrol
12223,i20 1.2 Magna Executive,Hyundai,2016,535000,38365,Petrol
12224,XUV500 W10 1.99 mHawk,Mahindra,2016,1250000,23670,Diesel
12225,Baleno Zeta 1.2,Maruti,2017,650000,49834,Petrol
12226,Brio S MT,Honda,2013,295000,57353,Petrol
12227,Swift DDiS VDI,Maruti,2015,480000,68308,Diesel
12228,City i DTEC SV,Honda,2015,575000,63240,Diesel
12229,Scorpio 1.99 S4,Mahindra,2016,509999,60000,Diesel
12230,Alto LXi,Maruti,2008,69000,100000,Petrol
12231,Manza Aura Safire BS IV,Tata,2013,200000,60000,Petrol
12232,Innova 2.5 GX 8 STR BSIV,Toyota,2012,449000,90000,Diesel
12233,Harrier XE,Tata,2020,426000,1000,Diesel
12234,Ecosport 1.5 Petrol Ambiente,Ford,2017,650000,6000,Petrol
12235,Tiago 1.05 Revotorq XM,Tata,2017,260000,50000,Diesel
12236,Bolero Power Plus Plus AC BSIV PS,Mahindra,2015,295000,90000,Diesel
12237,Eeco 5 Seater AC BSIV,Maruti,2017,260000,30000,Petrol
12238,Indica Vista Quadrajet LS,Tata,2012,120000,140000,Diesel
12239,Verna SX,Hyundai,2007,155000,65000,Petrol
12240,Jazz 1.5 VX i DTEC,Honda,2015,450000,38000,Diesel
12241,New Safari DICOR 2.2 GX 4x2 BS IV,Tata,2012,320000,80000,Diesel
12242,Verna i (Petrol),Hyundai,2007,123000,50000,Petrol
12243,Santro Xing XO,Hyundai,2006,80000,110000,Petrol
12244,SX4 Celebration Petrol,Maruti,2012,220000,90000,Petrol
12245,i20 Active S Diesel,Hyundai,2018,650000,37000,Diesel
12246,Alto 800 LXI,Maruti,2018,285000,30000,Petrol
12247,Amaze V CVT Petrol BSIV,Honda,2018,725000,26000,Petrol
12248,Indica Vista Aqua 1.2 Safire BSIV,Tata,2010,97000,128000,Petrol
12249,Ciaz ZXi,Maruti,2016,625000,30000,Petrol
12250,i20 Active SX Petrol,Hyundai,2016,550000,23000,Petrol
12251,Indigo CR4,Tata,2012,130000,120000,Diesel
12252,i10 Magna,Hyundai,2012,240000,40000,Petrol
12253,Terrano XL 85 PS,Nissan,2014,600000,27000,Diesel
12254,New Safari DICOR 2.2 EX 4x2,Tata,2012,350000,65000,Diesel
12255,EON Magna Plus,Hyundai,2015,245000,32000,Petrol
12256,Swift 1.3 VXi,Maruti,2009,199000,52536,Petrol
12257,Xylo E4,Mahindra,2011,330000,100000,Diesel
12258,Ritz VXI,Maruti,2009,150000,80000,Petrol
12259,Creta 1.6 CRDi SX,Hyundai,2016,927999,90000,Diesel
12260,Zen LXI,Maruti,2003,70000,60000,Petrol
12261,Xcent 1.2 CRDi SX,Hyundai,2015,399000,55000,Diesel
12262,Swift VDI Optional,Maruti,2015,350000,90000,Diesel
12263,Scorpio 2.6 CRDe,Mahindra,2006,125000,50000,Diesel
12264,Santro Xing XS,Hyundai,2008,150000,90000,Petrol
12265,EON Era Plus,Hyundai,2015,250000,25000,Petrol
12266,Verna 1.6 SX CRDi (O),Hyundai,2014,675000,61000,Diesel
12267,S-Cross Alpha DDiS 200 SH,Maruti,2018,950000,30000,Diesel
12268,Eeco 5 STR With AC Plus HTR CNG,Maruti,2018,409999,45000,CNG
12269,Linea Emotion (Diesel),Fiat,2011,225000,60000,Diesel
12270,Civic 1.8 V MT,Honda,2008,350000,75000,Petrol
12271,Indica LSI,Tata,2005,51111,140000,Petrol
12272,Sail 1.3 LS,Chevrolet,2013,290000,56000,Diesel
12273,Camry Hybrid,Toyota,2006,310000,62000,Electric
12274,Verna CRDi SX,Hyundai,2007,212000,58000,Diesel
12275,Octavia Elegance 2.0 TDI AT,Skoda,2013,900000,49000,Diesel
12276,Beat Diesel LT,Chevrolet,2011,221000,56000,Diesel
12277,Innova 2.5 G (Diesel) 7 Seater,Toyota,2013,675000,73000,Diesel
12278,Amaze S i-Dtech,Honda,2014,421000,69000,Diesel
12279,SX4 Zxi BSIII,Maruti,2008,350000,10000,Petrol
12280,Accent Executive CNG,Hyundai,2010,140000,110000,CNG
12281,Octavia Ambiente 1.9 TDI MT,Skoda,2002,90000,116000,Diesel
12282,City Edge Edition Diesel SV,Honda,2018,830000,40000,Diesel
12283,Wagon R LXI Minor,Maruti,2009,180000,30000,Petrol
12284,Swift Vdi BSIII,Maruti,2009,210000,109000,Diesel
12285,SX4 S Cross DDiS 320 Zeta,Maruti,2017,700000,90000,Diesel
12286,Nano Cx BSIII,Tata,2014,45000,7000,Petrol
12287,Indigo LX,Tata,2012,125000,120000,Diesel
12288,Verna 1.6 VTVT S,Hyundai,2017,530000,64916,Petrol
12289,Ecosport 1.5 DV5 MT Trend,Ford,2018,800000,37161,Diesel
12290,Baleno Zeta 1.2,Maruti,2016,580000,15000,Petrol
12291,Q3 2.0 TDI Quattro Premium Plus,Audi,2012,1400000,118000,Diesel
12292,KWID 1.0 RXL,Renault,2018,300000,50852,Petrol
12293,KWID RXT Optional,Renault,2016,300000,30000,Petrol
12294,Ciaz ZDi SHVS,Maruti,2015,700000,77000,Diesel
12295,Sunny XL,Nissan,2012,250000,70000,Petrol
12296,Tavera Neo 3 9 Str BSIII,Chevrolet,2016,500000,120000,Diesel
12297,Accord 2.4 AT,Honda,2009,428000,40000,Petrol
12298,Harrier XZ BSIV,Tata,2019,1400000,33000,Diesel
12299,EON Era Plus,Hyundai,2013,219000,53500,Petrol
12300,Ertiga SHVS LDI,Maruti,2017,500000,40000,Diesel
12301,City i DTEC S,Honda,2014,520000,82000,Diesel
12302,Scorpio 1.99 S4,Mahindra,2016,509999,60000,Diesel
12303,Baleno Alpha 1.2,Maruti,2019,556000,24000,Petrol
12304,Indigo Grand Dicor,Tata,2014,225000,120000,Diesel
12305,Amaze EX i-Dtech,Honda,2013,325000,65000,Diesel
12306,Swift VDI,Maruti,2013,365000,65000,Diesel
12307,Creta 1.6 CRDi SX Plus,Hyundai,2015,850000,84000,Diesel
12308,Etios GD SP,Toyota,2013,350000,75000,Diesel
12309,Swift VDI,Maruti,2007,225000,50000,Diesel
12310,Alto LX,Maruti,2011,135000,50000,Petrol
12311,Wagon R LXI Minor,Maruti,2007,140000,49000,Petrol
12312,SX4 S Cross DDiS 320 Delta,Maruti,2016,665000,560000,Diesel
12313,KWID RXT,Renault,2015,275000,14365,Petrol
12314,Fortuner 2.8 4WD AT BSIV,Toyota,2017,2750000,41000,Diesel
12315,Verna 1.6 SX,Hyundai,2013,484999,65000,Diesel
12316,Ciaz VDi Option SHVS,Maruti,2015,565000,65000,Diesel
12317,Swift Dzire VDI,Maruti,2013,425000,61083,Diesel
12318,Innova 2.5 VX (Diesel) 8 Seater,Toyota,2013,925000,75000,Diesel
12319,Scorpio VLX 2WD AIRBAG SE BSIV,Mahindra,2012,565000,72000,Diesel
12320,Duster 110PS Diesel RxL,Renault,2014,525000,65000,Diesel
12321,City 1.5 S MT,Honda,2010,409999,60000,Petrol
12322,Tigor 1.2 Revotron XZ Option,Tata,2018,570000,5000,Petrol
12323,SX4 Zxi BSIII,Maruti,2007,160000,80000,Petrol
12324,Ciaz ZDi Plus SHVS,Maruti,2017,749000,51500,Diesel
12325,Swift Dzire VDi,Maruti,2010,300000,120000,Diesel
12326,EcoSport 1.5 Diesel Titanium Plus BSIV,Ford,2014,550000,79800,Diesel
12327,EcoSport 1.5 Diesel Titanium Plus BSIV,Ford,2015,550000,97000,Diesel
12328,Ecosport 1.5 Diesel Titanium Plus,Ford,2019,1250000,6590,Diesel
12329,Figo Aspire 1.5 TDCi Titanium,Ford,2017,700000,49957,Diesel
12330,Figo 1.5 Sports Edition MT,Ford,2017,600000,43235,Diesel
12331,EcoSport 1.5 TDCi Titanium Plus BE BSIV,Ford,2018,925000,50699,Diesel
12332,Endeavour 3.2 Titanium AT 4X4,Ford,2016,1800000,126000,Diesel
12333,Figo Aspire 1.5 TDCi Titanium Plus,Ford,2015,459999,140730,Diesel
12334,i20 Active 1.2 SX,Hyundai,2015,565000,46000,Petrol
12335,EON Era Plus,Hyundai,2013,170000,80000,Petrol
12336,Qualis FS B3,Toyota,2001,150000,256000,Diesel
12337,Scorpio VLX 2WD BSIII,Mahindra,2008,295000,120000,Diesel
12338,i20 Active 1.4 SX,Hyundai,2018,819999,40000,Diesel
12339,Elite i20 Diesel Asta Option,Hyundai,2019,819999,40000,Diesel
12340,Ritz VXi,Maruti,2015,320000,40000,Petrol
12341,Ecosport 1.5 DV5 MT Titanium,Ford,2015,550000,135000,Diesel
12342,Bolero 2011-2019 SLX,Mahindra,2015,550000,50000,Diesel
12343,Ameo 1.5 TDI Comfortline,Volkswagen,2017,590000,98000,Diesel
12344,Innova 2.5 VX (Diesel) 8 Seater,Toyota,2014,1050000,70000,Diesel
12345,City i DTec V,Honda,2017,950000,50000,Diesel
12346,City i-DTEC VX,Honda,2017,1000000,30000,Diesel
12347,Terrano XE 85 PS,Nissan,2013,500000,120000,Diesel
12348,Punto EVO 1.3 Emotion,Fiat,2017,450000,70000,Diesel
12349,Swift Dzire VDI Optional,Maruti,2017,720000,35000,Diesel
12350,Celerio VDi,Maruti,2015,390000,70000,Diesel
12351,Thar 4X2,Mahindra,2014,500000,35000,Diesel
12352,Fortuner 2.7 2WD AT,Toyota,2016,2500000,70000,Petrol
12353,i20 1.4 Asta Option,Hyundai,2017,780000,50000,Diesel
12354,Swift Dzire ZDI,Maruti,2015,484999,90000,Diesel
12355,Vento Diesel Highline,Volkswagen,2012,420000,90000,Diesel
12356,XUV500 W10 AWD,Mahindra,2015,1225000,70000,Diesel
12357,Indica Vista TDI LX,Tata,2015,350000,50000,Diesel
12358,Verito 1.5 D4 BSIV,Mahindra,2015,350000,120000,Diesel
12359,Innova 2.5 G (Diesel) 8 Seater BS IV,Toyota,2011,800000,230000,Diesel
12360,Santro Xing XG AT,Hyundai,2004,125000,70000,Petrol
12361,Indica V2 DLS BSII,Tata,2010,75000,100000,Diesel
12362,KUV 100 G80 K4 Plus,Mahindra,2018,509999,15000,Petrol
12363,Indigo Classic Dicor,Tata,2014,215000,80000,Diesel
12364,Grand i10 1.2 CRDi Asta,Hyundai,2018,465000,25000,Diesel
12365,Baleno Alpha 1.2,Maruti,2017,625000,52000,Petrol
12366,Grand i10 CRDi Magna,Hyundai,2017,490000,66000,Diesel
12367,Ertiga SHVS ZDI,Maruti,2017,880000,64000,Diesel
12368,Santro Xing GL Plus,Hyundai,2013,290000,49000,Petrol
12369,Sumo GX TC 7 Str BSIII,Tata,2006,115999,100000,Diesel
12370,Vitara Brezza LDi Option,Maruti,2017,685000,72000,Diesel
12371,Jazz S,Honda,2009,300000,50000,Petrol
12372,i20 1.4 Sportz,Hyundai,2017,680000,44000,Diesel
12373,Swift Dzire VDI,Maruti,2014,480000,101000,Diesel
12374,Swift VDI,Maruti,2016,630000,55000,Diesel
12375,City 1.5 GXI,Honda,2007,190000,115000,Petrol
12376,Swift VDI,Maruti,2015,500000,100000,Diesel
12377,Jetta 2.0L TDI Comfortline,Volkswagen,2014,850000,52000,Diesel
12378,SX4 ZDI,Maruti,2011,350000,105000,Diesel
12379,Duster 85PS Diesel RxE,Renault,2013,425000,170000,Diesel
12380,Swift VDI BSIV,Maruti,2015,495000,105000,Diesel
12381,Ertiga SHVS VDI,Maruti,2017,890000,60000,Diesel
12382,Verna CRDi 1.6 AT EX,Hyundai,2018,1100000,25000,Diesel
12383,XUV500 W8 2WD,Mahindra,2014,650000,218000,Diesel
12384,Grand i10 1.2 CRDi Asta,Hyundai,2018,465000,25000,Diesel
12385,Baleno Alpha 1.2,Maruti,2017,625000,52000,Petrol
12386,Grand i10 CRDi Magna,Hyundai,2017,490000,66000,Diesel
12387,Ertiga SHVS ZDI,Maruti,2017,880000,64000,Diesel
12388,Santro Xing GL Plus,Hyundai,2013,290000,49000,Petrol
12389,Sumo GX TC 7 Str BSIII,Tata,2006,115999,100000,Diesel
12390,Vitara Brezza LDi Option,Maruti,2017,685000,72000,Diesel
12391,Jazz S,Honda,2009,300000,50000,Petrol
12392,i20 1.4 Sportz,Hyundai,2017,680000,44000,Diesel
12393,Swift Dzire VDI,Maruti,2014,480000,101000,Diesel
12394,Swift VDI,Maruti,2016,630000,55000,Diesel
12395,City 1.5 GXI,Honda,2007,190000,115000,Petrol
12396,Swift VDI,Maruti,2015,500000,100000,Diesel
12397,Jetta 2.0L TDI Comfortline,Volkswagen,2014,850000,52000,Diesel
12398,SX4 ZDI,Maruti,2011,350000,105000,Diesel
12399,Duster 85PS Diesel RxE,Renault,2013,425000,170000,Diesel
12400,Swift VDI BSIV,Maruti,2015,495000,105000,Diesel
12401,Ertiga SHVS VDI,Maruti,2017,890000,60000,Diesel
12402,Verna CRDi 1.6 AT EX,Hyundai,2018,1100000,25000,Diesel
12403,XUV500 W8 2WD,Mahindra,2014,650000,218000,Diesel
12404,Fiesta 1.6 ZXi Duratec,Ford,2009,233000,58000,Petrol
12405,Indigo CS LS (TDI) BS-III,Tata,2015,300000,110000,Diesel
12406,Amaze S Petrol BSIV,Honda,2020,614000,1000,Petrol
12407,i10 Sportz 1.2,Hyundai,2010,250000,100000,Petrol
12408,i10 Sportz 1.2,Hyundai,2010,250000,110000,Petrol
12409,Alto LXi,Maruti,2011,200000,40000,Petrol
12410,Wagon R LX Minor,Maruti,2013,290000,52000,Petrol
12411,Wagon R LXI BS IV,Maruti,2013,320000,80000,Petrol
12412,Santro Xing XS eRLX Euro III,Hyundai,2006,145000,52000,Petrol
12413,Alto LXI,Maruti,2005,100000,124000,Petrol
12414,Punto 1.3 Emotion,Fiat,2010,130000,210000,Diesel
12415,Santro AT,Hyundai,2006,145000,66000,Petrol
12416,Alto LX BSIII,Maruti,2008,110000,120000,Petrol
12417,Swift Dzire VDI,Maruti,2019,680000,40000,Diesel
12418,800 Std,Maruti,2004,37500,90000,Petrol
12419,Ritz VDi,Maruti,2011,200000,120000,Diesel
12420,Sunny Diesel XL,Nissan,2012,300000,110000,Diesel
12421,Santro GS,Hyundai,2005,80000,56580,Petrol
12422,XUV500 AT W8 FWD,Mahindra,2015,740000,45000,Diesel
12423,Scorpio S10 7 Seater,Mahindra,2015,630000,50000,Diesel
12424,Santro Xing XG,Hyundai,2005,70000,68500,Petrol
12425,Santro Sportz AMT,Hyundai,2019,484999,5007,Petrol
12426,Micra Active XV S,Nissan,2013,164000,30000,Petrol
12427,City 1.5 V AT,Honda,2008,140000,70000,Petrol
12428,E-Class E250 CDI Elegance,Mercedes-Benz,2011,999000,49600,Diesel
12429,Alto LXI,Maruti,2005,56000,23000,Petrol
12430,7 Series 730Ld,BMW,2006,1050000,30000,Diesel
12431,Verna 1.6 VTVT,Hyundai,2010,190000,38000,Petrol
12432,Q5 3.0 TDI Quattro Technology,Audi,2018,3899000,22000,Diesel
12433,Ritz VDi,Maruti,2011,150000,40000,Diesel
12434,i10 Sportz 1.2,Hyundai,2011,235000,43100,Petrol
12435,Xylo H4,Mahindra,2019,599000,15000,Diesel
12436,Alto 800 LXI,Maruti,2018,200000,35000,Petrol
12437,GO Plus T,Datsun,2017,350000,10171,Petrol
12438,Duster 110PS Diesel RxL,Renault,2015,465000,41123,Diesel
12439,Camry Hybrid 2.5,Toyota,2017,1900000,20118,Petrol
12440,Ertiga 1.5 VDI,Maruti,2019,1000000,15000,Diesel
12441,Endeavour 2.2 Titanium AT 4X2,Ford,2019,2800000,10000,Diesel
12442,Swift Dzire VDI,Maruti,2015,470000,170000,Diesel
12443,Celerio ZXI,Maruti,2017,415000,20000,Petrol
12444,Terrano XL 85 PS,Nissan,2014,500000,82000,Diesel
12445,Spark 1.0 LT BS3,Chevrolet,2013,150000,60000,Petrol
12446,Alto STD,Maruti,2005,95000,50000,Petrol
12447,Swift LDI,Maruti,2012,400000,70000,Diesel
12448,Alto LX,Maruti,2008,114999,66782,Petrol
12449,Alto LX,Maruti,2006,75000,130000,Petrol
12450,Verna 1.6 SX CRDi (O),Hyundai,2013,500000,120000,Diesel
12451,800 AC,Maruti,2014,195000,75000,Petrol
12452,Alto 800 Base,Maruti,2015,155000,40000,Petrol
12453,Alto LXi,Maruti,2000,65000,90000,Petrol
12454,City 1.5 GXI,Honda,2005,65000,150000,Petrol
12455,Nano XM,Tata,2015,190000,60000,Petrol
12456,Verito 1.5 D6 BSIII,Mahindra,2012,200000,112198,Diesel
12457,Manza Aura Safire BS IV,Tata,2010,160000,60000,Petrol
12458,Indica Vista Aqua 1.4 TDI,Tata,2010,150000,130000,Diesel
12459,EcoSport 1.5 TDCi Titanium BSIV,Ford,2015,530000,175000,Diesel
12460,Scorpio S2 7 Seater,Mahindra,2015,750000,120000,Diesel
12461,Ritz VDi,Maruti,2012,225000,90000,Diesel
12462,Innova 2.5 VX (Diesel) 8 Seater BS IV,Toyota,2012,600000,170000,Diesel
12463,i20 Magna 1.4 CRDi (Diesel),Hyundai,2014,409999,80000,Diesel
12464,i20 Magna 1.4 CRDi,Hyundai,2014,409999,80000,Diesel
12465,800 AC BSIII,Maruti,2009,110000,83000,Petrol
12466,Creta 1.6 CRDi SX Option,Hyundai,2016,865000,90000,Diesel
12467,KWID RXT,Renault,2016,225000,40000,Petrol
12468,Santro Xing,Hyundai,2007,80000,45000,Petrol
12469,Jeep CL550,Mahindra,2006,425000,40,Diesel
12470,Grand i10,Hyundai,2014,325000,28000,Petrol
12471,EcoSport Titanium,Ford,2014,575000,36000,Diesel
12472,Figo,Ford,2012,175000,41000,Diesel
12473,Eon,Hyundai,2013,190000,25000,Petrol
12474,EcoSport Ambiente,Ford,2016,830000,24530,Diesel
12475,Suzuki Alto,Maruti,2015,250000,60000,Petrol
12476,Fabia Classic,Skoda,2010,182000,60000,Petrol
12477,Suzuki Stingray,Maruti,2015,315000,30000,Petrol
12478,Elite i20,Hyundai,2014,415000,32000,Petrol
12479,Scorpio SLE,Mahindra,2015,320000,48660,Diesel
12480,Santro Xing,Hyundai,2007,80000,45000,Petrol
12481,Jeep CL550,Mahindra,2006,425000,40,Diesel
12482,A8,Audi,2017,1000000,4000,Petrol
12483,Q7,Audi,2014,500000,16934,Diesel
12484,Scorpio S10,Mahindra,2016,350000,43000,Diesel
12485,Suzuki Alto,Maruti,2014,160000,35550,Petrol
12486,Scorpio S10,Mahindra,2016,350000,43000,Diesel
12487,Scorpio S10,Mahindra,2016,310000,39522,Diesel
12488,Suzuki Alto,Maruti,2015,75000,39000,Petrol
12489,i20 Sportz,Hyundai,2012,100000,55000,Petrol
12490,i20 Sportz,Hyundai,2012,100000,55000,Petrol
12491,i20 Sportz,Hyundai,2012,100000,55000,Petrol
12492,Suzuki Alto,Maruti,2017,190000,72000,Petrol
12493,Suzuki Vitara,Maruti,2016,290000,15975,Diesel
12494,Suzuki Alto,Maruti,2008,95000,70000,Petrol
12495,Bolero DI,Mahindra,2017,180000,23452,Diesel
12496,Suzuki Swift,Maruti,2014,385000,35522,Diesel
12497,Scorpio S10,Mahindra,2015,250000,48508,Diesel
12498,Suzuki Swift,Maruti,2017,180000,15487,Petrol
12499,Suzuki Wagon,Maruti,2013,105000,39000,Petrol
12500,Suzuki Wagon,Maruti,2013,105000,39000,Petrol
12501,Innova 2.0,Toyota,2012,650000,82000,Diesel
12502,Lodgy 85,Renault,2018,689999,20000,Diesel
12503,Yeti Ambition,Skoda,2012,448000,68000,Diesel
12504,Suzuki Baleno,Maruti,2017,549000,32000,Diesel
12505,Duster 110,Renault,2012,501000,38000,Diesel
12506,Duster 85,Renault,2013,489999,27000,Diesel
12507,City 1.5,Honda,2011,280000,33000,Petrol
12508,Suzuki Alto,Maruti,2015,250000,60000,Petrol
12509,Suzuki Dzire,Maruti,2013,349999,46000,Diesel
12510,Amaze,Honda,2013,284999,46000,Diesel
12511,Amaze 1.5,Honda,2015,345000,36000,Diesel
12512,City,Honda,2015,499999,55000,Petrol
12513,Redi GO,Datsun,2017,235000,16000,Petrol
12514,Suzuki SX4,Maruti,2010,249999,36000,Petrol
12515,Pajero Sport,Mitsubishi,2015,1475000,47000,Diesel
12516,Bolero DI,Mahindra,2017,180000,23452,Diesel
12517,Suzuki Swift,Maruti,2014,385000,35522,Diesel
12518,Scorpio S10,Mahindra,2015,250000,48508,Diesel
12519,Suzuki Swift,Maruti,2017,180000,15487,Petrol
12520,Suzuki Wagon,Maruti,2013,105000,39000,Petrol
12521,Suzuki Wagon,Maruti,2013,105000,39000,Petrol
12522,Scorpio S10,Mahindra,2015,395000,35000,Diesel
12523,Suzuki Swift,Maruti,2017,220000,30874,Petrol
12524,City ZX,Honda,2017,170000,15000,Diesel
12525,Suzuki Wagon,Maruti,2013,85000,29685,Petrol
12526,Figo,Ford,2012,175000,41000,Diesel
12527,Eon,Hyundai,2013,190000,25000,Petrol
12528,Indigo eCS,Tata,2017,200000,130000,Diesel
12529,EcoSport Ambiente,Ford,2016,830000,24530,Diesel
12530,Indigo eCS,Tata,2017,200000,130000,Diesel
12531,Scorpio SLE,Mahindra,2012,570000,19000,Diesel
12532,Polo Highline,Volkswagen,2014,315000,60000,Petrol
12533,Fabia Classic,Skoda,2010,182000,60000,Petrol
12534,Suzuki Stingray,Maruti,2015,315000,30000,Petrol
12535,Spark LS,Chevrolet,2010,110000,41000,Petrol
12536,Duster 110PS,Renault,2012,501000,35000,Diesel
12537,City,Honda,2015,448999,54000,Petrol
12538,Cooper S,Mini,2013,1891111,13000,Petrol
12539,Redi GO,Datsun,2017,235000,16000,Petrol
12540,Fabia 1.2L,Skoda,2011,159500,38200,Diesel
12541,Amaze,Honda,2015,344999,22000,Petrol
12542,Amaze,Honda,2015,344999,22000,Petrol
12543,Duster,Renault,2014,449999,50000,Diesel
12544,Cooper S,Mini,2013,1891111,13500,Petrol
12545,Scorpio S4,Mahindra,2015,865000,30000,Diesel
12546,Scorpio VLX,Mahindra,2014,699000,50000,Diesel
12547,Quanto C8,Mahindra,2013,375000,20000,Diesel
12548,EcoSport,Ford,2017,489999,39000,Petrol
12549,Brio,Honda,2012,224999,30000,Petrol
12550,Vento Highline,Volkswagen,2019,1200000,3600,Diesel
12551,i20 Magna,Hyundai,2009,195000,32000,Petrol
12552,Corolla Altis,Toyota,2010,351000,38000,Diesel
12553,Verna Transform,Hyundai,2008,160000,45000,Petrol
12554,Corolla Altis,Toyota,2009,240000,35000,Petrol
12555,City 1.5,Honda,2005,90000,50000,Petrol
12556,Elite i20,Hyundai,2014,415000,32000,Petrol
12557,Fabia 1.2L,Skoda,2011,155000,45863,Diesel
12558,3 Series,BMW,2011,600000,60500,Petrol
12559,Suzuki A,Maruti,2011,189500,12500,Petrol
12560,Etios GD,Toyota,2013,350000,60000,Diesel
12561,Figo Diesel,Ford,2012,210000,35000,Diesel
12562,Suzuki Swift,Maruti,2014,390000,35000,Petrol
12563,Beat LT,Chevrolet,2012,135000,45000,Diesel
12564,7 Series,BMW,2009,1600000,35000,Petrol
12565,XUV500 W8,Mahindra,2013,701000,38000,Diesel
12566,i10 Magna,Hyundai,2014,265000,18000,Petrol
12567,Verna Fluidic,Hyundai,2015,525000,35000,Diesel
12568,Suzuki Swift,Maruti,2013,372000,13349,Petrol
12569,Suzuki Ertiga,Maruti,2016,635000,29000,Petrol
12570,EcoSport Titanium,Ford,2014,550000,44000,Diesel
12571,Suzuki Ertiga,Maruti,2016,575000,29000,Petrol
12572,Suzuki Ertiga,Maruti,2013,485000,42000,Diesel
12573,Suzuki Alto,Maruti,2012,155000,14000,Petrol
12574,Grand i10,Hyundai,2014,345000,49000,Diesel
12575,Amaze 1.2,Honda,2014,325000,42000,Petrol
12576,i20 Asta,Hyundai,2012,329500,36200,Diesel
12577,Figo Diesel,Ford,2014,195000,50000,Diesel
12578,Suzuki Eeco,Maruti,2015,251111,55000,Petrol
12579,Suzuki Ertiga,Maruti,2014,569999,45000,Petrol
12580,Suzuki Esteem,Maruti,2007,69999,51000,Petrol
12581,Suzuki Ritz,Maruti,2014,299999,19000,Petrol
12582,Suzuki Dzire,Maruti,2009,220000,46000,Petrol
12583,Suzuki Ritz,Maruti,2013,399999,33000,Diesel
12584,Suzuki Swift,Maruti,2013,372000,13349,Petrol
12585,Suzuki Dzire,Maruti,2015,450000,104000,Diesel
12586,Etios Liva,Toyota,2014,270000,55000,Petrol
12587,i20 Sportz,Hyundai,2011,350000,33333,Diesel
12588,Spark,Chevrolet,2012,158400,33600,Petrol
12589,Suzuki Alto,Maruti,2017,350000,5600,Petrol
12590,Micra XV,Nissan,2011,179000,41000,Petrol
12591,Suzuki Swift,Maruti,2007,125000,70000,Petrol
12592,Suzuki Alto,Maruti,2018,200000,7500,Petrol
12593,Amaze 1.5,Honda,2013,299000,45000,Diesel
12594,Suzuki Alto,Maruti,2015,220000,38000,Petrol
12595,Beat,Chevrolet,2015,150000,30000,Petrol
12596,City 1.5,Honda,2010,285000,35000,Petrol
12597,EcoSport Trend,Ford,2016,830000,24330,Diesel
12598,i20 Asta,Hyundai,2009,210000,65480,Petrol
12599,Suzuki Swift,Maruti,2013,340000,41000,Petrol
12600,Indica V2,Tata,2006,90000,20000,Petrol
12601,Motors Ambassador,Hindustan,2000,70000,200000,Diesel
12602,Corolla Altis,Toyota,2010,289999,70000,Petrol
12603,Corolla Altis,Toyota,2012,349999,59000,Petrol
12604,Innova 2.5,Toyota,2012,849999,99000,Diesel
12605,Jetta Highline,Volkswagen,2014,749999,46000,Diesel
12606,Polo Comfortline,Volkswagen,2015,399999,2800,Petrol
12607,Polo,Volkswagen,2014,274999,32000,Petrol
12608,Scorpio,Mahindra,2015,984999,22000,Diesel
12609,Duster,Renault,2014,449999,50000,Diesel
12610,Amaze,Honda,2015,344999,22000,Petrol
12611,Sunny,Nissan,2012,224999,45000,Petrol
12612,Elite i20,Hyundai,2018,599999,21000,Petrol
12613,Kwid,Renault,2016,244999,11000,Petrol
12614,Duster,Renault,2013,399999,41000,Diesel
12615,EcoSport,Ford,2017,489999,39000,Petrol
12616,Duster,Renault,2014,474999,50000,Diesel
12617,Scorpio VLX,Mahindra,2011,499999,66000,Diesel
12618,Suzuki Alto,Maruti,2018,310000,3000,Petrol
12619,Spark LT,Chevrolet,2010,85000,45000,Petrol
12620,Redi GO,Datsun,2016,245000,7000,Petrol
12621,Suzuki Swift,Maruti,2010,189500,38500,Diesel
12622,Punto Emotion,Fiat,2012,169500,37200,Diesel
12623,Suzuki Swift,Maruti,2010,159500,43200,Diesel
12624,Etios GD,Toyota,2013,275000,24800,Petrol
12625,i20 Sportz,Hyundai,2014,370000,60000,Diesel
12626,i10 Sportz,Hyundai,2010,168000,45872,Petrol
12627,Beat LT,Chevrolet,2011,150000,40000,Diesel
12628,Beat LS,Chevrolet,2011,145000,45000,Diesel
12629,Beat LT,Chevrolet,2012,98500,38000,Diesel
12630,Scorpio VLX,Mahindra,2014,699000,50000,Diesel
12631,Indigo CS,Tata,2011,85000,11400,Diesel
12632,Corolla Altis,Toyota,2015,575000,42000,Petrol
12633,City 1.5,Honda,2014,549000,39000,Petrol
12634,Suzuki Swift,Maruti,2011,209000,47000,Diesel
12635,Eon Era,Hyundai,2013,185000,27000,Petrol
12636,Scorpio S10,Mahindra,2015,900000,97200,Diesel
12637,XUV500,Mahindra,2014,699999,52000,Diesel
12638,Brio,Honda,2012,224999,30000,Petrol
12639,Fiesta,Ford,2011,274999,55000,Diesel
12640,Amaze,Honda,2013,284999,46000,Diesel
12641,City,Honda,2015,599999,30000,Diesel
12642,Suzuki Wagon,Maruti,2012,199999,44000,Petrol
12643,City,Honda,2014,544999,45000,Diesel
12644,i20,Hyundai,2009,199000,31000,Petrol
12645,Indigo eCS,Tata,2016,320000,175430,Diesel
12646,Fluidic Verna,Hyundai,2015,540000,38000,Diesel
12647,Quanto C8,Mahindra,2013,340000,37000,Diesel
12648,Petra ELX,Fiat,2008,75000,65000,Petrol
12649,Fabia 1.2L,Skoda,2011,159500,38200,Diesel
12650,Cooper S,Mini,2013,1891111,13000,Petrol
12651,Santro Xing,Hyundai,2005,49000,7500,Petrol
12652,Suzuki Ciaz,Maruti,2016,700000,3350,Petrol
12653,Suzuki Zen,Maruti,2000,55000,60000,Petrol
12654,City,Honda,2015,448999,54000,Petrol
12655,Creta 1.6,Hyundai,2017,895000,32000,Petrol
12656,Scorpio SLX,Mahindra,2007,355000,75000,Diesel
12657,Scorpio SLE,Mahindra,2012,565000,62000,Diesel
12658,Innova 2.5,Toyota,2006,365000,73000,Diesel
12659,Suzuki Alto,Maruti,2011,145000,41000,Petrol
12660,Suzuki Wagon,Maruti,2011,210000,35000,Petrol
12661,Nano Cx,Tata,2013,40000,2200,Petrol
12662,Suzuki Alto,Maruti,2013,125000,39000,Petrol
12663,Suzuki Wagon,Maruti,2009,135000,45000,Petrol
12664,Suzuki Swift,Maruti,2006,135000,45000,Petrol
12665,Sumo Victa,Tata,2012,285000,65000,Diesel
12666,Suzuki Wagon,Maruti,2010,145000,54870,Petrol
12667,Suzuki Alto,Maruti,2010,135000,34580,Petrol
12668,Passat Diesel,Volkswagen,2009,450000,97000,Diesel
12669,Scala RxL,Renault,2015,375000,25000,Diesel
12670,Quanto C8,Mahindra,2013,375000,20000,Diesel
12671,Grand i10,Hyundai,2014,365000,20000,Petrol
12672,i20 Active,Hyundai,2015,500000,18000,Petrol
12673,Xylo E4,Mahindra,2012,400000,35000,Diesel
12674,Jeep MM,Mahindra,2019,390000,60,Diesel
12675,Duster 110PS,Renault,2012,501000,35000,Diesel
12676,Bolero SLE,Mahindra,2013,330000,80200,Diesel
12677,Motors Force,Force,2015,580000,3200,Diesel
12678,Suzuki SX4,Maruti,2012,265000,46000,Diesel
12679,Jeep CL550,Mahindra,2019,379000,0,Diesel
12680,Suzuki Alto,Maruti,2015,219000,5000,Petrol
12681,Jeep CL550,Mahindra,2018,385000,588,Diesel
12682,Etios,Toyota,2011,275000,36000,Diesel
12683,Polo,Volkswagen,2015,330000,38000,Diesel
12684,City ZX,Honda,2008,110000,45000,Petrol
12685,Suzuki Wagon,Maruti,2006,80000,71200,Petrol
12686,City VX,Honda,2016,519000,52000,Diesel
12687,Thar CRDe,Mahindra,2016,730000,29000,Diesel
12688,Pajero Sport,Mitsubishi,2015,1475000,47000,Diesel
12689,A4 1.8,Audi,2009,699000,47000,Petrol
12690,Benz GLA,Mercedes,2015,2000000,20000,Diesel
12691,Rover Freelander,Land,2015,2100000,30000,Diesel
12692,Kwid RXT,Renault,2017,340000,5000,Petrol
12693,Aria Pleasure,Tata,2014,390000,35000,Diesel
12694,Benz B,Mercedes,2014,1400000,31000,Petrol
12695,GO T,Datsun,2016,245000,7000,Petrol
12696,Indigo eCS,Tata,2016,320000,175430,Diesel
12697,Indigo eCS,Tata,2016,320000,175400,Diesel
12698,Jazz VX,Honda,2016,450000,41000,Petrol
12699,Amaze 1.2,Honda,2014,311000,33000,Petrol
12700,Amaze,Honda,2013,284999,46000,Diesel
12701,City,Honda,2012,399999,45000,Petrol
12702,City,Honda,2015,599999,39000,Diesel
12703,Amaze,Honda,2015,344999,22000,Petrol
12704,A4 1.8,Audi,2009,699000,47000,Petrol
12705,Motors Force,Force,2015,580000,3200,Diesel
12706,Scorpio S4,Mahindra,2015,855000,30000,Diesel
12707,i20 Active,Hyundai,2015,535000,37000,Diesel
12708,Cooper S,Mini,2013,1891111,13000,Petrol
12709,Suzuki Ciaz,Maruti,2017,699000,14000,Petrol
12710,Tavera Neo,Chevrolet,2013,375000,55000,Diesel
12711,Amaze,Honda,2013,284999,46000,Diesel
12712,Eon Sportz,Hyundai,2012,178000,30000,Petrol
12713,Sumo Gold,Tata,2013,300000,50000,Diesel
12714,Suzuki Wagon,Maruti,2003,90000,45000,Petrol
12715,Suzuki Esteem,Maruti,2006,95000,45000,Petrol
12716,Suzuki Eeco,Maruti,2015,255000,9300,Petrol
12717,Enjoy 1.4,Chevrolet,2013,245000,55000,Diesel
12718,i20 Asta,Hyundai,2012,329500,36200,Diesel
12719,Figo Diesel,Ford,2014,195000,50000,Diesel
12720,Suzuki Eeco,Maruti,2015,251111,55000,Petrol
12721,Suzuki Ertiga,Maruti,2014,569999,45000,Petrol
12722,Suzuki Esteem,Maruti,2007,69999,51000,Petrol
12723,Suzuki Ritz,Maruti,2014,299999,19000,Petrol
12724,Suzuki Dzire,Maruti,2009,220000,46000,Petrol
12725,Suzuki Ritz,Maruti,2013,399999,33000,Diesel
12726,Suzuki SX4,Maruti,2010,249999,36000,Petrol
12727,Suzuki Wagon,Maruti,2015,289999,22000,Petrol
12728,Cooper S,Mini,2013,1891111,13500,Petrol
12729,Terrano XL,Nissan,2015,499999,60000,Diesel
12730,Duster 85,Renault,2013,489999,27000,Diesel
12731,Duster 85,Renault,2014,489999,59000,Diesel
12732,Duster 85,Renault,2015,549999,19000,Diesel
12733,Suzuki Dzire,Maruti,2013,380000,30000,Petrol
12734,Kwid RXT,Renault,2018,325000,15000,Petrol
12735,Suzuki Maruti,Maruti,2003,57000,56758,Petrol
12736,Kwid 1.0,Renault,2018,349999,10000,Petrol
12737,Lodgy 85,Renault,2018,689999,20000,Diesel
12738,Scala RxL,Renault,2014,349999,49000,Diesel
12739,Grand i10,Hyundai,2014,410000,41000,Petrol
12740,Suzuki Swift,Maruti,2011,225000,45000,Petrol
12741,Beat LS,Chevrolet,2010,120000,43000,Petrol
12742,Indigo eCS,Tata,2016,320000,175430,Diesel
12743,Santro Xing,Hyundai,2000,59000,56450,Petrol
12744,Fluidic Verna,Hyundai,2015,540000,38000,Diesel
12745,Beat LS,Chevrolet,2010,80000,56000,Petrol
12746,Quanto C8,Mahindra,2013,340000,37000,Diesel
12747,Petra ELX,Fiat,2008,75000,65000,Petrol
12748,Beat LS,Chevrolet,2015,220000,32700,Petrol
12749,Fabia 1.2L,Skoda,2011,159500,38200,Diesel
12750,EcoSport Titanium,Ford,2016,599000,30000,Diesel
12751,Accent GLX,Hyundai,2006,80000,56000,Petrol
12752,TUV300 T4,Mahindra,2016,675000,9000,Diesel
12753,Cooper S,Mini,2013,1891111,13000,Petrol
12754,Cooper S,Mini,2013,1891111,13000,Petrol
12755,Indica V2,Tata,2008,150000,11000,Petrol
12756,Cooper S,Mini,2013,1891111,13000,Petrol
12757,Indigo CS,Tata,2009,72500,46000,Diesel
12758,Suzuki Swift,Maruti,2019,610000,73,Petrol
12759,Scorpio VLX,Mahindra,2004,230000,160000,Diesel
12760,Accord,Honda,2009,175000,58559,Petrol
12761,Scorpio S4,Mahindra,2015,855000,30000,Diesel
12762,Tavera Neo,Chevrolet,2013,375000,55000,Diesel
12763,EcoSport Titanium,Ford,2014,520000,57000,Diesel
12764,Suzuki Ertiga,Maruti,2015,524999,50000,Diesel
12765,Amaze,Honda,2014,299999,37000,Petrol
12766,Suzuki Dzire,Maruti,2012,299999,40000,Petrol
12767,City,Honda,2011,284999,55000,Petrol
12768,Scorpio 2.6,Mahindra,2007,220000,170000,Diesel
12769,Suzuki Dzire,Maruti,2014,424999,55000,Diesel
12770,City,Honda,2015,644999,39000,Petrol
12771,Mobilio,Honda,2014,399999,44000,Petrol
12772,Corolla Altis,Toyota,2009,199999,65000,Petrol
12773,City,Honda,2014,584999,39000,Petrol
12774,Laura,Skoda,2012,349999,44000,Diesel
12775,Duster,Renault,2015,449999,49000,Diesel
12776,Suzuki Ertiga,Maruti,2018,799999,9000,Diesel
12777,Suzuki Dzire,Maruti,2015,444999,45000,Diesel
12778,XUV500,Mahindra,2014,649999,47000,Diesel
12779,Verna Fluidic,Hyundai,2012,444999,40000,Diesel
12780,Suzuki Vitara,Maruti,2016,689999,29000,Diesel
12781,Suzuki Wagon,Maruti,2016,344999,15000,Petrol
12782,Scorpio,Mahindra,2015,944999,45000,Diesel
12783,Amaze,Honda,2014,274999,35000,Petrol
12784,XUV500,Mahindra,2013,689999,80000,Diesel
12785,Scorpio,Mahindra,2013,574999,68000,Diesel
12786,Laura,Skoda,2013,374999,50000,Diesel
12787,Polo,Volkswagen,2010,199999,60000,Diesel
12788,Elite i20,Hyundai,2016,549999,9000,Petrol
12789,Manza Aura,Tata,2012,130000,72000,Diesel
12790,Sail UVA,Chevrolet,2013,210000,60000,Petrol
12791,Duster 110,Renault,2012,501000,38000,Diesel
12792,Verna Fluidic,Hyundai,2013,401000,45000,Diesel
12793,A4 2.0,Audi,2012,1350000,40000,Diesel
12794,Elantra SX,Hyundai,2013,600000,20000,Petrol
12795,Scorpio VLX,Mahindra,2013,610000,35000,Diesel
12796,KUV100 K8,Mahindra,2016,400000,20000,Diesel
12797,Scala RxL,Renault,2015,375000,25000,Diesel
12798,Quanto C8,Mahindra,2013,375000,20000,Diesel
12799,Grand i10,Hyundai,2014,365000,20000,Petrol
12800,i20 Active,Hyundai,2015,500000,18000,Petrol
12801,Xylo E4,Mahindra,2012,400000,35000,Diesel
12802,Grand i10,Hyundai,2017,524999,6821,Petrol
12803,i20,Hyundai,2014,449999,23000,Petrol
12804,Eon,Hyundai,2014,174999,14000,Petrol
12805,i10,Hyundai,2012,244999,38000,Petrol
12806,i20 Active,Hyundai,2015,574999,35000,Diesel
12807,Redi GO,Datsun,2017,244999,22000,Petrol
12808,Etios Liva,Toyota,2011,239999,41000,Petrol
12809,Accent,Hyundai,2010,99999,45000,Petrol
12810,Verna,Hyundai,2014,489999,44000,Diesel
12811,Suzuki Swift,Maruti,2013,324999,45000,Diesel
12812,Fortuner,Toyota,2011,1074999,52000,Diesel
12813,i10 Sportz,Hyundai,2012,230000,34000,Petrol
12814,Bolero Power,Mahindra,2018,699000,1800,Diesel
12815,XUV500,Mahindra,2015,1000000,15000,Diesel
12816,City 1.5,Honda,2010,240000,400000,Petrol
12817,Spark LT,Chevrolet,2009,110000,44000,Petrol
12818,Jeep MM,Mahindra,2019,390000,60,Diesel
12819,Duster 110PS,Renault,2012,501000,35000,Diesel
12820,XUV500,Mahindra,2016,1130000,72000,Diesel
12821,Indigo eCS,Tata,2014,250000,40000,Diesel
12822,Bolero SLE,Mahindra,2013,330000,80200,Diesel
12823,Motors Force,Force,2015,580000,3200,Diesel
12824,Rapid Elegance,Skoda,2013,340000,48000,Diesel
12825,Vista Quadrajet,Tata,2011,120000,90000,Diesel
12826,Suzuki Alto,Maruti,2015,265000,12000,Petrol
12827,Suzuki SX4,Maruti,2012,265000,46000,Diesel
12828,Suzuki Zen,Maruti,2003,85000,69900,Petrol
12829,Jeep CL550,Mahindra,2019,379000,0,Diesel
12830,i10 Magna,Hyundai,2011,175000,45000,Petrol
12831,Suzuki Alto,Maruti,2015,219000,5000,Petrol
12832,Suzuki Swift,Maruti,2016,350000,166000,Diesel
12833,City ZX,Honda,2008,149000,42000,Petrol
12834,Jeep CL550,Mahindra,2018,385000,588,Diesel
12835,Jeep MM,Mahindra,2006,425000,122,Diesel
12836,Beat Diesel,Chevrolet,2017,150000,62000,Diesel
12837,City 1.5,Honda,2010,225000,70000,Petrol
12838,Verna 1.4,Hyundai,2014,375000,36000,Petrol
12839,Innova 2.5,Toyota,2012,770000,0,Diesel
12840,Suzuki Maruti,Maruti,1995,30000,55000,Petrol
12841,Etios,Toyota,2011,275000,36000,Diesel
12842,Polo,Volkswagen,2015,330000,38000,Diesel
12843,Suzuki Swift,Maruti,2014,335000,55000,Diesel
12844,Elite i20,Hyundai,2015,450000,20000,Diesel
12845,Suzuki Swift,Maruti,2012,225000,40000,Petrol
12846,Suzuki Versa,Maruti,2004,80000,50000,Petrol
12847,Indigo LX,Tata,2016,130000,104000,Diesel
12848,Vento Konekt,Volkswagen,2011,245000,65000,Diesel
12849,Benz C,Mercedes,2002,399000,41000,Petrol
12850,Suzuki Ertiga,Maruti,2013,450000,90000,Diesel
12851,City,Honda,2000,65000,80000,Petrol
12852,Santro Xing,Hyundai,2006,75000,46000,Petrol
12853,Suzuki Omni,Maruti,2001,70000,70000,Petrol
12854,Sonata Transform,Hyundai,2017,190000,36469,Diesel
12855,Elite i20,Hyundai,2018,600000,7800,Petrol
12856,Vento Konekt,Volkswagen,2011,245000,65000,Diesel
12857,Suzuki Alto,Maruti,2017,240000,60000,Petrol
12858,Suzuki Alto,Maruti,2011,155000,32000,Petrol
12859,Jazz S,Honda,2009,169999,24695,Petrol
12860,Grand i10,Hyundai,2017,450000,15141,Petrol
12861,Suzuki Zen,Maruti,2001,40000,40000,Petrol
12862,Scorpio W,Mahindra,2012,165000,65000,Diesel
12863,Suzuki Alto,Maruti,2014,270000,22000,Petrol
12864,Grand i10,Hyundai,2016,280000,59910,Diesel
12865,XUV500 W8,Mahindra,2012,560000,100000,Diesel
12866,Creta 1.6,Hyundai,2016,950000,25000,Petrol
12867,i20 Magna,Hyundai,2013,310000,35000,Petrol
12868,Duster 85,Renault,2015,715000,65000,Diesel
12869,Grand i10,Hyundai,2014,340000,35000,Petrol
12870,Brio V,Honda,2012,235000,33000,Petrol
12871,TUV300 T4,Mahindra,2017,610000,68000,Diesel
12872,Spark LS,Chevrolet,2010,95000,23000,Petrol
12873,TUV300 T8,Mahindra,2018,1000000,4500,Diesel
12874,Suzuki Swift,Maruti,2015,220000,129000,Diesel
12875,X Trail,Nissan,2019,1200000,300,Diesel
12876,Suzuki Alto,Maruti,2015,230000,5000,Petrol
12877,Ikon 1.3,Ford,2001,45000,65000,Petrol
12878,Fortuner 3.0,Toyota,2010,940000,131000,Diesel
12879,Manza ELAN,Tata,2010,155555,111111,Petrol
12880,Benz A,Mercedes,2013,1500000,14000,Petrol
12881,Beat LS,Chevrolet,2016,210000,22000,Diesel
12882,EcoSport Trend,Ford,2013,495000,38000,Diesel
12883,Indigo LS,Tata,2016,125000,70000,Diesel
12884,i20 Magna,Hyundai,2010,195000,36000,Petrol
12885,Vento Highline,Volkswagen,2015,550000,34000,Diesel
12886,Kwid RXT,Renault,2015,270000,43000,Petrol
12887,EcoSport Titanium,Ford,2014,500000,40000,Diesel
12888,Amaze 1.5,Honda,2016,240000,160000,Diesel
12889,Verna 1.6,Hyundai,2017,800000,12000,Petrol
12890,5 Series,BMW,2011,1299000,49000,Diesel
12891,Superb 1.8,Skoda,2011,530000,68000,Petrol
12892,Q3 2.0,Audi,2013,1499000,37000,Diesel
12893,Bolero DI,Mahindra,2012,220000,59466,Diesel
12894,Scorpio S10,Mahindra,2015,900000,97200,Diesel
12895,Figo Duratorq,Ford,2012,250000,99000,Diesel
12896,Suzuki Wagon,Maruti,2018,395000,25500,Petrol
12897,Logan Diesel,Mahindra,2009,130000,66000,Petrol
12898,Nano GenX,Tata,2010,32000,44005,Petrol
12899,TUV300 T4,Mahindra,2016,540000,35000,Diesel
12900,TUV300 T4,Mahindra,2016,540000,35000,Diesel
12901,Elite i20,Hyundai,2015,405000,28000,Petrol
12902,Elite i20,Hyundai,2015,400000,30000,Petrol
12903,City SV,Honda,2017,760000,4000,Petrol
12904,Suzuki Baleno,Maruti,2016,500000,28000,Petrol
12905,Figo Petrol,Ford,2011,175000,75000,Petrol
12906,Scorpio S10,Mahindra,2015,900000,97200,Diesel
12907,City,Honda,2017,750000,3000,Petrol
12908,Elite i20,Hyundai,2015,419000,20000,Petrol
12909,Suzuki Versa,Maruti,2004,90000,50000,Petrol
12910,Eon Era,Hyundai,2018,140000,2110,Petrol
12911,Pajero Sport,Mitsubishi,2015,1540000,43222,Petrol
12912,i10 Magna,Hyundai,2008,275000,100200,Petrol
12913,Corolla H2,Toyota,2003,150000,100000,Petrol
12914,Suzuki Swift,Maruti,2011,230000,65,Petrol
12915,Indigo CS,Tata,2015,123000,100000,Diesel
12916,Scorpio S10,Mahindra,2015,900000,97200,Diesel
12917,Scorpio S10,Mahindra,2015,900000,97200,Diesel
12918,Xcent Base,Hyundai,2016,300000,140000,Diesel
12919,City,Honda,2015,499999,55000,Petrol
12920,Accent Executive,Hyundai,2009,165000,48000,Petrol
12921,Suzuki Baleno,Maruti,2016,498000,22000,Petrol
12922,Zest XE,Tata,2018,480000,103553,Diesel
12923,Suzuki Dzire,Maruti,2017,488000,80000,Diesel
12924,Sumo Gold,Tata,2014,250000,99000,Diesel
12925,Corolla Altis,Toyota,2010,220000,58000,Petrol
12926,Suzuki Eeco,Maruti,2013,290000,70000,LPG
12927,Fortuner 3.0,Toyota,2015,1525000,120000,Diesel
12928,XUV500 W6,Mahindra,2013,548900,49800,Diesel
12929,Tigor Revotron,Tata,2019,650000,100,Diesel
12930,Suzuki 800,Maruti,2001,55000,81876,Petrol
12931,Suzuki Ertiga,Maruti,2015,550000,75000,Petrol
12932,Suzuki Versa,Maruti,2004,90000,50000,Petrol
12933,Mobilio S,Honda,2014,399000,44000,Diesel
12934,Suzuki Ertiga,Maruti,2016,730000,55000,Diesel
12935,Suzuki Vitara,Maruti,2017,725000,36000,Diesel
12936,Verna 1.6,Hyundai,2016,195000,56000,Diesel
12937,Suzuki Swift,Maruti,2007,130000,62000,Petrol
12938,Fortuner 3.0,Toyota,2015,1525000,120000,Diesel
12939,Suzuki Omni,Maruti,2014,190000,6020,Petrol
12940,Amaze,Honda,2013,250000,55700,Diesel
12941,Indica,Tata,2005,80000,42000,Petrol
12942,Santro Xing,Hyundai,2003,120000,50000,Petrol
12943,Suzuki Zen,Maruti,2010,149000,35000,Petrol
12944,Suzuki Wagon,Maruti,2014,250000,18500,Petrol
12945,Suzuki Wagon,Maruti,2007,120000,7000,Petrol
12946,Brio VX,Honda,2017,450000,11000,Petrol
12947,Suzuki Zen,Maruti,2003,99999,53000,Petrol
12948,Suzuki Zen,Maruti,2008,135000,23000,Petrol
12949,Suzuki Wagon,Maruti,2016,225000,35500,Diesel
12950,Suzuki Alto,Maruti,2010,99000,22134,Petrol
12951,Kwid RXT,Renault,2019,370000,1000,Petrol
12952,Nano Lx,Tata,2010,52000,9000,Petrol
12953,XE XE,Jaguar,2016,2800000,8500,Petrol
12954,Eon Magna,Hyundai,2014,190000,35000,Petrol
12955,City 1.5,Honda,2014,499000,22000,Petrol
12956,Motors Ambassador,Hindustan,2002,90000,25000,Diesel
12957,Suzuki Ritz,Maruti,2010,149000,40000,Petrol
12958,Grand i10,Hyundai,2017,400000,20000,Petrol
12959,Eon D,Hyundai,2016,120000,87000,Petrol
12960,Suzuki Swift,Maruti,2015,250000,55000,Petrol
12961,Suzuki Wagon,Maruti,2017,375000,23000,Petrol
12962,Amaze 1.2,Honda,2014,381000,6000,Petrol
12963,Suzuki Estilo,Maruti,2013,180000,65000,Petrol
12964,Suzuki Vitara,Maruti,2016,580000,25000,Diesel
12965,Suzuki Eeco,Maruti,2015,278000,39000,Petrol
12966,Creta 1.6,Hyundai,2016,1000000,8000,Petrol
12967,Scorpio Vlx,Mahindra,2013,690000,75000,Diesel
12968,Suzuki Ertiga,Maruti,2012,480000,51000,Diesel
12969,Lancer 1.8,Mitsubishi,2006,85000,50000,Petrol
12970,Suzuki Maruti,Maruti,2001,40000,75000,Petrol
12971,Suzuki Alto,Maruti,2015,90000,55800,Petrol
12972,Grand i10,Hyundai,2015,340000,53000,Petrol
12973,Eon D,Hyundai,2018,260000,25000,Petrol
12974,Fiesta SXi,Ford,2009,250000,56400,Petrol
12975,Suzuki Ritz,Maruti,2010,180000,72160,Diesel
12976,Verna Fluidic,Hyundai,2012,350000,10000,Diesel
12977,Suzuki Wagon,Maruti,2006,90001,48000,Petrol
12978,Suzuki Estilo,Maruti,2007,115000,36000,Petrol
12979,A6 2.0,Audi,2012,1599000,11500,Diesel
12980,Suzuki Wagon,Maruti,2003,130000,133000,Petrol
12981,Suzuki Wagon,Maruti,2009,159000,27000,Petrol
12982,Suzuki Wagon,Maruti,2009,160000,35000,Petrol
12983,Suzuki Alto,Maruti,2010,110000,55000,Petrol
12984,Suzuki Baleno,Maruti,2016,425000,40000,Petrol
12985,Verna 1.6,Hyundai,2019,900000,2000,Petrol
12986,Suzuki Swift,Maruti,2009,150000,45000,Petrol
12987,Getz Prime,Hyundai,2009,110000,20000,Petrol
12988,Santro,Hyundai,2000,51999,88000,Petrol
12989,Getz Prime,Hyundai,2009,115000,20000,Petrol
12990,Beat PS,Chevrolet,2012,215000,65422,Diesel
12991,EcoSport Trend,Ford,2017,580000,10000,Petrol
12992,Suzuki Dzire,Maruti,2013,380000,35000,Petrol
12993,Fluidic Verna,Hyundai,2013,350000,117000,Diesel
12994,Indica V2,Tata,2005,35000,150000,Diesel
12995,X1 xDrive20d,BMW,2011,1150000,72000,Diesel
12996,i20 Asta,Hyundai,2010,300000,10750,Petrol
12997,City 1.5,Honda,2009,269000,55000,Petrol
12998,Nano,Tata,2013,60000,6800,Petrol
12999,Cruze LTZ,Chevrolet,2014,400000,41000,Diesel
13000,Verna Fluidic,Hyundai,2015,430000,73000,Diesel
13001,Suzuki Swift,Maruti,2011,140000,65000,Diesel
13002,XUV500 W6,Mahindra,2014,8500003,45000,Diesel
13003,XUV500 W10,Mahindra,2018,1299000,40000,Diesel
13004,Suzuki Alto,Maruti,2014,199000,37000,Petrol
13005,Accent GLE,Hyundai,2006,90000,55000,Petrol
13006,Motors One,Force,2013,550000,140000,Diesel
13007,Suzuki Alto,Maruti,2019,265000,9800,Petrol
13008,Spark 1.0,Chevrolet,2011,100000,27000,Petrol
13009,i10,Hyundai,2009,215000,27000,Petrol
13010,Etios Liva,Toyota,2012,380000,20000,Diesel
13011,Duster 85PS,Renault,2013,401919,57923,Diesel
13012,Enjoy,Chevrolet,2014,490000,30201,Diesel
13013,Suzuki Alto,Maruti,2017,280000,6200,Petrol
13014,5 Series,BMW,2009,650000,37518,Petrol
13015,Etios Liva,Toyota,2014,160000,24652,Petrol
13016,Jeep MM,Mahindra,2004,424000,383,Diesel
13017,Beat LS,Chevrolet,2016,225000,95000,Diesel
13018,Cruze LTZ,Chevrolet,2011,350000,35000,Diesel
13019,Wrangler Unlimited,Jeep,2015,950000,3528,Diesel
13020,Suzuki Ertiga,Maruti,2013,485000,52500,Diesel
13021,Verna VGT,Hyundai,2010,205000,47900,Diesel
13022,Suzuki Omni,Maruti,2012,160000,14000,Petrol
13023,Suzuki Celerio,Maruti,2018,310000,37000,Petrol
13024,Zest Quadrajet,Tata,2017,180000,90000,Diesel
13025,XUV500 W6,Mahindra,2013,549900,52800,Diesel
13026,Indigo CS,Tata,2016,150000,104000,Diesel
13027,i10 Era,Hyundai,2011,175000,30000,Petrol
13028,Indigo eCS,Tata,2014,95000,195000,Diesel
13029,Indigo LX,Tata,2016,230000,104000,Diesel
13030,Indigo eCS,Tata,2016,230000,104000,Diesel
13031,Indigo Marina,Tata,2004,180000,70000,Diesel
13032,Xcent SX,Hyundai,2015,400000,43000,Diesel
13033,Eon Magna,Hyundai,2013,185000,23000,Petrol
13034,Duster 85,Renault,2015,385000,51000,Diesel
13035,Suzuki Alto,Maruti,2009,90000,62000,Petrol
13036,Nano LX,Tata,2010,32000,48008,Petrol
13037,Duster 110,Renault,2013,435000,39000,Diesel
13038,Suzuki Wagon,Maruti,2010,225000,40000,Petrol
13039,Suzuki Swift,Maruti,2006,189700,48247,Petrol
13040,Suzuki Ertiga,Maruti,2012,389700,39000,Diesel
13041,Suzuki Swift,Maruti,2014,365000,23000,Petrol
13042,Suzuki Alto,Maruti,2017,360000,9400,Petrol
13043,i20 Magna,Hyundai,2010,210000,50000,Petrol
13044,i10 Magna,Hyundai,2009,170000,75000,Petrol
13045,Zest XE,Tata,2017,380000,70000,Diesel
13046,Xylo E8,Mahindra,2009,295000,64000,Diesel
13047,Corolla Altis,Toyota,2010,185000,55000,Petrol
13048,Manza Aqua,Tata,2014,160000,200000,Diesel
13049,Kwid 1.0,Renault,2018,290000,2137,Petrol
13050,Venture EX,Tata,2013,100000,30000,Diesel
13051,Suzuki Swift,Maruti,2014,315000,44000,Petrol
13052,Octavia Classic,Skoda,2006,114990,65000,Diesel
13053,Suzuki Omni,Maruti,2012,120000,160000,LPG
13054,Beat Diesel,Chevrolet,2011,125000,56000,Diesel
13055,Sumo Gold,Tata,2012,210000,75000,Diesel
13056,Verna 1.6,Hyundai,2018,855000,42000,Diesel
13057,Sumo Gold,Tata,2012,210000,75000,Diesel
13058,Scorpio 2.6,Mahindra,2007,260000,56000,Diesel
13059,Suzuki Zen,Maruti,2002,95000,10544,Petrol
13060,Suzuki Swift,Maruti,2011,255000,64000,Petrol
13061,Scorpio SLX,Mahindra,2008,300000,70000,Diesel
13062,Grand i10,Hyundai,2014,340000,25000,Petrol
13063,Elite i20,Hyundai,2017,550000,15000,Petrol
13064,Ikon 1.6,Ford,2003,60000,50000,Petrol
13065,Innova 2.5,Toyota,2011,750000,147000,Diesel
13066,Sunny XL,Nissan,2011,230000,52000,Petrol
13067,Beat LT,Chevrolet,2012,130000,90001,Diesel
13068,Suzuki Alto,Maruti,2017,270000,21000,Petrol
13069,Suzuki Swift,Maruti,2012,280000,48006,Diesel
13070,Suzuki Swift,Maruti,2012,280000,48006,Diesel
13071,Suzuki Swift,Maruti,2012,280000,48006,Diesel
13072,Innova 2.0,Toyota,2012,600000,80000,Diesel
13073,Suzuki Swift,Maruti,2010,190000,74000,Diesel
13074,Elite i20,Hyundai,2015,500000,22000,Petrol
13075,XUV500 W10,Mahindra,2016,1065000,41000,Diesel
13076,Polo Trendline,Volkswagen,2015,350000,25000,Diesel
13077,Etios Liva,Toyota,2012,350000,85000,Diesel
13078,TUV300 T4,Mahindra,2016,540000,29500,Diesel
13079,Elite i20,Hyundai,2015,470000,30000,Petrol
13080,Santro Xing,Hyundai,2014,179000,57000,Petrol
13081,Suzuki Zen,Maruti,2003,48000,60000,Petrol
13082,Suzuki Ciaz,Maruti,2016,650000,50000,Petrol
13083,Eon Era,Hyundai,2013,190000,39700,Petrol
13084,Elantra 1.8,Hyundai,2012,500000,65000,Petrol
13085,Suzuki Swift,Maruti,2010,270000,67000,Diesel
13086,Suzuki Zen,Maruti,2008,125000,46000,Petrol
13087,Eon Era,Hyundai,2012,188000,38000,Petrol
13088,Grand i10,Hyundai,2016,380000,27000,Petrol
13089,Verna Fluidic,Hyundai,2011,365000,43000,Diesel
13090,EcoSport Trend,Ford,2014,465000,47000,Petrol
13091,i20 Magna,Hyundai,2011,240000,42000,Petrol
13092,Beat Diesel,Chevrolet,2016,179999,19336,Diesel
13093,Indica eV2,Tata,2015,140000,60105,Diesel
13094,XF 2.2,Jaguar,2013,2190000,29000,Diesel
13095,Q5 2.0,Audi,2014,2390000,34000,Diesel
13096,3 Series,BMW,2011,1075000,35000,Diesel
13097,Suzuki Swift,Maruti,2015,475000,22000,Petrol
13098,X1 sDrive20d,BMW,2012,1025000,41000,Diesel
13099,Suzuki S,Maruti,2016,615000,21000,Diesel
13100,Suzuki Ertiga,Maruti,2013,475000,48000,Diesel
13101,Suzuki Alto,Maruti,2016,270000,38000,Petrol
13102,City SV,Honda,2014,475000,34000,Diesel
13103,Vento Comfortline,Volkswagen,2011,240000,45933,Petrol
13104,City 1.5,Honda,2005,120000,68000,Petrol
13105,A4 2.0,Audi,2016,1900000,44000,Diesel
13106,KUV100,Mahindra,2017,360000,35000,Diesel
13107,Zest XE,Tata,2018,450000,102563,Diesel
13108,XUV500 W8,Mahindra,2015,900000,28600,Diesel
13109,Suzuki Swift,Maruti,2017,650000,41800,Diesel
13110,Sumo Gold,Tata,2014,275000,116000,Diesel
13111,Suzuki Swift,Maruti,2009,210000,59000,Petrol
13112,Scorpio 2.6,Mahindra,2004,175000,58000,Diesel
13113,Suzuki Omni,Maruti,2009,85000,45000,Petrol
13114,Pajero Sport,Mitsubishi,2015,1490000,42590,Diesel
13115,Duster,Renault,2014,800000,7400,Diesel
13116,Jetta Comfortline,Volkswagen,2009,450000,54500,Diesel
13117,Suzuki Ertiga,Maruti,2012,1000000,200000,Diesel
13118,A4 2.0,Audi,2013,1510000,27000,Diesel
13119,S80 Summum,Volvo,2015,1850000,42000,Diesel
13120,Corolla Altis,Toyota,2014,790000,29000,Petrol
13121,Pajero Sport,Mitsubishi,2015,1725000,37000,Diesel
13122,Beat LT,Chevrolet,2012,135000,36000,Petrol
13123,X1,BMW,2011,1000000,34000,Diesel
13124,Redi GO,Datsun,2018,299999,7000,Petrol
13125,Benz C,Mercedes,2009,1225000,76000,Diesel
13126,Scorpio SLX,Mahindra,2004,175000,60000,Diesel
13127,Vento Comfortline,Volkswagen,2011,200000,95000,Diesel
13128,Indigo CS,Tata,2017,270000,50000,Diesel
13129,Figo Petrol,Ford,2019,525000,0,Petrol
13130,City ZX,Honda,2006,180000,50000,Petrol
13131,Suzuki Wagon,Maruti,2008,140000,68000,Petrol
13132,EcoSport Trend,Ford,2014,400000,16000,Petrol
13133,Suzuki Swift,Maruti,2016,499000,51000,Diesel
13134,Suzuki Omni,Maruti,2009,85000,56000,Petrol
13135,Suzuki Zen,Maruti,2004,70000,100000,Petrol
13136,Duster RxL,Renault,2015,550000,36000,Petrol
13137,Suzuki Swift,Maruti,2014,370000,11523,Petrol
13138,Suzuki Baleno,Maruti,2018,690000,1000,Petrol
13139,WR V,Honda,2009,250000,60000,Petrol
13140,Indigo CS,Tata,2016,110000,85000,Diesel
13141,Duster 110,Renault,2013,490000,38600,Diesel
13142,Scorpio LX,Mahindra,2009,320000,95500,Diesel
13143,Suzuki Zen,Maruti,2004,68000,56000,Petrol
13144,Suzuki Wagon,Maruti,2014,130000,37458,Petrol
13145,Suzuki SX4,Maruti,2016,970000,85960,Diesel
13146,A3 Cabriolet,Audi,2015,3100000,12516,Petrol
13147,Eon D,Hyundai,2018,280000,35000,Petrol
13148,Suzuki Zen,Maruti,2009,125000,0,Petrol
13149,Scorpio SLX,Mahindra,2008,285000,80000,Diesel
13150,Santro AE,Hyundai,2011,165000,45000,Petrol
13151,Suzuki Swift,Maruti,2009,250000,51000,Diesel
13152,Scorpio S4,Mahindra,2015,865000,30000,Diesel
13153,Xylo D2,Mahindra,2011,390000,48000,Diesel
13154,Santro,Hyundai,2003,60000,51000,Petrol
13155,Beat LT,Chevrolet,2015,215000,90000,Diesel
13156,Suzuki Swift,Maruti,2015,475000,43000,Diesel
13157,XUV500 W8,Mahindra,2015,899000,53000,Diesel
13158,Fortuner 3.0,Toyota,2013,1499000,97000,Diesel
13159,Suzuki Alto,Maruti,2013,240000,20000,Petrol
13160,Getz GLE,Hyundai,2007,99000,55000,Petrol
13161,Suzuki Swift,Maruti,2014,260000,120000,Diesel
13162,Creta 1.6,Hyundai,2019,1200000,0,Petrol
13163,Santro Xing,Hyundai,2007,115000,46000,Petrol
13164,Santro Xing,Hyundai,2009,88000,43200,Petrol
13165,Xylo D2,Mahindra,2011,390000,56000,Diesel
13166,Santro Xing,Hyundai,2007,135000,42000,Petrol
13167,Indica V2,Tata,2009,90000,30600,Diesel
13168,i10 Sportz,Hyundai,2011,220000,38000,Petrol
13169,Grand i10,Hyundai,2017,424999,2550,Petrol
13170,Santro Xing,Hyundai,2007,135000,47000,Petrol
13171,City 1.5,Honda,2005,95000,41000,Petrol
13172,Micra XL,Nissan,2017,430000,62500,Diesel
13173,City 1.5,Honda,2005,115000,68000,Petrol
13174,Suzuki Alto,Maruti,2015,215000,50000,Petrol
13175,Suzuki Wagon,Maruti,2004,53000,69000,Petrol
13176,Suzuki Ertiga,Maruti,2012,500000,48000,Diesel
13177,Indica eV2,Tata,2012,85000,55000,Diesel
13178,Suzuki Omni,Maruti,2013,165000,25000,Petrol
13179,Eon Era,Hyundai,2014,200000,28400,Petrol
13180,Eon,Hyundai,2014,200000,28000,Petrol
13181,Suzuki Swift,Maruti,2015,425000,42000,Diesel
13182,Verna 1.6,Hyundai,2012,600000,29000,Diesel
13183,Tavera LS,Chevrolet,2005,130000,68485,Diesel
13184,Tiago Revotron,Tata,2018,430000,3500,Petrol
13185,Tiago Revotorq,Tata,2019,568500,0,Petrol
13186,Suzuki Zen,Maruti,2006,71000,32000,Petrol
13187,KUV100 K8,Mahindra,2018,560000,8000,Diesel
13188,EcoSport Titanium,Ford,2014,590000,34000,Diesel
13189,Motors Ambassador,Hindustan,1995,750000,37000,Petrol
13190,Fusion 1.4,Ford,2007,125000,85455,Diesel
13191,Santro Xing,Hyundai,2007,135000,46000,Petrol
13192,Santro,Hyundai,2002,60000,47000,Petrol
13193,Linea Emotion,Fiat,2009,120000,64000,Petrol
13194,Ikon 1.3,Ford,2008,95000,46000,Petrol
13195,Suzuki Omni,Maruti,2017,240000,8000,Petrol
13196,Indica V2,Tata,2012,115000,64000,Diesel
13197,Scorpio S4,Mahindra,2015,795000,63000,Diesel
13198,Santro Xing,Hyundai,2007,55000,65000,Petrol
13199,Xylo D2,Mahindra,2009,300000,62000,Diesel
13200,Grand i10,Hyundai,2014,320000,41000,Petrol
13201,Suzuki Alto,Maruti,2015,265000,14000,Petrol
13202,Corolla,Toyota,2006,160000,40000,Petrol
13203,Eon Magna,Hyundai,2017,300000,1600,Petrol
13204,Sumo Grande,Tata,2010,130000,90000,Diesel
13205,Suzuki Swift,Maruti,2011,250000,58000,Diesel
13206,Polo Highline1.2L,Volkswagen,2013,380000,27000,Petrol
13207,Suzuki Alto,Maruti,2003,42000,60000,Petrol
13208,Tiago Revotron,Tata,2017,400000,31000,Petrol
13209,Suzuki Swift,Maruti,2009,120000,90000,Diesel
13210,Suzuki Swift,Maruti,2009,120000,90000,Diesel
13211,Indigo eCS,Tata,2016,130000,150000,Diesel
13212,Beat LS,Chevrolet,2014,189000,31000,Diesel
13213,Xylo E8,Mahindra,2011,365000,43000,Diesel
13214,Eon D,Hyundai,2013,170000,20000,Petrol
13215,Sumo Gold,Tata,2013,215000,100000,Petrol
13216,Nano,Tata,2013,60000,7000,Petrol
13217,Elite i20,Hyundai,2017,599999,31000,Petrol
13218,i10 Magna,Hyundai,2009,400000,33000,Petrol
13219,Creta,Hyundai,2016,900000,60000,Diesel
13220,Polo,Volkswagen,2013,299999,48000,Diesel
13221,Suzuki Dzire,Maruti,2014,374999,33000,Petrol
13222,Bolt XM,Tata,2015,600000,15000,Petrol
13223,Suzuki Alto,Maruti,2005,70000,47000,Petrol
13224,Suzuki Alto,Maruti,2005,100000,40000,Petrol
13225,Suzuki Ritz,Maruti,2010,150000,38000,Diesel
13226,Suzuki Alto,Maruti,2017,225000,12500,Petrol
13227,Suzuki Dzire,Maruti,2009,210000,42000,Petrol
13228,i20 Asta,Hyundai,2014,425000,31000,Petrol
13229,Suzuki Swift,Maruti,2008,162000,60000,Diesel
13230,Indica V2,Tata,2005,60000,80000,Diesel
13231,Scorpio VLX,Mahindra,2014,650000,77000,Diesel
13232,Innova 2.5,Toyota,2012,750000,75000,Diesel
13233,Xylo E8,Mahindra,2010,375000,40000,Diesel
13234,i20 Magna,Hyundai,2011,230000,47000,Petrol
13235,Suzuki Omni,Maruti,2000,35999,60000,Petrol
13236,KUV100,Mahindra,2016,380000,26500,Petrol
13237,KUV100 K8,Mahindra,2019,560000,2875,Petrol
13238,Go Plus,Datsun,2016,285000,13900,Petrol
13239,Endeavor 4x4,Ford,2019,2900000,9000,Diesel
13240,Indica V2,Tata,2005,39999,80000,Diesel
13241,Santro Xing,Hyundai,2006,85000,60000,Petrol
13242,Suzuki Wagon,Maruti,2016,395000,20000,Petrol
13243,Suzuki Swift,Maruti,2008,175000,58000,Diesel
13244,Suzuki Alto,Maruti,2019,400000,1500,Petrol
13245,Innova 2.5,Toyota,2011,750000,75000,Diesel
13246,Suzuki Alto,Maruti,2016,250000,2450,Petrol
13247,Suzuki Alto,Maruti,2019,425000,1625,Petrol
13248,Polo Highline1.2L,Volkswagen,2017,525000,45000,Petrol
13249,Logan,Mahindra,2009,130000,65000,Diesel
13250,Suzuki 800,Maruti,2000,30000,33400,Petrol
13251,Scorpio,Mahindra,2011,475000,60123,Diesel
13252,Sail 1.2,Chevrolet,2013,300000,28000,Petrol
13253,Santro AE,Hyundai,2003,60000,70000,Petrol
13254,Suzuki Wagon,Maruti,2006,100000,7000,Petrol
13255,Eon,Hyundai,2018,260000,25000,Petrol
13256,Manza,Tata,2015,100000,100000,Diesel
13257,Etios G,Toyota,2013,265000,42000,Petrol
13258,Getz Prime,Hyundai,2009,115000,20000,Petrol
13259,Qualis,Toyota,2003,180000,100000,Diesel
13260,Santro Xing,Hyundai,2004,45000,137495,Petrol
13261,Indica eV2,Tata,2016,50500,91200,Diesel
13262,City 1.5,Honda,2009,270000,55000,Petrol
13263,Zest XE,Tata,2017,290000,120000,Diesel
13264,Quanto C4,Mahindra,2013,325000,63000,Diesel
13265,Indigo eCS,Tata,2016,160000,104000,Diesel
13266,Suzuki Swift,Maruti,2016,350000,146000,Diesel
13267,Elite i20,Hyundai,2011,290000,40000,Petrol
13268,i20 Select,Hyundai,2011,290000,40000,Petrol
13269,Tavera Neo,Chevrolet,2007,465000,100800,Diesel
13270,Suzuki Dzire,Maruti,2016,325000,150000,Diesel
13271,Elite i20,Hyundai,2018,510000,2100,Petrol
13272,City VX,Honda,2016,860000,95000,Petrol
13273,Suzuki Dzire,Maruti,2016,450000,2500,Diesel
13274,Getz,Hyundai,2006,125000,80000,Petrol
13275,Benz C,Mercedes,2006,500001,15000,Petrol
13276,Suzuki Alto,Maruti,2005,95000,65000,Petrol
13277,Suzuki Swift,Maruti,2009,250000,51000,Diesel
13278,Fabia,Skoda,2009,110000,45000,Petrol
13279,Suzuki Ritz,Maruti,2011,270000,50000,Petrol
13280,Indica V2,Tata,2009,110000,30000,Diesel
13281,Corolla Altis,Toyota,2009,300000,132000,Petrol
13282,Zest XM,Tata,2018,260000,27000,Diesel
13283,Quanto C8,Mahindra,2013,390000,40000,Diesel
